sensor,valor,unidade,status,timestamp,ciclo,tipo,nome,estado,codigo,severidade
TQ-MIX-TT,23.0,C,OK,2026-06-27 22:11:46,1,,,,,
TQ-MIX-LT,49.8,%,OK,2026-06-27 22:11:46,1,,,,,
TQ-MIX-PT,1.996,BAR,OK,2026-06-27 22:11:46,1,,,,,
RES-Q-TT,71.124,C,OK,2026-06-27 22:11:46,1,,,,,
RES-F-TT,18.8394,C,OK,2026-06-27 22:11:46,1,,,,,
,0.0,,,2026-06-27 22:11:46,1,atuador,BOMBA-Q,PRINCIPAL,,
,0.0,,,2026-06-27 22:11:46,1,atuador,BOMBA-F,PRINCIPAL,,
TQ-MIX-TT,23.0,C,OK,2026-06-27 22:11:54,2,,,,,
TQ-MIX-LT,49.6,%,OK,2026-06-27 22:11:54,2,,,,,
TQ-MIX-PT,1.992,BAR,OK,2026-06-27 22:11:54,2,,,,,
RES-Q-TT,72.3231,C,OK,2026-06-27 22:11:54,2,,,,,
RES-F-TT,17.935200000000002,C,OK,2026-06-27 22:11:54,2,,,,,
,0.0,,,2026-06-27 22:11:54,2,atuador,BOMBA-Q,PRINCIPAL,,
,0.0,,,2026-06-27 22:11:54,2,atuador,BOMBA-F,PRINCIPAL,,
TQ-MIX-TT,23.0,C,OK,2026-06-27 22:16:13,3,,,,,
TQ-MIX-LT,49.4,%,OK,2026-06-27 22:16:13,3,,,,,
TQ-MIX-PT,1.988,BAR,OK,2026-06-27 22:16:13,3,,,,,
RES-Q-TT,73.2754,C,OK,2026-06-27 22:16:13,3,,,,,
RES-F-TT,17.4023,C,OK,2026-06-27 22:16:13,3,,,,,
,0.0,,,2026-06-27 22:16:13,3,atuador,BOMBA-Q,PRINCIPAL,,
,0.0,,,2026-06-27 22:16:13,3,atuador,BOMBA-F,PRINCIPAL,,
TQ-MIX-TT,23.0,C,OK,2026-06-27 22:17:12,4,,,,,
TQ-MIX-LT,49.2,%,OK,2026-06-27 22:17:12,4,,,,,
TQ-MIX-PT,1.984,BAR,OK,2026-06-27 22:17:12,4,,,,,
RES-Q-TT,73.6176,C,OK,2026-06-27 22:17:12,4,,,,,
RES-F-TT,16.6792,C,OK,2026-06-27 22:17:12,4,,,,,
,0.0,,,2026-06-27 22:17:12,4,atuador,BOMBA-Q,PRINCIPAL,,
,0.0,,,2026-06-27 22:17:12,4,atuador,BOMBA-F,PRINCIPAL,,
TQ-MIX-TT,23.0,C,OK,2026-06-27 22:17:33,5,,,,,
TQ-MIX-LT,49.0,%,OK,2026-06-27 22:17:33,5,,,,,
TQ-MIX-PT,1.98,BAR,OK,2026-06-27 22:17:33,5,,,,,
RES-Q-TT,73.8848,C,OK,2026-06-27 22:17:33,5,,,,,
RES-F-TT,16.3973,C,OK,2026-06-27 22:17:33,5,,,,,
,0.0,,,2026-06-27 22:17:33,5,atuador,BOMBA-Q,PRINCIPAL,,
,0.0,,,2026-06-27 22:17:33,5,atuador,BOMBA-F,PRINCIPAL,,
TQ-MIX-TT,23.0,C,OK,2026-06-27 22:49:21,6,,,,,
TQ-MIX-LT,48.8,%,OK,2026-06-27 22:49:21,6,,,,,
TQ-MIX-PT,1.976,BAR,OK,2026-06-27 22:49:21,6,,,,,
RES-Q-TT,74.0999,C,OK,2026-06-27 22:49:21,6,,,,,
RES-F-TT,16.4783,C,OK,2026-06-27 22:49:21,6,,,,,
,0.0,,,2026-06-27 22:49:21,6,atuador,BOMBA-Q,PRINCIPAL,,
,0.0,,,2026-06-27 22:49:21,6,atuador,BOMBA-F,PRINCIPAL,,
TQ-MIX-TT,23.0,C,OK,2026-06-27 23:00:22,7,,,,,
TQ-MIX-LT,48.6,%,OK,2026-06-27 23:00:22,7,,,,,
TQ-MIX-PT,1.972,BAR,OK,2026-06-27 23:00:22,7,,,,,
RES-Q-TT,74.0275,C,OK,2026-06-27 23:00:22,7,,,,,
RES-F-TT,16.5727,C,OK,2026-06-27 23:00:22,7,,,,,
,0.0,,,2026-06-27 23:00:22,7,atuador,BOMBA-Q,PRINCIPAL,,
,0.0,,,2026-06-27 23:00:22,7,atuador,BOMBA-F,PRINCIPAL,,
TQ-MIX-TT,23.0,C,OK,2026-06-27 23:00:36,8,,,,,
TQ-MIX-LT,48.4,%,OK,2026-06-27 23:00:36,8,,,,,
TQ-MIX-PT,1.968,BAR,OK,2026-06-27 23:00:36,8,,,,,
RES-Q-TT,73.865,C,OK,2026-06-27 23:00:36,8,,,,,
RES-F-TT,16.4777,C,OK,2026-06-27 23:00:36,8,,,,,
,0.0,,,2026-06-27 23:00:36,8,atuador,BOMBA-Q,PRINCIPAL,,
,0.0,,,2026-06-27 23:00:36,8,atuador,BOMBA-F,PRINCIPAL,,
TQ-MIX-TT,23.0,C,OK,2026-06-27 23:01:11,9,,,,,
TQ-MIX-LT,48.2,%,OK,2026-06-27 23:01:11,9,,,,,
TQ-MIX-PT,1.964,BAR,OK,2026-06-27 23:01:11,9,,,,,
RES-Q-TT,74.0269,C,OK,2026-06-27 23:01:11,9,,,,,
RES-F-TT,16.676,C,OK,2026-06-27 23:01:11,9,,,,,
,0.0,,,2026-06-27 23:01:11,9,atuador,BOMBA-Q,PRINCIPAL,,
,0.0,,,2026-06-27 23:01:11,9,atuador,BOMBA-F,PRINCIPAL,,
TQ-MIX-TT,23.0,C,OK,2026-06-27 23:01:25,10,,,,,
TQ-MIX-LT,48.0,%,OK,2026-06-27 23:01:25,10,,,,,
TQ-MIX-PT,1.96,BAR,OK,2026-06-27 23:01:25,10,,,,,
RES-Q-TT,73.7499,C,OK,2026-06-27 23:01:25,10,,,,,
RES-F-TT,16.5197,C,OK,2026-06-27 23:01:25,10,,,,,
,0.0,,,2026-06-27 23:01:25,10,atuador,BOMBA-Q,PRINCIPAL,,
,0.0,,,2026-06-27 23:01:25,10,atuador,BOMBA-F,PRINCIPAL,,
TQ-MIX-TT,23.0,C,OK,2026-06-27 23:01:59,11,,,,,
TQ-MIX-LT,47.8,%,OK,2026-06-27 23:01:59,11,,,,,
TQ-MIX-PT,1.956,BAR,OK,2026-06-27 23:01:59,11,,,,,
RES-Q-TT,74.0095,C,OK,2026-06-27 23:01:59,11,,,,,
RES-F-TT,16.8157,C,OK,2026-06-27 23:01:59,11,,,,,
,0.0,,,2026-06-27 23:01:59,11,atuador,BOMBA-Q,PRINCIPAL,,
,0.0,,,2026-06-27 23:01:59,11,atuador,BOMBA-F,PRINCIPAL,,
TQ-MIX-TT,23.0,C,OK,2026-06-28 01:01:07,1,,,,,
TQ-MIX-LT,49.8,%,OK,2026-06-28 01:01:07,1,,,,,
TQ-MIX-PT,1.996,BAR,OK,2026-06-28 01:01:07,1,,,,,
RES-Q-TT,71.0825,C,OK,2026-06-28 01:01:07,1,,,,,
RES-F-TT,18.9486,C,OK,2026-06-28 01:01:07,1,,,,,
,0.0,,,2026-06-28 01:01:07,1,atuador,BOMBA-Q,PRINCIPAL,,
,0.0,,,2026-06-28 01:01:07,1,atuador,BOMBA-F,PRINCIPAL,,
TQ-MIX-TT,23.0,C,OK,2026-06-28 01:01:37,2,,,,,
TQ-MIX-LT,49.6,%,OK,2026-06-28 01:01:37,2,,,,,
TQ-MIX-PT,1.992,BAR,OK,2026-06-28 01:01:37,2,,,,,
RES-Q-TT,71.9928,C,OK,2026-06-28 01:01:37,2,,,,,
RES-F-TT,18.1255,C,OK,2026-06-28 01:01:37,2,,,,,
,0.0,,,2026-06-28 01:01:37,2,atuador,BOMBA-Q,PRINCIPAL,,
,0.0,,,2026-06-28 01:01:37,2,atuador,BOMBA-F,PRINCIPAL,,
TQ-MIX-TT,23.0,C,OK,2026-06-28 01:01:42,3,,,,,
TQ-MIX-LT,49.4,%,OK,2026-06-28 01:01:42,3,,,,,
TQ-MIX-PT,1.988,BAR,OK,2026-06-28 01:01:42,3,,,,,
RES-Q-TT,72.9027,C,OK,2026-06-28 01:01:42,3,,,,,
RES-F-TT,16.8323,C,OK,2026-06-28 01:01:42,3,,,,,
,0.0,,,2026-06-28 01:01:42,3,atuador,BOMBA-Q,PRINCIPAL,,
,0.0,,,2026-06-28 01:01:42,3,atuador,BOMBA-F,PRINCIPAL,,
TQ-MIX-TT,23.0,C,OK,2026-06-28 01:01:47,4,,,,,
TQ-MIX-LT,49.2,%,OK,2026-06-28 01:01:47,4,,,,,
TQ-MIX-PT,1.984,BAR,OK,2026-06-28 01:01:47,4,,,,,
RES-Q-TT,73.7508,C,OK,2026-06-28 01:01:47,4,,,,,
RES-F-TT,15.9679,C,OK,2026-06-28 01:01:47,4,,,,,
,0.0,,,2026-06-28 01:01:47,4,atuador,BOMBA-Q,PRINCIPAL,,
,0.0,,,2026-06-28 01:01:47,4,atuador,BOMBA-F,PRINCIPAL,,
TQ-MIX-TT,23.0,C,OK,2026-06-28 01:01:52,5,,,,,
TQ-MIX-LT,49.0,%,OK,2026-06-28 01:01:52,5,,,,,
TQ-MIX-PT,1.98,BAR,OK,2026-06-28 01:01:52,5,,,,,
RES-Q-TT,74.5145,C,OK,2026-06-28 01:01:52,5,,,,,
RES-F-TT,15.2544,C,OK,2026-06-28 01:01:52,5,,,,,
,0.0,,,2026-06-28 01:01:52,5,atuador,BOMBA-Q,PRINCIPAL,,
,0.0,,,2026-06-28 01:01:52,5,atuador,BOMBA-F,PRINCIPAL,,
TQ-MIX-TT,23.0,C,OK,2026-06-28 01:01:57,6,,,,,
TQ-MIX-LT,48.8,%,OK,2026-06-28 01:01:57,6,,,,,
TQ-MIX-PT,1.976,BAR,OK,2026-06-28 01:01:57,6,,,,,
RES-Q-TT,74.9821,C,OK,2026-06-28 01:01:57,6,,,,,
RES-F-TT,14.7626,C,OK,2026-06-28 01:01:57,6,,,,,
,0.0,,,2026-06-28 01:01:57,6,atuador,BOMBA-Q,PRINCIPAL,,
,0.0,,,2026-06-28 01:01:57,6,atuador,BOMBA-F,PRINCIPAL,,
TQ-MIX-TT,23.0,C,OK,2026-06-28 01:02:02,7,,,,,
TQ-MIX-LT,48.6,%,OK,2026-06-28 01:02:02,7,,,,,
TQ-MIX-PT,1.972,BAR,OK,2026-06-28 01:02:02,7,,,,,
RES-Q-TT,75.2782,C,OK,2026-06-28 01:02:02,7,,,,,
RES-F-TT,14.5667,C,OK,2026-06-28 01:02:02,7,,,,,
,0.0,,,2026-06-28 01:02:02,7,atuador,BOMBA-Q,PRINCIPAL,,
,0.0,,,2026-06-28 01:02:02,7,atuador,BOMBA-F,PRINCIPAL,,
TQ-MIX-TT,23.0,C,OK,2026-06-28 01:02:07,8,,,,,
TQ-MIX-LT,48.4,%,OK,2026-06-28 01:02:07,8,,,,,
TQ-MIX-PT,1.968,BAR,OK,2026-06-28 01:02:07,8,,,,,
RES-Q-TT,75.2994,C,OK,2026-06-28 01:02:07,8,,,,,
RES-F-TT,14.7683,C,OK,2026-06-28 01:02:07,8,,,,,
,0.0,,,2026-06-28 01:02:07,8,atuador,BOMBA-Q,PRINCIPAL,,
,0.0,,,2026-06-28 01:02:07,8,atuador,BOMBA-F,PRINCIPAL,,
TQ-MIX-TT,23.0,C,OK,2026-06-28 01:02:12,9,,,,,
TQ-MIX-LT,48.2,%,OK,2026-06-28 01:02:12,9,,,,,
TQ-MIX-PT,1.964,BAR,OK,2026-06-28 01:02:12,9,,,,,
RES-Q-TT,74.9475,C,OK,2026-06-28 01:02:12,9,,,,,
RES-F-TT,14.8077,C,OK,2026-06-28 01:02:12,9,,,,,
,0.0,,,2026-06-28 01:02:12,9,atuador,BOMBA-Q,PRINCIPAL,,
,0.0,,,2026-06-28 01:02:12,9,atuador,BOMBA-F,PRINCIPAL,,
TQ-MIX-TT,23.0,C,OK,2026-06-28 01:02:17,10,,,,,
TQ-MIX-LT,48.0,%,OK,2026-06-28 01:02:17,10,,,,,
TQ-MIX-PT,1.96,BAR,OK,2026-06-28 01:02:17,10,,,,,
RES-Q-TT,75.0347,C,OK,2026-06-28 01:02:17,10,,,,,
RES-F-TT,14.6314,C,OK,2026-06-28 01:02:17,10,,,,,
,0.0,,,2026-06-28 01:02:17,10,atuador,BOMBA-Q,PRINCIPAL,,
,0.0,,,2026-06-28 01:02:17,10,atuador,BOMBA-F,PRINCIPAL,,
TQ-MIX-TT,23.0,C,OK,2026-06-28 01:02:22,11,,,,,
TQ-MIX-LT,47.8,%,OK,2026-06-28 01:02:22,11,,,,,
TQ-MIX-PT,1.956,BAR,OK,2026-06-28 01:02:22,11,,,,,
RES-Q-TT,74.8166,C,OK,2026-06-28 01:02:22,11,,,,,
RES-F-TT,14.5179,C,OK,2026-06-28 01:02:22,11,,,,,
,0.0,,,2026-06-28 01:02:22,11,atuador,BOMBA-Q,PRINCIPAL,,
,0.0,,,2026-06-28 01:02:22,11,atuador,BOMBA-F,PRINCIPAL,,
TQ-MIX-TT,23.0,C,OK,2026-06-28 01:02:27,12,,,,,
TQ-MIX-LT,47.6,%,OK,2026-06-28 01:02:27,12,,,,,
TQ-MIX-PT,1.952,BAR,OK,2026-06-28 01:02:27,12,,,,,
RES-Q-TT,74.9134,C,OK,2026-06-28 01:02:27,12,,,,,
RES-F-TT,14.8033,C,OK,2026-06-28 01:02:27,12,,,,,
,0.0,,,2026-06-28 01:02:27,12,atuador,BOMBA-Q,PRINCIPAL,,
,0.0,,,2026-06-28 01:02:27,12,atuador,BOMBA-F,PRINCIPAL,,
TQ-MIX-TT,23.0,C,OK,2026-06-28 01:02:32,13,,,,,
TQ-MIX-LT,47.4,%,OK,2026-06-28 01:02:32,13,,,,,
TQ-MIX-PT,1.948,BAR,OK,2026-06-28 01:02:32,13,,,,,
RES-Q-TT,74.7349,C,OK,2026-06-28 01:02:32,13,,,,,
RES-F-TT,15.024,C,OK,2026-06-28 01:02:32,13,,,,,
,0.0,,,2026-06-28 01:02:32,13,atuador,BOMBA-Q,PRINCIPAL,,
,0.0,,,2026-06-28 01:02:32,13,atuador,BOMBA-F,PRINCIPAL,,
TQ-MIX-TT,23.0,C,OK,2026-06-28 01:02:37,14,,,,,
TQ-MIX-LT,47.2,%,OK,2026-06-28 01:02:37,14,,,,,
TQ-MIX-PT,1.944,BAR,OK,2026-06-28 01:02:37,14,,,,,
RES-Q-TT,74.461,C,OK,2026-06-28 01:02:37,14,,,,,
RES-F-TT,15.1019,C,OK,2026-06-28 01:02:37,14,,,,,
,0.0,,,2026-06-28 01:02:37,14,atuador,BOMBA-Q,PRINCIPAL,,
,0.0,,,2026-06-28 01:02:37,14,atuador,BOMBA-F,PRINCIPAL,,
TQ-MIX-TT,23.0,C,OK,2026-06-28 01:02:42,15,,,,,
TQ-MIX-LT,47.0,%,OK,2026-06-28 01:02:42,15,,,,,
TQ-MIX-PT,1.94,BAR,OK,2026-06-28 01:02:42,15,,,,,
RES-Q-TT,74.686,C,OK,2026-06-28 01:02:42,15,,,,,
RES-F-TT,15.3315,C,OK,2026-06-28 01:02:42,15,,,,,
,0.0,,,2026-06-28 01:02:42,15,atuador,BOMBA-Q,PRINCIPAL,,
,0.0,,,2026-06-28 01:02:42,15,atuador,BOMBA-F,PRINCIPAL,,
TQ-MIX-TT,23.0,C,OK,2026-06-28 01:02:47,16,,,,,
TQ-MIX-LT,46.8,%,OK,2026-06-28 01:02:47,16,,,,,
TQ-MIX-PT,1.936,BAR,OK,2026-06-28 01:02:47,16,,,,,
RES-Q-TT,74.8105,C,OK,2026-06-28 01:02:47,16,,,,,
RES-F-TT,15.4563,C,OK,2026-06-28 01:02:47,16,,,,,
,0.0,,,2026-06-28 01:02:47,16,atuador,BOMBA-Q,PRINCIPAL,,
,0.0,,,2026-06-28 01:02:47,16,atuador,BOMBA-F,PRINCIPAL,,
TQ-MIX-TT,23.0,C,OK,2026-06-28 01:02:52,17,,,,,
TQ-MIX-LT,46.6,%,OK,2026-06-28 01:02:52,17,,,,,
TQ-MIX-PT,1.932,BAR,OK,2026-06-28 01:02:52,17,,,,,
RES-Q-TT,74.8374,C,OK,2026-06-28 01:02:52,17,,,,,
RES-F-TT,15.7167,C,OK,2026-06-28 01:02:52,17,,,,,
,0.0,,,2026-06-28 01:02:52,17,atuador,BOMBA-Q,PRINCIPAL,,
,0.0,,,2026-06-28 01:02:52,17,atuador,BOMBA-F,PRINCIPAL,,
TQ-MIX-TT,23.0,C,OK,2026-06-28 01:02:57,18,,,,,
TQ-MIX-LT,46.4,%,OK,2026-06-28 01:02:57,18,,,,,
TQ-MIX-PT,1.928,BAR,OK,2026-06-28 01:02:57,18,,,,,
RES-Q-TT,74.602,C,OK,2026-06-28 01:02:57,18,,,,,
RES-F-TT,15.8091,C,OK,2026-06-28 01:02:57,18,,,,,
,0.0,,,2026-06-28 01:02:57,18,atuador,BOMBA-Q,PRINCIPAL,,
,0.0,,,2026-06-28 01:02:57,18,atuador,BOMBA-F,PRINCIPAL,,
TQ-MIX-TT,23.0,C,OK,2026-06-28 01:03:02,19,,,,,
TQ-MIX-LT,46.2,%,OK,2026-06-28 01:03:02,19,,,,,
TQ-MIX-PT,1.924,BAR,OK,2026-06-28 01:03:02,19,,,,,
RES-Q-TT,74.6526,C,OK,2026-06-28 01:03:02,19,,,,,
RES-F-TT,15.524,C,OK,2026-06-28 01:03:02,19,,,,,
,0.0,,,2026-06-28 01:03:02,19,atuador,BOMBA-Q,PRINCIPAL,,
,0.0,,,2026-06-28 01:03:02,19,atuador,BOMBA-F,PRINCIPAL,,
TQ-MIX-TT,23.0,C,OK,2026-06-28 01:03:07,20,,,,,
TQ-MIX-LT,46.0,%,OK,2026-06-28 01:03:07,20,,,,,
TQ-MIX-PT,1.92,BAR,OK,2026-06-28 01:03:07,20,,,,,
RES-Q-TT,74.6278,C,OK,2026-06-28 01:03:07,20,,,,,
RES-F-TT,15.3163,C,OK,2026-06-28 01:03:07,20,,,,,
,0.0,,,2026-06-28 01:03:07,20,atuador,BOMBA-Q,PRINCIPAL,,
,0.0,,,2026-06-28 01:03:07,20,atuador,BOMBA-F,PRINCIPAL,,
TQ-MIX-TT,23.0,C,OK,2026-06-28 01:03:12,21,,,,,
TQ-MIX-LT,45.8,%,OK,2026-06-28 01:03:12,21,,,,,
TQ-MIX-PT,1.916,BAR,OK,2026-06-28 01:03:12,21,,,,,
RES-Q-TT,74.5982,C,OK,2026-06-28 01:03:12,21,,,,,
RES-F-TT,15.4594,C,OK,2026-06-28 01:03:12,21,,,,,
,0.0,,,2026-06-28 01:03:12,21,atuador,BOMBA-Q,PRINCIPAL,,
,0.0,,,2026-06-28 01:03:12,21,atuador,BOMBA-F,PRINCIPAL,,
TQ-MIX-TT,15.5764,C,OK,2026-06-28 01:03:17,22,,,,,
TQ-MIX-LT,46.24,%,OK,2026-06-28 01:03:17,22,,,,,
TQ-MIX-PT,1.9248,BAR,OK,2026-06-28 01:03:17,22,,,,,
RES-Q-TT,74.5277,C,OK,2026-06-28 01:03:17,22,,,,,
RES-F-TT,15.5764,C,OK,2026-06-28 01:03:17,22,,,,,
,0.0,,,2026-06-28 01:03:17,22,atuador,BOMBA-Q,PRINCIPAL,,
,40.0,,,2026-06-28 01:03:17,22,atuador,BOMBA-F,PRINCIPAL,,
TQ-MIX-TT,15.5387,C,OK,2026-06-28 01:03:22,23,,,,,
TQ-MIX-LT,46.6,%,OK,2026-06-28 01:03:22,23,,,,,
TQ-MIX-PT,1.932,BAR,OK,2026-06-28 01:03:22,23,,,,,
RES-Q-TT,74.6967,C,OK,2026-06-28 01:03:22,23,,,,,
RES-F-TT,15.5387,C,OK,2026-06-28 01:03:22,23,,,,,
,0.0,,,2026-06-28 01:03:22,23,atuador,BOMBA-Q,PRINCIPAL,,
,40.0,,,2026-06-28 01:03:22,23,atuador,BOMBA-F,PRINCIPAL,,
TQ-MIX-TT,15.2762,C,OK,2026-06-28 01:03:27,24,,,,,
TQ-MIX-LT,46.88,%,OK,2026-06-28 01:03:27,24,,,,,
TQ-MIX-PT,1.9376,BAR,OK,2026-06-28 01:03:27,24,,,,,
RES-Q-TT,74.6785,C,OK,2026-06-28 01:03:27,24,,,,,
RES-F-TT,15.2762,C,OK,2026-06-28 01:03:27,24,,,,,
,0.0,,,2026-06-28 01:03:27,24,atuador,BOMBA-Q,PRINCIPAL,,
,40.0,,,2026-06-28 01:03:27,24,atuador,BOMBA-F,PRINCIPAL,,
TQ-MIX-TT,15.0956,C,OK,2026-06-28 01:03:32,25,,,,,
TQ-MIX-LT,47.08,%,OK,2026-06-28 01:03:32,25,,,,,
TQ-MIX-PT,1.9416,BAR,OK,2026-06-28 01:03:32,25,,,,,
RES-Q-TT,74.6662,C,OK,2026-06-28 01:03:32,25,,,,,
RES-F-TT,15.0956,C,OK,2026-06-28 01:03:32,25,,,,,
,0.0,,,2026-06-28 01:03:32,25,atuador,BOMBA-Q,PRINCIPAL,,
,40.0,,,2026-06-28 01:03:32,25,atuador,BOMBA-F,PRINCIPAL,,
TQ-MIX-TT,15.3121,C,OK,2026-06-28 01:03:37,26,,,,,
TQ-MIX-LT,47.2,%,OK,2026-06-28 01:03:37,26,,,,,
TQ-MIX-PT,1.944,BAR,OK,2026-06-28 01:03:37,26,,,,,
RES-Q-TT,74.7591,C,OK,2026-06-28 01:03:37,26,,,,,
RES-F-TT,15.3121,C,OK,2026-06-28 01:03:37,26,,,,,
,0.0,,,2026-06-28 01:03:37,26,atuador,BOMBA-Q,PRINCIPAL,,
,40.0,,,2026-06-28 01:03:37,26,atuador,BOMBA-F,PRINCIPAL,,
TQ-MIX-TT,15.3014,C,OK,2026-06-28 01:03:42,27,,,,,
TQ-MIX-LT,47.24,%,OK,2026-06-28 01:03:42,27,,,,,
TQ-MIX-PT,1.9448,BAR,OK,2026-06-28 01:03:42,27,,,,,
RES-Q-TT,75.0172,C,OK,2026-06-28 01:03:42,27,,,,,
RES-F-TT,15.3014,C,OK,2026-06-28 01:03:42,27,,,,,
,0.0,,,2026-06-28 01:03:42,27,atuador,BOMBA-Q,PRINCIPAL,,
,40.0,,,2026-06-28 01:03:42,27,atuador,BOMBA-F,PRINCIPAL,,
TQ-MIX-TT,15.4558,C,OK,2026-06-28 01:03:47,28,,,,,
TQ-MIX-LT,47.2,%,OK,2026-06-28 01:03:47,28,,,,,
TQ-MIX-PT,1.944,BAR,OK,2026-06-28 01:03:47,28,,,,,
RES-Q-TT,75.2361,C,OK,2026-06-28 01:03:47,28,,,,,
RES-F-TT,15.4558,C,OK,2026-06-28 01:03:47,28,,,,,
,0.0,,,2026-06-28 01:03:47,28,atuador,BOMBA-Q,PRINCIPAL,,
,40.0,,,2026-06-28 01:03:47,28,atuador,BOMBA-F,PRINCIPAL,,
TQ-MIX-TT,28.3564,C,OK,2026-06-28 10:21:16,1,leitura,,,,
TQ-MIX-LT,50.12,%,OK,2026-06-28 10:21:16,1,leitura,,,,
TQ-MIX-PT,2.0024,BAR,OK,2026-06-28 10:21:16,1,leitura,,,,
RES-Q-TT,70.9291,C,OK,2026-06-28 10:21:16,1,leitura,,,,
RES-F-TT,19.0112,C,OK,2026-06-28 10:21:16,1,leitura,,,,
,8.0,,,2026-06-28 10:21:16,1,atuador,BOMBA-Q,PRINCIPAL,,
,8.0,,,2026-06-28 10:21:16,1,atuador,BOMBA-F,PRINCIPAL,,
TQ-MIX-TT,30.6594,C,OK,2026-06-28 10:21:47,2,leitura,,,,
TQ-MIX-LT,50.752,%,OK,2026-06-28 10:21:47,2,leitura,,,,
TQ-MIX-PT,2.01504,BAR,OK,2026-06-28 10:21:47,2,leitura,,,,
RES-Q-TT,72.0096,C,OK,2026-06-28 10:21:47,2,leitura,,,,
RES-F-TT,18.2543,C,OK,2026-06-28 10:21:47,2,leitura,,,,
,28.0,,,2026-06-28 10:21:47,2,atuador,BOMBA-Q,PRINCIPAL,,
,40.0,,,2026-06-28 10:21:47,2,atuador,BOMBA-F,PRINCIPAL,,
TQ-MIX-TT,48.4765,C,OK,2026-06-28 10:21:52,3,leitura,,,,
TQ-MIX-LT,51.84,%,OK,2026-06-28 10:21:52,3,leitura,,,,
TQ-MIX-PT,2.0368,BAR,OK,2026-06-28 10:21:52,3,leitura,,,,
RES-Q-TT,72.5193,C,OK,2026-06-28 10:21:52,3,leitura,,,,
RES-F-TT,17.2209,C,OK,2026-06-28 10:21:52,3,leitura,,,,
,28.0,,,2026-06-28 10:21:52,3,atuador,BOMBA-Q,PRINCIPAL,,
,40.0,,,2026-06-28 10:21:52,3,atuador,BOMBA-F,PRINCIPAL,,
TQ-MIX-TT,51.3353,C,OK,2026-06-28 10:21:57,4,leitura,,,,
TQ-MIX-LT,52.904,%,OK,2026-06-28 10:21:57,4,leitura,,,,
TQ-MIX-PT,2.05808,BAR,OK,2026-06-28 10:21:57,4,leitura,,,,
RES-Q-TT,72.8719,C,OK,2026-06-28 10:21:57,4,leitura,,,,
RES-F-TT,16.1589,C,OK,2026-06-28 10:21:57,4,leitura,,,,
,28.0,,,2026-06-28 10:21:57,4,atuador,BOMBA-Q,PRINCIPAL,,
,28.0,,,2026-06-28 10:21:57,4,atuador,BOMBA-F,PRINCIPAL,,
TQ-MIX-TT,48.2087,C,OK,2026-06-28 10:22:02,5,leitura,,,,
TQ-MIX-LT,53.992,%,OK,2026-06-28 10:22:02,5,leitura,,,,
TQ-MIX-PT,2.07984,BAR,OK,2026-06-28 10:22:02,5,leitura,,,,
RES-Q-TT,73.1491,C,OK,2026-06-28 10:22:02,5,leitura,,,,
RES-F-TT,15.7862,C,OK,2026-06-28 10:22:02,5,leitura,,,,
,28.0,,,2026-06-28 10:22:02,5,atuador,BOMBA-Q,PRINCIPAL,,
,40.0,,,2026-06-28 10:22:02,5,atuador,BOMBA-F,PRINCIPAL,,
TQ-MIX-TT,51.3689,C,OK,2026-06-28 10:22:07,6,leitura,,,,
TQ-MIX-LT,55.056,%,OK,2026-06-28 10:22:07,6,leitura,,,,
TQ-MIX-PT,2.10112,BAR,OK,2026-06-28 10:22:07,6,leitura,,,,
RES-Q-TT,73.5694,C,OK,2026-06-28 10:22:07,6,leitura,,,,
RES-F-TT,15.1081,C,OK,2026-06-28 10:22:07,6,leitura,,,,
,28.0,,,2026-06-28 10:22:07,6,atuador,BOMBA-Q,PRINCIPAL,,
,28.0,,,2026-06-28 10:22:07,6,atuador,BOMBA-F,PRINCIPAL,,
TQ-MIX-TT,48.2523,C,OK,2026-06-28 10:22:12,7,leitura,,,,
TQ-MIX-LT,56.144,%,OK,2026-06-28 10:22:12,7,leitura,,,,
TQ-MIX-PT,2.12288,BAR,OK,2026-06-28 10:22:12,7,leitura,,,,
RES-Q-TT,73.7027,C,OK,2026-06-28 10:22:12,7,leitura,,,,
RES-F-TT,15.1667,C,OK,2026-06-28 10:22:12,7,leitura,,,,
,28.0,,,2026-06-28 10:22:12,7,atuador,BOMBA-Q,PRINCIPAL,,
,40.0,,,2026-06-28 10:22:12,7,atuador,BOMBA-F,PRINCIPAL,,
TQ-MIX-TT,51.5436,C,OK,2026-06-28 10:22:17,8,leitura,,,,
TQ-MIX-LT,57.208,%,OK,2026-06-28 10:22:17,8,leitura,,,,
TQ-MIX-PT,2.14416,BAR,OK,2026-06-28 10:22:17,8,leitura,,,,
RES-Q-TT,73.9513,C,OK,2026-06-28 10:22:17,8,leitura,,,,
RES-F-TT,14.9443,C,OK,2026-06-28 10:22:17,8,leitura,,,,
,28.0,,,2026-06-28 10:22:17,8,atuador,BOMBA-Q,PRINCIPAL,,
,28.0,,,2026-06-28 10:22:17,8,atuador,BOMBA-F,PRINCIPAL,,
TQ-MIX-TT,48.3978,C,OK,2026-06-28 10:22:22,9,leitura,,,,
TQ-MIX-LT,58.296,%,OK,2026-06-28 10:22:22,9,leitura,,,,
TQ-MIX-PT,2.16592,BAR,OK,2026-06-28 10:22:22,9,leitura,,,,
RES-Q-TT,73.9043,C,OK,2026-06-28 10:22:22,9,leitura,,,,
RES-F-TT,15.2393,C,OK,2026-06-28 10:22:22,9,leitura,,,,
,28.0,,,2026-06-28 10:22:22,9,atuador,BOMBA-Q,PRINCIPAL,,
,40.0,,,2026-06-28 10:22:22,9,atuador,BOMBA-F,PRINCIPAL,,
TQ-MIX-TT,51.4209,C,OK,2026-06-28 10:22:27,10,leitura,,,,
TQ-MIX-LT,59.36,%,OK,2026-06-28 10:22:27,10,leitura,,,,
TQ-MIX-PT,2.1872,BAR,OK,2026-06-28 10:22:27,10,leitura,,,,
RES-Q-TT,73.6513,C,OK,2026-06-28 10:22:27,10,leitura,,,,
RES-F-TT,15.1113,C,OK,2026-06-28 10:22:27,10,leitura,,,,
,28.0,,,2026-06-28 10:22:27,10,atuador,BOMBA-Q,PRINCIPAL,,
,28.0,,,2026-06-28 10:22:27,10,atuador,BOMBA-F,PRINCIPAL,,
TQ-MIX-TT,48.029,C,OK,2026-06-28 10:22:32,11,leitura,,,,
TQ-MIX-LT,60.448,%,OK,2026-06-28 10:22:32,11,leitura,,,,
TQ-MIX-PT,2.20896,BAR,OK,2026-06-28 10:22:32,11,leitura,,,,
RES-Q-TT,73.5727,C,OK,2026-06-28 10:22:32,11,leitura,,,,
RES-F-TT,14.8223,C,OK,2026-06-28 10:22:32,11,leitura,,,,
,28.0,,,2026-06-28 10:22:32,11,atuador,BOMBA-Q,PRINCIPAL,,
,40.0,,,2026-06-28 10:22:32,11,atuador,BOMBA-F,PRINCIPAL,,
TQ-MIX-TT,51.2731,C,OK,2026-06-28 10:22:37,12,leitura,,,,
TQ-MIX-LT,61.512,%,OK,2026-06-28 10:22:37,12,leitura,,,,
TQ-MIX-PT,2.23024,BAR,OK,2026-06-28 10:22:37,12,leitura,,,,
RES-Q-TT,73.6432,C,OK,2026-06-28 10:22:37,12,leitura,,,,
RES-F-TT,14.7354,C,OK,2026-06-28 10:22:37,12,leitura,,,,
,28.0,,,2026-06-28 10:22:37,12,atuador,BOMBA-Q,PRINCIPAL,,
,28.0,,,2026-06-28 10:22:37,12,atuador,BOMBA-F,PRINCIPAL,,
TQ-MIX-TT,47.9055,C,OK,2026-06-28 10:22:42,13,leitura,,,,
TQ-MIX-LT,62.6,%,OK,2026-06-28 10:22:42,13,leitura,,,,
TQ-MIX-PT,2.252,BAR,OK,2026-06-28 10:22:42,13,leitura,,,,
RES-Q-TT,73.4679,C,OK,2026-06-28 10:22:42,13,leitura,,,,
RES-F-TT,14.6743,C,OK,2026-06-28 10:22:42,13,leitura,,,,
,28.0,,,2026-06-28 10:22:42,13,atuador,BOMBA-Q,PRINCIPAL,,
,40.0,,,2026-06-28 10:22:42,13,atuador,BOMBA-F,PRINCIPAL,,
TQ-MIX-TT,50.9881,C,OK,2026-06-28 10:22:47,14,leitura,,,,
TQ-MIX-LT,63.664,%,OK,2026-06-28 10:22:47,14,leitura,,,,
TQ-MIX-PT,2.27328,BAR,OK,2026-06-28 10:22:47,14,leitura,,,,
RES-Q-TT,73.2505,C,OK,2026-06-28 10:22:47,14,leitura,,,,
RES-F-TT,14.6264,C,OK,2026-06-28 10:22:47,14,leitura,,,,
,28.0,,,2026-06-28 10:22:47,14,atuador,BOMBA-Q,PRINCIPAL,,
,40.0,,,2026-06-28 10:22:47,14,atuador,BOMBA-F,PRINCIPAL,,
TQ-MIX-TT,60.7628,C,OK,2026-06-28 10:33:33,1,leitura,,,,
TQ-MIX-LT,50.12,%,OK,2026-06-28 10:33:33,1,leitura,,,,
TQ-MIX-PT,2.0024,BAR,OK,2026-06-28 10:33:33,1,leitura,,,,
RES-Q-TT,71.2386,C,OK,2026-06-28 10:33:33,1,leitura,,,,
RES-F-TT,18.8595,C,OK,2026-06-28 10:33:33,1,leitura,,,,
,8.0,,,2026-06-28 10:33:33,1,atuador,BOMBA-Q,PRINCIPAL,,
,8.0,,,2026-06-28 10:33:33,1,atuador,BOMBA-F,PRINCIPAL,,
TQ-MIX-TT,30.1891,C,OK,2026-06-28 10:33:36,2,leitura,,,,
TQ-MIX-LT,50.752,%,OK,2026-06-28 10:33:36,2,leitura,,,,
TQ-MIX-PT,2.01504,BAR,OK,2026-06-28 10:33:36,2,leitura,,,,
RES-Q-TT,72.2581,C,OK,2026-06-28 10:33:36,2,leitura,,,,
RES-F-TT,17.5685,C,OK,2026-06-28 10:33:36,2,leitura,,,,
,28.0,,,2026-06-28 10:33:36,2,atuador,BOMBA-Q,PRINCIPAL,,
,40.0,,,2026-06-28 10:33:36,2,atuador,BOMBA-F,PRINCIPAL,,
TQ-MIX-TT,48.403,C,OK,2026-06-28 10:33:41,3,leitura,,,,
TQ-MIX-LT,51.84,%,OK,2026-06-28 10:33:41,3,leitura,,,,
TQ-MIX-PT,2.0368,BAR,OK,2026-06-28 10:33:41,3,leitura,,,,
RES-Q-TT,72.7764,C,OK,2026-06-28 10:33:41,3,leitura,,,,
RES-F-TT,16.7176,C,OK,2026-06-28 10:33:41,3,leitura,,,,
,28.0,,,2026-06-28 10:33:41,3,atuador,BOMBA-Q,PRINCIPAL,,
,40.0,,,2026-06-28 10:33:41,3,atuador,BOMBA-F,PRINCIPAL,,
TQ-MIX-TT,51.7843,C,OK,2026-06-28 10:33:46,4,leitura,,,,
TQ-MIX-LT,52.904,%,OK,2026-06-28 10:33:46,4,leitura,,,,
TQ-MIX-PT,2.05808,BAR,OK,2026-06-28 10:33:46,4,leitura,,,,
RES-Q-TT,73.5176,C,OK,2026-06-28 10:33:46,4,leitura,,,,
RES-F-TT,16.2865,C,OK,2026-06-28 10:33:46,4,leitura,,,,
,28.0,,,2026-06-28 10:33:46,4,atuador,BOMBA-Q,PRINCIPAL,,
,28.0,,,2026-06-28 10:33:46,4,atuador,BOMBA-F,PRINCIPAL,,
TQ-MIX-TT,48.5335,C,OK,2026-06-28 10:33:51,5,leitura,,,,
TQ-MIX-LT,53.992,%,OK,2026-06-28 10:33:51,5,leitura,,,,
TQ-MIX-PT,2.07984,BAR,OK,2026-06-28 10:33:51,5,leitura,,,,
RES-Q-TT,73.6576,C,OK,2026-06-28 10:33:51,5,leitura,,,,
RES-F-TT,15.872,C,OK,2026-06-28 10:33:51,5,leitura,,,,
,28.0,,,2026-06-28 10:33:51,5,atuador,BOMBA-Q,PRINCIPAL,,
,40.0,,,2026-06-28 10:33:51,5,atuador,BOMBA-F,PRINCIPAL,,
TQ-MIX-TT,51.6044,C,OK,2026-06-28 10:33:56,6,leitura,,,,
TQ-MIX-LT,55.056,%,OK,2026-06-28 10:33:56,6,leitura,,,,
TQ-MIX-PT,2.10112,BAR,OK,2026-06-28 10:33:56,6,leitura,,,,
RES-Q-TT,73.5959,C,OK,2026-06-28 10:33:56,6,leitura,,,,
RES-F-TT,15.685,C,OK,2026-06-28 10:33:56,6,leitura,,,,
,28.0,,,2026-06-28 10:33:56,6,atuador,BOMBA-Q,PRINCIPAL,,
,28.0,,,2026-06-28 10:33:56,6,atuador,BOMBA-F,PRINCIPAL,,
TQ-MIX-TT,48.4377,C,OK,2026-06-28 10:34:01,7,leitura,,,,
TQ-MIX-LT,56.144,%,OK,2026-06-28 10:34:01,7,leitura,,,,
TQ-MIX-PT,2.12288,BAR,OK,2026-06-28 10:34:01,7,leitura,,,,
RES-Q-TT,73.4118,C,OK,2026-06-28 10:34:01,7,leitura,,,,
RES-F-TT,15.9715,C,OK,2026-06-28 10:34:01,7,leitura,,,,
,28.0,,,2026-06-28 10:34:01,7,atuador,BOMBA-Q,PRINCIPAL,,
,40.0,,,2026-06-28 10:34:01,7,atuador,BOMBA-F,PRINCIPAL,,
TQ-MIX-TT,51.7302,C,OK,2026-06-28 10:34:06,8,leitura,,,,
TQ-MIX-LT,57.208,%,OK,2026-06-28 10:34:06,8,leitura,,,,
TQ-MIX-PT,2.14416,BAR,OK,2026-06-28 10:34:06,8,leitura,,,,
RES-Q-TT,73.4681,C,OK,2026-06-28 10:34:06,8,leitura,,,,
RES-F-TT,16.225,C,OK,2026-06-28 10:34:06,8,leitura,,,,
,28.0,,,2026-06-28 10:34:06,8,atuador,BOMBA-Q,PRINCIPAL,,
,28.0,,,2026-06-28 10:34:06,8,atuador,BOMBA-F,PRINCIPAL,,
TQ-MIX-TT,48.5976,C,OK,2026-06-28 10:34:11,9,leitura,,,,
TQ-MIX-LT,58.296,%,OK,2026-06-28 10:34:11,9,leitura,,,,
TQ-MIX-PT,2.16592,BAR,OK,2026-06-28 10:34:11,9,leitura,,,,
RES-Q-TT,73.6518,C,OK,2026-06-28 10:34:11,9,leitura,,,,
RES-F-TT,16.027,C,OK,2026-06-28 10:34:11,9,leitura,,,,
,28.0,,,2026-06-28 10:34:11,9,atuador,BOMBA-Q,PRINCIPAL,,
,40.0,,,2026-06-28 10:34:11,9,atuador,BOMBA-F,PRINCIPAL,,
TQ-MIX-TT,51.7924,C,OK,2026-06-28 10:34:16,10,leitura,,,,
TQ-MIX-LT,59.36,%,OK,2026-06-28 10:34:16,10,leitura,,,,
TQ-MIX-PT,2.1872,BAR,OK,2026-06-28 10:34:16,10,leitura,,,,
RES-Q-TT,73.7916,C,OK,2026-06-28 10:34:16,10,leitura,,,,
RES-F-TT,15.8602,C,OK,2026-06-28 10:34:16,10,leitura,,,,
,28.0,,,2026-06-28 10:34:16,10,atuador,BOMBA-Q,PRINCIPAL,,
,28.0,,,2026-06-28 10:34:16,10,atuador,BOMBA-F,PRINCIPAL,,
TQ-MIX-TT,48.4622,C,OK,2026-06-28 10:34:21,11,leitura,,,,
TQ-MIX-LT,60.448,%,OK,2026-06-28 10:34:21,11,leitura,,,,
TQ-MIX-PT,2.20896,BAR,OK,2026-06-28 10:34:21,11,leitura,,,,
RES-Q-TT,73.7455,C,OK,2026-06-28 10:34:21,11,leitura,,,,
RES-F-TT,15.594,C,OK,2026-06-28 10:34:21,11,leitura,,,,
,28.0,,,2026-06-28 10:34:21,11,atuador,BOMBA-Q,PRINCIPAL,,
,40.0,,,2026-06-28 10:34:21,11,atuador,BOMBA-F,PRINCIPAL,,
TQ-MIX-TT,51.6284,C,OK,2026-06-28 10:34:26,12,leitura,,,,
TQ-MIX-LT,61.512,%,OK,2026-06-28 10:34:26,12,leitura,,,,
TQ-MIX-PT,2.23024,BAR,OK,2026-06-28 10:34:26,12,leitura,,,,
RES-Q-TT,73.6875,C,OK,2026-06-28 10:34:26,12,leitura,,,,
RES-F-TT,15.5987,C,OK,2026-06-28 10:34:26,12,leitura,,,,
,28.0,,,2026-06-28 10:34:26,12,atuador,BOMBA-Q,PRINCIPAL,,
,28.0,,,2026-06-28 10:34:26,12,atuador,BOMBA-F,PRINCIPAL,,
TQ-MIX-TT,48.3604,C,OK,2026-06-28 10:34:31,13,leitura,,,,
TQ-MIX-LT,62.6,%,OK,2026-06-28 10:34:31,13,leitura,,,,
TQ-MIX-PT,2.252,BAR,OK,2026-06-28 10:34:31,13,leitura,,,,
RES-Q-TT,73.6302,C,OK,2026-06-28 10:34:31,13,leitura,,,,
RES-F-TT,15.5097,C,OK,2026-06-28 10:34:31,13,leitura,,,,
,28.0,,,2026-06-28 10:34:31,13,atuador,BOMBA-Q,PRINCIPAL,,
,40.0,,,2026-06-28 10:34:31,13,atuador,BOMBA-F,PRINCIPAL,,
TQ-MIX-TT,51.5612,C,OK,2026-06-28 10:34:36,14,leitura,,,,
TQ-MIX-LT,63.664,%,OK,2026-06-28 10:34:36,14,leitura,,,,
TQ-MIX-PT,2.27328,BAR,OK,2026-06-28 10:34:36,14,leitura,,,,
RES-Q-TT,73.6445,C,OK,2026-06-28 10:34:36,14,leitura,,,,
RES-F-TT,15.4919,C,OK,2026-06-28 10:34:36,14,leitura,,,,
,28.0,,,2026-06-28 10:34:36,14,atuador,BOMBA-Q,PRINCIPAL,,
,28.0,,,2026-06-28 10:34:36,14,atuador,BOMBA-F,PRINCIPAL,,
TQ-MIX-TT,48.502,C,OK,2026-06-28 10:34:41,15,leitura,,,,
TQ-MIX-LT,64.752,%,OK,2026-06-28 10:34:41,15,leitura,,,,
TQ-MIX-PT,2.29504,BAR,OK,2026-06-28 10:34:41,15,leitura,,,,
RES-Q-TT,73.8098,C,OK,2026-06-28 10:34:41,15,leitura,,,,
RES-F-TT,15.6019,C,OK,2026-06-28 10:34:41,15,leitura,,,,
,28.0,,,2026-06-28 10:34:41,15,atuador,BOMBA-Q,PRINCIPAL,,
,40.0,,,2026-06-28 10:34:41,15,atuador,BOMBA-F,PRINCIPAL,,
TQ-MIX-TT,51.5391,C,OK,2026-06-28 10:34:46,16,leitura,,,,
TQ-MIX-LT,65.816,%,OK,2026-06-28 10:34:46,16,leitura,,,,
TQ-MIX-PT,2.31632,BAR,OK,2026-06-28 10:34:46,16,leitura,,,,
RES-Q-TT,73.5184,C,OK,2026-06-28 10:34:46,16,leitura,,,,
RES-F-TT,15.6396,C,OK,2026-06-28 10:34:46,16,leitura,,,,
,28.0,,,2026-06-28 10:34:46,16,atuador,BOMBA-Q,PRINCIPAL,,
,28.0,,,2026-06-28 10:34:46,16,atuador,BOMBA-F,PRINCIPAL,,
TQ-MIX-TT,48.3748,C,OK,2026-06-28 10:34:51,17,leitura,,,,
TQ-MIX-LT,66.904,%,OK,2026-06-28 10:34:51,17,leitura,,,,
TQ-MIX-PT,2.33808,BAR,OK,2026-06-28 10:34:51,17,leitura,,,,
RES-Q-TT,73.6685,C,OK,2026-06-28 10:34:51,17,leitura,,,,
RES-F-TT,15.4929,C,OK,2026-06-28 10:34:51,17,leitura,,,,
,28.0,,,2026-06-28 10:34:51,17,atuador,BOMBA-Q,PRINCIPAL,,
,40.0,,,2026-06-28 10:34:51,17,atuador,BOMBA-F,PRINCIPAL,,
TQ-MIX-TT,51.5854,C,OK,2026-06-28 10:34:56,18,leitura,,,,
TQ-MIX-LT,67.968,%,OK,2026-06-28 10:34:56,18,leitura,,,,
TQ-MIX-PT,2.35936,BAR,OK,2026-06-28 10:34:56,18,leitura,,,,
RES-Q-TT,73.5668,C,OK,2026-06-28 10:34:56,18,leitura,,,,
RES-F-TT,15.6824,C,OK,2026-06-28 10:34:56,18,leitura,,,,
,28.0,,,2026-06-28 10:34:56,18,atuador,BOMBA-Q,PRINCIPAL,,
,28.0,,,2026-06-28 10:34:56,18,atuador,BOMBA-F,PRINCIPAL,,
TQ-MIX-TT,48.5499,C,OK,2026-06-28 10:35:01,19,leitura,,,,
TQ-MIX-LT,69.056,%,OK,2026-06-28 10:35:01,19,leitura,,,,
TQ-MIX-PT,2.38112,BAR,OK,2026-06-28 10:35:01,19,leitura,,,,
RES-Q-TT,73.6091,C,OK,2026-06-28 10:35:01,19,leitura,,,,
RES-F-TT,15.9731,C,OK,2026-06-28 10:35:01,19,leitura,,,,
,28.0,,,2026-06-28 10:35:01,19,atuador,BOMBA-Q,PRINCIPAL,,
,40.0,,,2026-06-28 10:35:01,19,atuador,BOMBA-F,PRINCIPAL,,
TQ-MIX-TT,19.8516,C,OK,2026-06-28 10:36:11,1,leitura,,,,
TQ-MIX-LT,50.12,%,OK,2026-06-28 10:36:11,1,leitura,,,,
TQ-MIX-PT,2.0024,BAR,OK,2026-06-28 10:36:11,1,leitura,,,,
RES-Q-TT,70.9852,C,OK,2026-06-28 10:36:11,1,leitura,,,,
RES-F-TT,18.8081,C,OK,2026-06-28 10:36:11,1,leitura,,,,
,8.0,,,2026-06-28 10:36:11,1,atuador,BOMBA-Q,PRINCIPAL,,
,28.0,,,2026-06-28 10:36:11,1,atuador,BOMBA-F,PRINCIPAL,,
TQ-MIX-TT,30.5116,C,OK,2026-06-28 10:36:14,2,leitura,,,,
TQ-MIX-LT,50.752,%,OK,2026-06-28 10:36:14,2,leitura,,,,
TQ-MIX-PT,2.01504,BAR,OK,2026-06-28 10:36:14,2,leitura,,,,
RES-Q-TT,72.0764,C,OK,2026-06-28 10:36:14,2,leitura,,,,
RES-F-TT,18.0422,C,OK,2026-06-28 10:36:14,2,leitura,,,,
,28.0,,,2026-06-28 10:36:14,2,atuador,BOMBA-Q,PRINCIPAL,,
,40.0,,,2026-06-28 10:36:14,2,atuador,BOMBA-F,PRINCIPAL,,
TQ-MIX-TT,48.8801,C,OK,2026-06-28 10:36:17,3,leitura,,,,
TQ-MIX-LT,51.84,%,OK,2026-06-28 10:36:17,3,leitura,,,,
TQ-MIX-PT,2.0368,BAR,OK,2026-06-28 10:36:17,3,leitura,,,,
RES-Q-TT,73.1639,C,OK,2026-06-28 10:36:17,3,leitura,,,,
RES-F-TT,17.3112,C,OK,2026-06-28 10:36:17,3,leitura,,,,
,28.0,,,2026-06-28 10:36:17,3,atuador,BOMBA-Q,PRINCIPAL,,
,40.0,,,2026-06-28 10:36:17,3,atuador,BOMBA-F,PRINCIPAL,,
TQ-MIX-TT,51.9908,C,OK,2026-06-28 10:36:20,4,leitura,,,,
TQ-MIX-LT,52.904,%,OK,2026-06-28 10:36:20,4,leitura,,,,
TQ-MIX-PT,2.05808,BAR,OK,2026-06-28 10:36:20,4,leitura,,,,
RES-Q-TT,73.7217,C,OK,2026-06-28 10:36:20,4,leitura,,,,
RES-F-TT,16.497,C,OK,2026-06-28 10:36:20,4,leitura,,,,
,28.0,,,2026-06-28 10:36:20,4,atuador,BOMBA-Q,PRINCIPAL,,
,28.0,,,2026-06-28 10:36:20,4,atuador,BOMBA-F,PRINCIPAL,,
TQ-MIX-TT,48.9741,C,OK,2026-06-28 10:36:23,5,leitura,,,,
TQ-MIX-LT,53.992,%,OK,2026-06-28 10:36:23,5,leitura,,,,
TQ-MIX-PT,2.07984,BAR,OK,2026-06-28 10:36:23,5,leitura,,,,
RES-Q-TT,74.3091,C,OK,2026-06-28 10:36:23,5,leitura,,,,
RES-F-TT,16.0385,C,OK,2026-06-28 10:36:23,5,leitura,,,,
,28.0,,,2026-06-28 10:36:23,5,atuador,BOMBA-Q,PRINCIPAL,,
,40.0,,,2026-06-28 10:36:23,5,atuador,BOMBA-F,PRINCIPAL,,
TQ-MIX-TT,52.1161,C,OK,2026-06-28 10:36:26,6,leitura,,,,
TQ-MIX-LT,55.056,%,OK,2026-06-28 10:36:26,6,leitura,,,,
TQ-MIX-PT,2.10112,BAR,OK,2026-06-28 10:36:26,6,leitura,,,,
RES-Q-TT,74.6149,C,OK,2026-06-28 10:36:26,6,leitura,,,,
RES-F-TT,15.368,C,OK,2026-06-28 10:36:26,6,leitura,,,,
,28.0,,,2026-06-28 10:36:26,6,atuador,BOMBA-Q,PRINCIPAL,,
,28.0,,,2026-06-28 10:36:26,6,atuador,BOMBA-F,PRINCIPAL,,
TQ-MIX-TT,48.6498,C,OK,2026-06-28 10:36:29,7,leitura,,,,
TQ-MIX-LT,56.144,%,OK,2026-06-28 10:36:29,7,leitura,,,,
TQ-MIX-PT,2.12288,BAR,OK,2026-06-28 10:36:29,7,leitura,,,,
RES-Q-TT,74.5934,C,OK,2026-06-28 10:36:29,7,leitura,,,,
RES-F-TT,14.9231,C,OK,2026-06-28 10:36:29,7,leitura,,,,
,28.0,,,2026-06-28 10:36:29,7,atuador,BOMBA-Q,PRINCIPAL,,
,40.0,,,2026-06-28 10:36:29,7,atuador,BOMBA-F,PRINCIPAL,,
TQ-MIX-TT,51.8227,C,OK,2026-06-28 10:36:32,8,leitura,,,,
TQ-MIX-LT,57.208,%,OK,2026-06-28 10:36:32,8,leitura,,,,
TQ-MIX-PT,2.14416,BAR,OK,2026-06-28 10:36:32,8,leitura,,,,
RES-Q-TT,74.5114,C,OK,2026-06-28 10:36:32,8,leitura,,,,
RES-F-TT,14.7645,C,OK,2026-06-28 10:36:32,8,leitura,,,,
,28.0,,,2026-06-28 10:36:32,8,atuador,BOMBA-Q,PRINCIPAL,,
,28.0,,,2026-06-28 10:36:32,8,atuador,BOMBA-F,PRINCIPAL,,
TQ-MIX-TT,48.4424,C,OK,2026-06-28 10:36:35,9,leitura,,,,
TQ-MIX-LT,58.296,%,OK,2026-06-28 10:36:35,9,leitura,,,,
TQ-MIX-PT,2.16592,BAR,OK,2026-06-28 10:36:35,9,leitura,,,,
RES-Q-TT,74.5399,C,OK,2026-06-28 10:36:35,9,leitura,,,,
RES-F-TT,14.5157,C,OK,2026-06-28 10:36:35,9,leitura,,,,
,28.0,,,2026-06-28 10:36:35,9,atuador,BOMBA-Q,PRINCIPAL,,
,40.0,,,2026-06-28 10:36:35,9,atuador,BOMBA-F,PRINCIPAL,,
TQ-MIX-TT,51.7067,C,OK,2026-06-28 10:36:38,10,leitura,,,,
TQ-MIX-LT,59.36,%,OK,2026-06-28 10:36:38,10,leitura,,,,
TQ-MIX-PT,2.1872,BAR,OK,2026-06-28 10:36:38,10,leitura,,,,
RES-Q-TT,74.4365,C,OK,2026-06-28 10:36:38,10,leitura,,,,
RES-F-TT,14.5813,C,OK,2026-06-28 10:36:38,10,leitura,,,,
,28.0,,,2026-06-28 10:36:38,10,atuador,BOMBA-Q,PRINCIPAL,,
,28.0,,,2026-06-28 10:36:38,10,atuador,BOMBA-F,PRINCIPAL,,
TQ-MIX-TT,48.5696,C,OK,2026-06-28 10:36:41,11,leitura,,,,
TQ-MIX-LT,60.448,%,OK,2026-06-28 10:36:41,11,leitura,,,,
TQ-MIX-PT,2.20896,BAR,OK,2026-06-28 10:36:41,11,leitura,,,,
RES-Q-TT,74.6291,C,OK,2026-06-28 10:36:41,11,leitura,,,,
RES-F-TT,14.6923,C,OK,2026-06-28 10:36:41,11,leitura,,,,
,28.0,,,2026-06-28 10:36:41,11,atuador,BOMBA-Q,PRINCIPAL,,
,40.0,,,2026-06-28 10:36:41,11,atuador,BOMBA-F,PRINCIPAL,,
TQ-MIX-TT,51.8865,C,OK,2026-06-28 10:36:44,12,leitura,,,,
TQ-MIX-LT,61.512,%,OK,2026-06-28 10:36:44,12,leitura,,,,
TQ-MIX-PT,2.23024,BAR,OK,2026-06-28 10:36:44,12,leitura,,,,
RES-Q-TT,74.8154,C,OK,2026-06-28 10:36:44,12,leitura,,,,
RES-F-TT,14.4361,C,OK,2026-06-28 10:36:44,12,leitura,,,,
,28.0,,,2026-06-28 10:36:44,12,atuador,BOMBA-Q,PRINCIPAL,,
,28.0,,,2026-06-28 10:36:44,12,atuador,BOMBA-F,PRINCIPAL,,
TQ-MIX-TT,48.4386,C,OK,2026-06-28 10:36:47,13,leitura,,,,
TQ-MIX-LT,62.6,%,OK,2026-06-28 10:36:47,13,leitura,,,,
TQ-MIX-PT,2.252,BAR,OK,2026-06-28 10:36:47,13,leitura,,,,
RES-Q-TT,74.5196,C,OK,2026-06-28 10:36:47,13,leitura,,,,
RES-F-TT,14.5334,C,OK,2026-06-28 10:36:47,13,leitura,,,,
,28.0,,,2026-06-28 10:36:47,13,atuador,BOMBA-Q,PRINCIPAL,,
,40.0,,,2026-06-28 10:36:47,13,atuador,BOMBA-F,PRINCIPAL,,
TQ-MIX-TT,51.6193,C,OK,2026-06-28 10:36:50,14,leitura,,,,
TQ-MIX-LT,63.664,%,OK,2026-06-28 10:36:50,14,leitura,,,,
TQ-MIX-PT,2.27328,BAR,OK,2026-06-28 10:36:50,14,leitura,,,,
RES-Q-TT,74.322,C,OK,2026-06-28 10:36:50,14,leitura,,,,
RES-F-TT,14.5381,C,OK,2026-06-28 10:36:50,14,leitura,,,,
,28.0,,,2026-06-28 10:36:50,14,atuador,BOMBA-Q,PRINCIPAL,,
,28.0,,,2026-06-28 10:36:50,14,atuador,BOMBA-F,PRINCIPAL,,
TQ-MIX-TT,48.1606,C,OK,2026-06-28 10:36:53,15,leitura,,,,
TQ-MIX-LT,64.752,%,OK,2026-06-28 10:36:53,15,leitura,,,,
TQ-MIX-PT,2.29504,BAR,OK,2026-06-28 10:36:53,15,leitura,,,,
RES-Q-TT,74.1233,C,OK,2026-06-28 10:36:53,15,leitura,,,,
RES-F-TT,14.4092,C,OK,2026-06-28 10:36:53,15,leitura,,,,
,28.0,,,2026-06-28 10:36:53,15,atuador,BOMBA-Q,PRINCIPAL,,
,40.0,,,2026-06-28 10:36:53,15,atuador,BOMBA-F,PRINCIPAL,,
TQ-MIX-TT,51.3793,C,OK,2026-06-28 10:36:56,16,leitura,,,,
TQ-MIX-LT,65.816,%,OK,2026-06-28 10:36:56,16,leitura,,,,
TQ-MIX-PT,2.31632,BAR,OK,2026-06-28 10:36:56,16,leitura,,,,
RES-Q-TT,74.1177,C,OK,2026-06-28 10:36:56,16,leitura,,,,
RES-F-TT,14.2399,C,OK,2026-06-28 10:36:56,16,leitura,,,,
,28.0,,,2026-06-28 10:36:56,16,atuador,BOMBA-Q,PRINCIPAL,,
,28.0,,,2026-06-28 10:36:56,16,atuador,BOMBA-F,PRINCIPAL,,
TQ-MIX-TT,48.1689,C,OK,2026-06-28 10:36:59,17,leitura,,,,
TQ-MIX-LT,66.904,%,OK,2026-06-28 10:36:59,17,leitura,,,,
TQ-MIX-PT,2.33808,BAR,OK,2026-06-28 10:36:59,17,leitura,,,,
RES-Q-TT,74.1801,C,OK,2026-06-28 10:36:59,17,leitura,,,,
RES-F-TT,14.3543,C,OK,2026-06-28 10:36:59,17,leitura,,,,
,28.0,,,2026-06-28 10:36:59,17,atuador,BOMBA-Q,PRINCIPAL,,
,40.0,,,2026-06-28 10:36:59,17,atuador,BOMBA-F,PRINCIPAL,,
TQ-MIX-TT,51.4057,C,OK,2026-06-28 10:37:02,18,leitura,,,,
TQ-MIX-LT,67.968,%,OK,2026-06-28 10:37:02,18,leitura,,,,
TQ-MIX-PT,2.35936,BAR,OK,2026-06-28 10:37:02,18,leitura,,,,
RES-Q-TT,74.2281,C,OK,2026-06-28 10:37:02,18,leitura,,,,
RES-F-TT,14.1291,C,OK,2026-06-28 10:37:02,18,leitura,,,,
,28.0,,,2026-06-28 10:37:02,18,atuador,BOMBA-Q,PRINCIPAL,,
,28.0,,,2026-06-28 10:37:02,18,atuador,BOMBA-F,PRINCIPAL,,
TQ-MIX-TT,48.0221,C,OK,2026-06-28 10:37:05,19,leitura,,,,
TQ-MIX-LT,69.056,%,OK,2026-06-28 10:37:05,19,leitura,,,,
TQ-MIX-PT,2.38112,BAR,OK,2026-06-28 10:37:05,19,leitura,,,,
RES-Q-TT,74.0497,C,OK,2026-06-28 10:37:05,19,leitura,,,,
RES-F-TT,14.1861,C,OK,2026-06-28 10:37:05,19,leitura,,,,
,28.0,,,2026-06-28 10:37:05,19,atuador,BOMBA-Q,PRINCIPAL,,
,40.0,,,2026-06-28 10:37:05,19,atuador,BOMBA-F,PRINCIPAL,,
TQ-MIX-TT,51.421,C,OK,2026-06-28 10:37:08,20,leitura,,,,
TQ-MIX-LT,70.12,%,OK,2026-06-28 10:37:08,20,leitura,,,,
TQ-MIX-PT,2.4024,BAR,OK,2026-06-28 10:37:08,20,leitura,,,,
RES-Q-TT,74.0359,C,OK,2026-06-28 10:37:08,20,leitura,,,,
RES-F-TT,14.4833,C,OK,2026-06-28 10:37:08,20,leitura,,,,
,28.0,,,2026-06-28 10:37:08,20,atuador,BOMBA-Q,PRINCIPAL,,
,28.0,,,2026-06-28 10:37:08,20,atuador,BOMBA-F,PRINCIPAL,,
TQ-MIX-TT,48.2229,C,OK,2026-06-28 10:37:11,21,leitura,,,,
TQ-MIX-LT,71.208,%,OK,2026-06-28 10:37:11,21,leitura,,,,
TQ-MIX-PT,2.42416,BAR,OK,2026-06-28 10:37:11,21,leitura,,,,
RES-Q-TT,74.2738,C,OK,2026-06-28 10:37:11,21,leitura,,,,
RES-F-TT,14.3567,C,OK,2026-06-28 10:37:11,21,leitura,,,,
,28.0,,,2026-06-28 10:37:11,21,atuador,BOMBA-Q,PRINCIPAL,,
,40.0,,,2026-06-28 10:37:11,21,atuador,BOMBA-F,PRINCIPAL,,
TQ-MIX-TT,51.4923,C,OK,2026-06-28 10:37:14,22,leitura,,,,
TQ-MIX-LT,72.272,%,OK,2026-06-28 10:37:14,22,leitura,,,,
TQ-MIX-PT,2.44544,BAR,OK,2026-06-28 10:37:14,22,leitura,,,,
RES-Q-TT,74.2417,C,OK,2026-06-28 10:37:14,22,leitura,,,,
RES-F-TT,14.3349,C,OK,2026-06-28 10:37:14,22,leitura,,,,
,28.0,,,2026-06-28 10:37:14,22,atuador,BOMBA-Q,PRINCIPAL,,
,28.0,,,2026-06-28 10:37:14,22,atuador,BOMBA-F,PRINCIPAL,,
TQ-MIX-TT,48.2561,C,OK,2026-06-28 10:37:17,23,leitura,,,,
TQ-MIX-LT,73.36,%,OK,2026-06-28 10:37:17,23,leitura,,,,
TQ-MIX-PT,2.4672,BAR,OK,2026-06-28 10:37:17,23,leitura,,,,
RES-Q-TT,74.3383,C,OK,2026-06-28 10:37:17,23,leitura,,,,
RES-F-TT,14.3493,C,OK,2026-06-28 10:37:17,23,leitura,,,,
,28.0,,,2026-06-28 10:37:17,23,atuador,BOMBA-Q,PRINCIPAL,,
,40.0,,,2026-06-28 10:37:17,23,atuador,BOMBA-F,PRINCIPAL,,
TQ-MIX-TT,51.4193,C,OK,2026-06-28 10:37:20,24,leitura,,,,
TQ-MIX-LT,74.424,%,OK,2026-06-28 10:37:20,24,leitura,,,,
TQ-MIX-PT,2.48848,BAR,OK,2026-06-28 10:37:20,24,leitura,,,,
RES-Q-TT,74.2618,C,OK,2026-06-28 10:37:20,24,leitura,,,,
RES-F-TT,14.1098,C,OK,2026-06-28 10:37:20,24,leitura,,,,
,28.0,,,2026-06-28 10:37:20,24,atuador,BOMBA-Q,PRINCIPAL,,
,28.0,,,2026-06-28 10:37:20,24,atuador,BOMBA-F,PRINCIPAL,,
TQ-MIX-TT,48.2767,C,OK,2026-06-28 10:37:23,25,leitura,,,,
TQ-MIX-LT,75.512,%,OK,2026-06-28 10:37:23,25,leitura,,,,
TQ-MIX-PT,2.51024,BAR,OK,2026-06-28 10:37:23,25,leitura,,,,
RES-Q-TT,74.5311,C,OK,2026-06-28 10:37:23,25,leitura,,,,
RES-F-TT,14.146,C,OK,2026-06-28 10:37:23,25,leitura,,,,
,28.0,,,2026-06-28 10:37:23,25,atuador,BOMBA-Q,PRINCIPAL,,
,40.0,,,2026-06-28 10:37:23,25,atuador,BOMBA-F,PRINCIPAL,,
TQ-MIX-TT,51.5244,C,OK,2026-06-28 10:37:26,26,leitura,,,,
TQ-MIX-LT,76.576,%,OK,2026-06-28 10:37:26,26,leitura,,,,
TQ-MIX-PT,2.53152,BAR,OK,2026-06-28 10:37:26,26,leitura,,,,
RES-Q-TT,74.381,C,OK,2026-06-28 10:37:26,26,leitura,,,,
RES-F-TT,14.192,C,OK,2026-06-28 10:37:26,26,leitura,,,,
,28.0,,,2026-06-28 10:37:26,26,atuador,BOMBA-Q,PRINCIPAL,,
,28.0,,,2026-06-28 10:37:26,26,atuador,BOMBA-F,PRINCIPAL,,
TQ-MIX-TT,48.4537,C,OK,2026-06-28 10:37:29,27,leitura,,,,
TQ-MIX-LT,77.664,%,OK,2026-06-28 10:37:29,27,leitura,,,,
TQ-MIX-PT,2.55328,BAR,OK,2026-06-28 10:37:29,27,leitura,,,,
RES-Q-TT,74.6391,C,OK,2026-06-28 10:37:29,27,leitura,,,,
RES-F-TT,14.4127,C,OK,2026-06-28 10:37:29,27,leitura,,,,
,28.0,,,2026-06-28 10:37:29,27,atuador,BOMBA-Q,PRINCIPAL,,
,40.0,,,2026-06-28 10:37:29,27,atuador,BOMBA-F,PRINCIPAL,,
TQ-MIX-TT,51.8034,C,OK,2026-06-28 10:37:32,28,leitura,,,,
TQ-MIX-LT,78.728,%,OK,2026-06-28 10:37:32,28,leitura,,,,
TQ-MIX-PT,2.57456,BAR,OK,2026-06-28 10:37:32,28,leitura,,,,
RES-Q-TT,74.7639,C,OK,2026-06-28 10:37:32,28,leitura,,,,
RES-F-TT,14.3012,C,OK,2026-06-28 10:37:32,28,leitura,,,,
,28.0,,,2026-06-28 10:37:32,28,atuador,BOMBA-Q,PRINCIPAL,,
,28.0,,,2026-06-28 10:37:32,28,atuador,BOMBA-F,PRINCIPAL,,
TQ-MIX-TT,48.3364,C,OK,2026-06-28 10:37:35,29,leitura,,,,
TQ-MIX-LT,79.816,%,OK,2026-06-28 10:37:35,29,leitura,,,,
TQ-MIX-PT,2.59632,BAR,OK,2026-06-28 10:37:35,29,leitura,,,,
RES-Q-TT,74.603,C,OK,2026-06-28 10:37:35,29,leitura,,,,
RES-F-TT,14.1899,C,OK,2026-06-28 10:37:35,29,leitura,,,,
,28.0,,,2026-06-28 10:37:35,29,atuador,BOMBA-Q,PRINCIPAL,,
,40.0,,,2026-06-28 10:37:35,29,atuador,BOMBA-F,PRINCIPAL,,
TQ-MIX-TT,51.5207,C,OK,2026-06-28 10:37:38,30,leitura,,,,
TQ-MIX-LT,80.88,%,OK,2026-06-28 10:37:38,30,leitura,,,,
TQ-MIX-PT,2.6176,BAR,OK,2026-06-28 10:37:38,30,leitura,,,,
RES-Q-TT,74.5578,C,OK,2026-06-28 10:37:38,30,leitura,,,,
RES-F-TT,13.8934,C,OK,2026-06-28 10:37:38,30,leitura,,,,
,28.0,,,2026-06-28 10:37:38,30,atuador,BOMBA-Q,PRINCIPAL,,
,28.0,,,2026-06-28 10:37:38,30,atuador,BOMBA-F,PRINCIPAL,,
TQ-MIX-TT,48.1781,C,OK,2026-06-28 10:37:41,31,leitura,,,,
TQ-MIX-LT,81.968,%,OK,2026-06-28 10:37:41,31,leitura,,,,
TQ-MIX-PT,2.63936,BAR,OK,2026-06-28 10:37:41,31,leitura,,,,
RES-Q-TT,74.7739,C,OK,2026-06-28 10:37:41,31,leitura,,,,
RES-F-TT,13.6034,C,OK,2026-06-28 10:37:41,31,leitura,,,,
,28.0,,,2026-06-28 10:37:41,31,atuador,BOMBA-Q,PRINCIPAL,,
,40.0,,,2026-06-28 10:37:41,31,atuador,BOMBA-F,PRINCIPAL,,
TQ-MIX-TT,51.6983,C,ALARME,2026-06-28 10:37:44,32,leitura,,,,
TQ-MIX-LT,83.032,%,ALARME,2026-06-28 10:37:44,32,leitura,,,,
TQ-MIX-PT,2.66064,BAR,OK,2026-06-28 10:37:44,32,leitura,,,,
RES-Q-TT,74.9614,C,OK,2026-06-28 10:37:44,32,leitura,,,,
RES-F-TT,13.7019,C,OK,2026-06-28 10:37:44,32,leitura,,,,
,28.0,,,2026-06-28 10:37:44,32,atuador,BOMBA-Q,PRINCIPAL,,
,28.0,,,2026-06-28 10:37:44,32,atuador,BOMBA-F,PRINCIPAL,,
,,,,2026-06-28 10:37:44,32,alarme,,,NIVEL_ALTO,media
TQ-MIX-TT,49.3834,C,ALARME,2026-06-28 10:37:47,33,leitura,,,,
TQ-MIX-LT,83.984,%,ALARME,2026-06-28 10:37:47,33,leitura,,,,
TQ-MIX-PT,2.6796800000000003,BAR,OK,2026-06-28 10:37:47,33,leitura,,,,
RES-Q-TT,74.7471,C,OK,2026-06-28 10:37:47,33,leitura,,,,
RES-F-TT,13.8741,C,OK,2026-06-28 10:37:47,33,leitura,,,,
,28.0,,,2026-06-28 10:37:47,33,atuador,BOMBA-Q,PRINCIPAL,,
,40.0,,,2026-06-28 10:37:47,33,atuador,BOMBA-F,PRINCIPAL,,
,,,,2026-06-28 10:37:47,33,alarme,,,NIVEL_ALTO,media
TQ-MIX-TT,50.8203,C,ALARME,2026-06-28 10:37:50,34,leitura,,,,
TQ-MIX-LT,84.8,%,ALARME,2026-06-28 10:37:50,34,leitura,,,,
TQ-MIX-PT,2.696,BAR,OK,2026-06-28 10:37:50,34,leitura,,,,
RES-Q-TT,74.6191,C,OK,2026-06-28 10:37:50,34,leitura,,,,
RES-F-TT,14.1703,C,OK,2026-06-28 10:37:50,34,leitura,,,,
,28.0,,,2026-06-28 10:37:50,34,atuador,BOMBA-Q,PRINCIPAL,,
,40.0,,,2026-06-28 10:37:50,34,atuador,BOMBA-F,PRINCIPAL,,
,,,,2026-06-28 10:37:50,34,alarme,,,NIVEL_ALTO,media
TQ-MIX-TT,52.6088,C,ALARME,2026-06-28 10:37:53,35,leitura,,,,
TQ-MIX-LT,85.48,%,ALARME,2026-06-28 10:37:53,35,leitura,,,,
TQ-MIX-PT,2.7096,BAR,OK,2026-06-28 10:37:53,35,leitura,,,,
RES-Q-TT,74.5814,C,OK,2026-06-28 10:37:53,35,leitura,,,,
RES-F-TT,14.1568,C,OK,2026-06-28 10:37:53,35,leitura,,,,
,28.0,,,2026-06-28 10:37:53,35,atuador,BOMBA-Q,PRINCIPAL,,
,28.0,,,2026-06-28 10:37:53,35,atuador,BOMBA-F,PRINCIPAL,,
,,,,2026-06-28 10:37:53,35,alarme,,,NIVEL_ALTO,media
TQ-MIX-TT,49.2238,C,ALARME,2026-06-28 10:37:56,36,leitura,,,,
TQ-MIX-LT,86.048,%,ALARME,2026-06-28 10:37:56,36,leitura,,,,
TQ-MIX-PT,2.72096,BAR,OK,2026-06-28 10:37:56,36,leitura,,,,
RES-Q-TT,74.3197,C,OK,2026-06-28 10:37:56,36,leitura,,,,
RES-F-TT,14.0895,C,OK,2026-06-28 10:37:56,36,leitura,,,,
,28.0,,,2026-06-28 10:37:56,36,atuador,BOMBA-Q,PRINCIPAL,,
,40.0,,,2026-06-28 10:37:56,36,atuador,BOMBA-F,PRINCIPAL,,
,,,,2026-06-28 10:37:56,36,alarme,,,NIVEL_ALTO,media
TQ-MIX-TT,51.634,C,ALARME,2026-06-28 10:37:59,37,leitura,,,,
TQ-MIX-LT,86.48,%,ALARME,2026-06-28 10:37:59,37,leitura,,,,
TQ-MIX-PT,2.7296,BAR,OK,2026-06-28 10:37:59,37,leitura,,,,
RES-Q-TT,74.4745,C,OK,2026-06-28 10:37:59,37,leitura,,,,
RES-F-TT,14.3277,C,OK,2026-06-28 10:37:59,37,leitura,,,,
,28.0,,,2026-06-28 10:37:59,37,atuador,BOMBA-Q,PRINCIPAL,,
,28.0,,,2026-06-28 10:37:59,37,atuador,BOMBA-F,PRINCIPAL,,
,,,,2026-06-28 10:37:59,37,alarme,,,NIVEL_ALTO,media
TQ-MIX-TT,46.7228,C,ALARME,2026-06-28 10:38:02,38,leitura,,,,
TQ-MIX-LT,86.8,%,ALARME,2026-06-28 10:38:02,38,leitura,,,,
TQ-MIX-PT,2.736,BAR,OK,2026-06-28 10:38:02,38,leitura,,,,
RES-Q-TT,74.4732,C,OK,2026-06-28 10:38:02,38,leitura,,,,
RES-F-TT,14.3473,C,OK,2026-06-28 10:38:02,38,leitura,,,,
,28.0,,,2026-06-28 10:38:02,38,atuador,BOMBA-Q,PRINCIPAL,,
,40.0,,,2026-06-28 10:38:02,38,atuador,BOMBA-F,PRINCIPAL,,
,,,,2026-06-28 10:38:02,38,alarme,,,NIVEL_ALTO,media
TQ-MIX-TT,60.9151,C,ALARME,2026-06-28 10:38:05,39,leitura,,,,
TQ-MIX-LT,86.96,%,ALARME,2026-06-28 10:38:05,39,leitura,,,,
TQ-MIX-PT,2.7392000000000003,BAR,OK,2026-06-28 10:38:05,39,leitura,,,,
RES-Q-TT,74.221,C,OK,2026-06-28 10:38:05,39,leitura,,,,
RES-F-TT,14.3446,C,OK,2026-06-28 10:38:05,39,leitura,,,,
,28.0,,,2026-06-28 10:38:05,39,atuador,BOMBA-Q,PRINCIPAL,,
,28.0,,,2026-06-28 10:38:05,39,atuador,BOMBA-F,PRINCIPAL,,
,,,,2026-06-28 10:38:05,39,alarme,,,NIVEL_ALTO,media
TQ-MIX-TT,55.0079,C,ALARME,2026-06-28 10:38:08,40,leitura,,,,
TQ-MIX-LT,87.008,%,ALARME,2026-06-28 10:38:08,40,leitura,,,,
TQ-MIX-PT,2.74016,BAR,OK,2026-06-28 10:38:08,40,leitura,,,,
RES-Q-TT,74.4918,C,OK,2026-06-28 10:38:08,40,leitura,,,,
RES-F-TT,14.0916,C,OK,2026-06-28 10:38:08,40,leitura,,,,
,28.0,,,2026-06-28 10:38:08,40,atuador,BOMBA-Q,PRINCIPAL,,
,28.0,,,2026-06-28 10:38:08,40,atuador,BOMBA-F,PRINCIPAL,,
,,,,2026-06-28 10:38:08,40,alarme,,,NIVEL_ALTO,media
TQ-MIX-TT,38.8134,C,ALARME,2026-06-28 10:38:11,41,leitura,,,,
TQ-MIX-LT,86.944,%,ALARME,2026-06-28 10:38:11,41,leitura,,,,
TQ-MIX-PT,2.73888,BAR,OK,2026-06-28 10:38:11,41,leitura,,,,
RES-Q-TT,74.4287,C,OK,2026-06-28 10:38:11,41,leitura,,,,
RES-F-TT,13.8827,C,OK,2026-06-28 10:38:11,41,leitura,,,,
,28.0,,,2026-06-28 10:38:11,41,atuador,BOMBA-Q,PRINCIPAL,,
,40.0,,,2026-06-28 10:38:11,41,atuador,BOMBA-F,PRINCIPAL,,
,,,,2026-06-28 10:38:11,41,alarme,,,NIVEL_ALTO,media
TQ-MIX-TT,74.265,C,ALARME,2026-06-28 10:38:14,42,leitura,,,,
TQ-MIX-LT,86.8,%,ALARME,2026-06-28 10:38:14,42,leitura,,,,
TQ-MIX-PT,2.736,BAR,OK,2026-06-28 10:38:14,42,leitura,,,,
RES-Q-TT,74.265,C,OK,2026-06-28 10:38:14,42,leitura,,,,
RES-F-TT,13.666,C,OK,2026-06-28 10:38:14,42,leitura,,,,
,28.0,,,2026-06-28 10:38:14,42,atuador,BOMBA-Q,PRINCIPAL,,
,28.0,,,2026-06-28 10:38:14,42,atuador,BOMBA-F,PRINCIPAL,,
,,,,2026-06-28 10:38:14,42,alarme,,,NIVEL_ALTO,media
TQ-MIX-TT,13.9078,C,ALARME,2026-06-28 10:38:17,43,leitura,,,,
TQ-MIX-LT,86.68,%,ALARME,2026-06-28 10:38:17,43,leitura,,,,
TQ-MIX-PT,2.7336,BAR,OK,2026-06-28 10:38:17,43,leitura,,,,
RES-Q-TT,74.2736,C,OK,2026-06-28 10:38:17,43,leitura,,,,
RES-F-TT,13.9078,C,OK,2026-06-28 10:38:17,43,leitura,,,,
,28.0,,,2026-06-28 10:38:17,43,atuador,BOMBA-Q,PRINCIPAL,,
,40.0,,,2026-06-28 10:38:17,43,atuador,BOMBA-F,PRINCIPAL,,
,,,,2026-06-28 10:38:17,43,alarme,,,NIVEL_ALTO,media
TQ-MIX-TT,74.2413,C,ALARME,2026-06-28 10:38:20,44,leitura,,,,
TQ-MIX-LT,86.536,%,ALARME,2026-06-28 10:38:20,44,leitura,,,,
TQ-MIX-PT,2.73072,BAR,OK,2026-06-28 10:38:20,44,leitura,,,,
RES-Q-TT,74.2413,C,OK,2026-06-28 10:38:20,44,leitura,,,,
RES-F-TT,14.0659,C,OK,2026-06-28 10:38:20,44,leitura,,,,
,28.0,,,2026-06-28 10:38:20,44,atuador,BOMBA-Q,PRINCIPAL,,
,28.0,,,2026-06-28 10:38:20,44,atuador,BOMBA-F,PRINCIPAL,,
,,,,2026-06-28 10:38:20,44,alarme,,,NIVEL_ALTO,media
TQ-MIX-TT,13.9838,C,ALARME,2026-06-28 10:38:23,45,leitura,,,,
TQ-MIX-LT,86.416,%,ALARME,2026-06-28 10:38:23,45,leitura,,,,
TQ-MIX-PT,2.72832,BAR,OK,2026-06-28 10:38:23,45,leitura,,,,
RES-Q-TT,74.4005,C,OK,2026-06-28 10:38:23,45,leitura,,,,
RES-F-TT,13.9838,C,OK,2026-06-28 10:38:23,45,leitura,,,,
,28.0,,,2026-06-28 10:38:23,45,atuador,BOMBA-Q,PRINCIPAL,,
,40.0,,,2026-06-28 10:38:23,45,atuador,BOMBA-F,PRINCIPAL,,
,,,,2026-06-28 10:38:23,45,alarme,,,NIVEL_ALTO,media
TQ-MIX-TT,74.4737,C,ALARME,2026-06-28 10:38:26,46,leitura,,,,
TQ-MIX-LT,86.272,%,ALARME,2026-06-28 10:38:26,46,leitura,,,,
TQ-MIX-PT,2.72544,BAR,OK,2026-06-28 10:38:26,46,leitura,,,,
RES-Q-TT,74.4737,C,OK,2026-06-28 10:38:26,46,leitura,,,,
RES-F-TT,14.2342,C,OK,2026-06-28 10:38:26,46,leitura,,,,
,28.0,,,2026-06-28 10:38:26,46,atuador,BOMBA-Q,PRINCIPAL,,
,28.0,,,2026-06-28 10:38:26,46,atuador,BOMBA-F,PRINCIPAL,,
,,,,2026-06-28 10:38:26,46,alarme,,,NIVEL_ALTO,media
TQ-MIX-TT,14.2251,C,ALARME,2026-06-28 10:38:29,47,leitura,,,,
TQ-MIX-LT,86.152,%,ALARME,2026-06-28 10:38:29,47,leitura,,,,
TQ-MIX-PT,2.72304,BAR,OK,2026-06-28 10:38:29,47,leitura,,,,
RES-Q-TT,74.7329,C,OK,2026-06-28 10:38:29,47,leitura,,,,
RES-F-TT,14.2251,C,OK,2026-06-28 10:38:29,47,leitura,,,,
,28.0,,,2026-06-28 10:38:29,47,atuador,BOMBA-Q,PRINCIPAL,,
,40.0,,,2026-06-28 10:38:29,47,atuador,BOMBA-F,PRINCIPAL,,
,,,,2026-06-28 10:38:29,47,alarme,,,NIVEL_ALTO,media
TQ-MIX-TT,74.8396,C,ALARME,2026-06-28 10:38:32,48,leitura,,,,
TQ-MIX-LT,86.008,%,ALARME,2026-06-28 10:38:32,48,leitura,,,,
TQ-MIX-PT,2.72016,BAR,OK,2026-06-28 10:38:32,48,leitura,,,,
RES-Q-TT,74.8396,C,OK,2026-06-28 10:38:32,48,leitura,,,,
RES-F-TT,13.9951,C,OK,2026-06-28 10:38:32,48,leitura,,,,
,28.0,,,2026-06-28 10:38:32,48,atuador,BOMBA-Q,PRINCIPAL,,
,28.0,,,2026-06-28 10:38:32,48,atuador,BOMBA-F,PRINCIPAL,,
,,,,2026-06-28 10:38:32,48,alarme,,,NIVEL_ALTO,media
TQ-MIX-TT,13.722,C,ALARME,2026-06-28 10:38:35,49,leitura,,,,
TQ-MIX-LT,85.888,%,ALARME,2026-06-28 10:38:35,49,leitura,,,,
TQ-MIX-PT,2.71776,BAR,OK,2026-06-28 10:38:35,49,leitura,,,,
RES-Q-TT,74.8244,C,OK,2026-06-28 10:38:35,49,leitura,,,,
RES-F-TT,13.722,C,OK,2026-06-28 10:38:35,49,leitura,,,,
,28.0,,,2026-06-28 10:38:35,49,atuador,BOMBA-Q,PRINCIPAL,,
,40.0,,,2026-06-28 10:38:35,49,atuador,BOMBA-F,PRINCIPAL,,
,,,,2026-06-28 10:38:35,49,alarme,,,NIVEL_ALTO,media
TQ-MIX-TT,74.754,C,ALARME,2026-06-28 10:38:38,50,leitura,,,,
TQ-MIX-LT,85.744,%,ALARME,2026-06-28 10:38:38,50,leitura,,,,
TQ-MIX-PT,2.71488,BAR,OK,2026-06-28 10:38:38,50,leitura,,,,
RES-Q-TT,74.754,C,OK,2026-06-28 10:38:38,50,leitura,,,,
RES-F-TT,13.861,C,OK,2026-06-28 10:38:38,50,leitura,,,,
,28.0,,,2026-06-28 10:38:38,50,atuador,BOMBA-Q,PRINCIPAL,,
,28.0,,,2026-06-28 10:38:38,50,atuador,BOMBA-F,PRINCIPAL,,
,,,,2026-06-28 10:38:38,50,alarme,,,NIVEL_ALTO,media
TQ-MIX-TT,13.7492,C,ALARME,2026-06-28 10:38:41,51,leitura,,,,
TQ-MIX-LT,85.624,%,ALARME,2026-06-28 10:38:41,51,leitura,,,,
TQ-MIX-PT,2.71248,BAR,OK,2026-06-28 10:38:41,51,leitura,,,,
RES-Q-TT,74.6815,C,OK,2026-06-28 10:38:41,51,leitura,,,,
RES-F-TT,13.7492,C,OK,2026-06-28 10:38:41,51,leitura,,,,
,28.0,,,2026-06-28 10:38:41,51,atuador,BOMBA-Q,PRINCIPAL,,
,40.0,,,2026-06-28 10:38:41,51,atuador,BOMBA-F,PRINCIPAL,,
,,,,2026-06-28 10:38:41,51,alarme,,,NIVEL_ALTO,media
TQ-MIX-TT,74.9804,C,ALARME,2026-06-28 10:38:44,52,leitura,,,,
TQ-MIX-LT,85.48,%,ALARME,2026-06-28 10:38:44,52,leitura,,,,
TQ-MIX-PT,2.7096,BAR,OK,2026-06-28 10:38:44,52,leitura,,,,
RES-Q-TT,74.9804,C,OK,2026-06-28 10:38:44,52,leitura,,,,
RES-F-TT,13.944,C,OK,2026-06-28 10:38:44,52,leitura,,,,
,28.0,,,2026-06-28 10:38:44,52,atuador,BOMBA-Q,PRINCIPAL,,
,28.0,,,2026-06-28 10:38:44,52,atuador,BOMBA-F,PRINCIPAL,,
,,,,2026-06-28 10:38:44,52,alarme,,,NIVEL_ALTO,media
TQ-MIX-TT,13.6886,C,ALARME,2026-06-28 10:38:47,53,leitura,,,,
TQ-MIX-LT,85.36,%,ALARME,2026-06-28 10:38:47,53,leitura,,,,
TQ-MIX-PT,2.7072000000000003,BAR,OK,2026-06-28 10:38:47,53,leitura,,,,
RES-Q-TT,75.0576,C,OK,2026-06-28 10:38:47,53,leitura,,,,
RES-F-TT,13.6886,C,OK,2026-06-28 10:38:47,53,leitura,,,,
,28.0,,,2026-06-28 10:38:47,53,atuador,BOMBA-Q,PRINCIPAL,,
,40.0,,,2026-06-28 10:38:47,53,atuador,BOMBA-F,PRINCIPAL,,
,,,,2026-06-28 10:38:47,53,alarme,,,NIVEL_ALTO,media
TQ-MIX-TT,74.8853,C,ALARME,2026-06-28 10:38:50,54,leitura,,,,
TQ-MIX-LT,85.216,%,ALARME,2026-06-28 10:38:50,54,leitura,,,,
TQ-MIX-PT,2.70432,BAR,OK,2026-06-28 10:38:50,54,leitura,,,,
RES-Q-TT,74.8853,C,OK,2026-06-28 10:38:50,54,leitura,,,,
RES-F-TT,13.4411,C,OK,2026-06-28 10:38:50,54,leitura,,,,
,28.0,,,2026-06-28 10:38:50,54,atuador,BOMBA-Q,PRINCIPAL,,
,28.0,,,2026-06-28 10:38:50,54,atuador,BOMBA-F,PRINCIPAL,,
,,,,2026-06-28 10:38:50,54,alarme,,,NIVEL_ALTO,media
TQ-MIX-TT,13.4509,C,ALARME,2026-06-28 10:38:53,55,leitura,,,,
TQ-MIX-LT,85.096,%,ALARME,2026-06-28 10:38:53,55,leitura,,,,
TQ-MIX-PT,2.7019200000000003,BAR,OK,2026-06-28 10:38:53,55,leitura,,,,
RES-Q-TT,75.1512,C,OK,2026-06-28 10:38:53,55,leitura,,,,
RES-F-TT,13.4509,C,OK,2026-06-28 10:38:53,55,leitura,,,,
,28.0,,,2026-06-28 10:38:53,55,atuador,BOMBA-Q,PRINCIPAL,,
,40.0,,,2026-06-28 10:38:53,55,atuador,BOMBA-F,PRINCIPAL,,
,,,,2026-06-28 10:38:53,55,alarme,,,NIVEL_ALTO,media
TQ-MIX-TT,75.1791,C,ALARME,2026-06-28 10:38:56,56,leitura,,,,
TQ-MIX-LT,84.952,%,ALARME,2026-06-28 10:38:56,56,leitura,,,,
TQ-MIX-PT,2.69904,BAR,OK,2026-06-28 10:38:56,56,leitura,,,,
RES-Q-TT,75.1791,C,OK,2026-06-28 10:38:56,56,leitura,,,,
RES-F-TT,13.1612,C,OK,2026-06-28 10:38:56,56,leitura,,,,
,28.0,,,2026-06-28 10:38:56,56,atuador,BOMBA-Q,PRINCIPAL,,
,28.0,,,2026-06-28 10:38:56,56,atuador,BOMBA-F,PRINCIPAL,,
,,,,2026-06-28 10:38:56,56,alarme,,,NIVEL_ALTO,media
TQ-MIX-TT,13.2553,C,ALARME,2026-06-28 10:38:59,57,leitura,,,,
TQ-MIX-LT,84.832,%,ALARME,2026-06-28 10:38:59,57,leitura,,,,
TQ-MIX-PT,2.69664,BAR,OK,2026-06-28 10:38:59,57,leitura,,,,
RES-Q-TT,75.2626,C,OK,2026-06-28 10:38:59,57,leitura,,,,
RES-F-TT,13.2553,C,OK,2026-06-28 10:38:59,57,leitura,,,,
,28.0,,,2026-06-28 10:38:59,57,atuador,BOMBA-Q,PRINCIPAL,,
,40.0,,,2026-06-28 10:38:59,57,atuador,BOMBA-F,PRINCIPAL,,
,,,,2026-06-28 10:38:59,57,alarme,,,NIVEL_ALTO,media
TQ-MIX-TT,74.8267,C,ALARME,2026-06-28 10:39:02,58,leitura,,,,
TQ-MIX-LT,84.688,%,ALARME,2026-06-28 10:39:02,58,leitura,,,,
TQ-MIX-PT,2.69376,BAR,OK,2026-06-28 10:39:02,58,leitura,,,,
RES-Q-TT,74.8267,C,OK,2026-06-28 10:39:02,58,leitura,,,,
RES-F-TT,13.2679,C,OK,2026-06-28 10:39:02,58,leitura,,,,
,28.0,,,2026-06-28 10:39:02,58,atuador,BOMBA-Q,PRINCIPAL,,
,28.0,,,2026-06-28 10:39:02,58,atuador,BOMBA-F,PRINCIPAL,,
,,,,2026-06-28 10:39:02,58,alarme,,,NIVEL_ALTO,media
TQ-MIX-TT,13.1706,C,ALARME,2026-06-28 10:39:05,59,leitura,,,,
TQ-MIX-LT,84.568,%,ALARME,2026-06-28 10:39:05,59,leitura,,,,
TQ-MIX-PT,2.69136,BAR,OK,2026-06-28 10:39:05,59,leitura,,,,
RES-Q-TT,75.0936,C,OK,2026-06-28 10:39:05,59,leitura,,,,
RES-F-TT,13.1706,C,OK,2026-06-28 10:39:05,59,leitura,,,,
,28.0,,,2026-06-28 10:39:05,59,atuador,BOMBA-Q,PRINCIPAL,,
,40.0,,,2026-06-28 10:39:05,59,atuador,BOMBA-F,PRINCIPAL,,
,,,,2026-06-28 10:39:05,59,alarme,,,NIVEL_ALTO,media
TQ-MIX-TT,74.7338,C,ALARME,2026-06-28 10:39:08,60,leitura,,,,
TQ-MIX-LT,84.424,%,ALARME,2026-06-28 10:39:08,60,leitura,,,,
TQ-MIX-PT,2.68848,BAR,OK,2026-06-28 10:39:08,60,leitura,,,,
RES-Q-TT,74.7338,C,OK,2026-06-28 10:39:08,60,leitura,,,,
RES-F-TT,13.2124,C,OK,2026-06-28 10:39:08,60,leitura,,,,
,28.0,,,2026-06-28 10:39:08,60,atuador,BOMBA-Q,PRINCIPAL,,
,28.0,,,2026-06-28 10:39:08,60,atuador,BOMBA-F,PRINCIPAL,,
,,,,2026-06-28 10:39:08,60,alarme,,,NIVEL_ALTO,media
TQ-MIX-TT,13.1231,C,ALARME,2026-06-28 10:39:11,61,leitura,,,,
TQ-MIX-LT,84.304,%,ALARME,2026-06-28 10:39:11,61,leitura,,,,
TQ-MIX-PT,2.68608,BAR,OK,2026-06-28 10:39:11,61,leitura,,,,
RES-Q-TT,74.4731,C,OK,2026-06-28 10:39:11,61,leitura,,,,
RES-F-TT,13.1231,C,OK,2026-06-28 10:39:11,61,leitura,,,,
,28.0,,,2026-06-28 10:39:11,61,atuador,BOMBA-Q,PRINCIPAL,,
,40.0,,,2026-06-28 10:39:11,61,atuador,BOMBA-F,PRINCIPAL,,
,,,,2026-06-28 10:39:11,61,alarme,,,NIVEL_ALTO,media
TQ-MIX-TT,74.27590000000001,C,ALARME,2026-06-28 10:39:14,62,leitura,,,,
TQ-MIX-LT,84.16,%,ALARME,2026-06-28 10:39:14,62,leitura,,,,
TQ-MIX-PT,2.6832000000000003,BAR,OK,2026-06-28 10:39:14,62,leitura,,,,
RES-Q-TT,74.27590000000001,C,OK,2026-06-28 10:39:14,62,leitura,,,,
RES-F-TT,13.1793,C,OK,2026-06-28 10:39:14,62,leitura,,,,
,28.0,,,2026-06-28 10:39:14,62,atuador,BOMBA-Q,PRINCIPAL,,
,28.0,,,2026-06-28 10:39:14,62,atuador,BOMBA-F,PRINCIPAL,,
,,,,2026-06-28 10:39:14,62,alarme,,,NIVEL_ALTO,media
TQ-MIX-TT,13.0391,C,ALARME,2026-06-28 10:39:17,63,leitura,,,,
TQ-MIX-LT,84.04,%,ALARME,2026-06-28 10:39:17,63,leitura,,,,
TQ-MIX-PT,2.6808,BAR,OK,2026-06-28 10:39:17,63,leitura,,,,
RES-Q-TT,74.1864,C,OK,2026-06-28 10:39:17,63,leitura,,,,
RES-F-TT,13.0391,C,OK,2026-06-28 10:39:17,63,leitura,,,,
,28.0,,,2026-06-28 10:39:17,63,atuador,BOMBA-Q,PRINCIPAL,,
,40.0,,,2026-06-28 10:39:17,63,atuador,BOMBA-F,PRINCIPAL,,
,,,,2026-06-28 10:39:17,63,alarme,,,NIVEL_ALTO,media
TQ-MIX-TT,74.4376,C,ALARME,2026-06-28 10:39:20,64,leitura,,,,
TQ-MIX-LT,83.896,%,ALARME,2026-06-28 10:39:20,64,leitura,,,,
TQ-MIX-PT,2.6779200000000003,BAR,OK,2026-06-28 10:39:20,64,leitura,,,,
RES-Q-TT,74.4376,C,OK,2026-06-28 10:39:20,64,leitura,,,,
RES-F-TT,12.7822,C,OK,2026-06-28 10:39:20,64,leitura,,,,
,28.0,,,2026-06-28 10:39:20,64,atuador,BOMBA-Q,PRINCIPAL,,
,28.0,,,2026-06-28 10:39:20,64,atuador,BOMBA-F,PRINCIPAL,,
,,,,2026-06-28 10:39:20,64,alarme,,,NIVEL_ALTO,media
TQ-MIX-TT,12.613,C,ALARME,2026-06-28 10:39:23,65,leitura,,,,
TQ-MIX-LT,83.776,%,ALARME,2026-06-28 10:39:23,65,leitura,,,,
TQ-MIX-PT,2.67552,BAR,OK,2026-06-28 10:39:23,65,leitura,,,,
RES-Q-TT,74.1394,C,OK,2026-06-28 10:39:23,65,leitura,,,,
RES-F-TT,12.613,C,OK,2026-06-28 10:39:23,65,leitura,,,,
,28.0,,,2026-06-28 10:39:23,65,atuador,BOMBA-Q,PRINCIPAL,,
,40.0,,,2026-06-28 10:39:23,65,atuador,BOMBA-F,PRINCIPAL,,
,,,,2026-06-28 10:39:23,65,alarme,,,NIVEL_ALTO,media
TQ-MIX-TT,74.3425,C,ALARME,2026-06-28 10:39:26,66,leitura,,,,
TQ-MIX-LT,83.632,%,ALARME,2026-06-28 10:39:26,66,leitura,,,,
TQ-MIX-PT,2.67264,BAR,OK,2026-06-28 10:39:26,66,leitura,,,,
RES-Q-TT,74.3425,C,OK,2026-06-28 10:39:26,66,leitura,,,,
RES-F-TT,12.4472,C,OK,2026-06-28 10:39:26,66,leitura,,,,
,28.0,,,2026-06-28 10:39:26,66,atuador,BOMBA-Q,PRINCIPAL,,
,28.0,,,2026-06-28 10:39:26,66,atuador,BOMBA-F,PRINCIPAL,,
,,,,2026-06-28 10:39:26,66,alarme,,,NIVEL_ALTO,media
TQ-MIX-TT,12.2536,C,ALARME,2026-06-28 10:39:29,67,leitura,,,,
TQ-MIX-LT,83.512,%,ALARME,2026-06-28 10:39:29,67,leitura,,,,
TQ-MIX-PT,2.67024,BAR,OK,2026-06-28 10:39:29,67,leitura,,,,
RES-Q-TT,74.6353,C,OK,2026-06-28 10:39:29,67,leitura,,,,
RES-F-TT,12.2536,C,OK,2026-06-28 10:39:29,67,leitura,,,,
,28.0,,,2026-06-28 10:39:29,67,atuador,BOMBA-Q,PRINCIPAL,,
,40.0,,,2026-06-28 10:39:29,67,atuador,BOMBA-F,PRINCIPAL,,
,,,,2026-06-28 10:39:29,67,alarme,,,NIVEL_ALTO,media
TQ-MIX-TT,74.4609,C,ALARME,2026-06-28 10:39:32,68,leitura,,,,
TQ-MIX-LT,83.368,%,ALARME,2026-06-28 10:39:32,68,leitura,,,,
TQ-MIX-PT,2.66736,BAR,OK,2026-06-28 10:39:32,68,leitura,,,,
RES-Q-TT,74.4609,C,OK,2026-06-28 10:39:32,68,leitura,,,,
RES-F-TT,12.1444,C,OK,2026-06-28 10:39:32,68,leitura,,,,
,28.0,,,2026-06-28 10:39:32,68,atuador,BOMBA-Q,PRINCIPAL,,
,28.0,,,2026-06-28 10:39:32,68,atuador,BOMBA-F,PRINCIPAL,,
,,,,2026-06-28 10:39:32,68,alarme,,,NIVEL_ALTO,media
TQ-MIX-TT,11.8984,C,ALARME,2026-06-28 10:39:35,69,leitura,,,,
TQ-MIX-LT,83.248,%,ALARME,2026-06-28 10:39:35,69,leitura,,,,
TQ-MIX-PT,2.66496,BAR,OK,2026-06-28 10:39:35,69,leitura,,,,
RES-Q-TT,74.4328,C,OK,2026-06-28 10:39:35,69,leitura,,,,
RES-F-TT,11.8984,C,OK,2026-06-28 10:39:35,69,leitura,,,,
,28.0,,,2026-06-28 10:39:35,69,atuador,BOMBA-Q,PRINCIPAL,,
,40.0,,,2026-06-28 10:39:35,69,atuador,BOMBA-F,PRINCIPAL,,
,,,,2026-06-28 10:39:35,69,alarme,,,NIVEL_ALTO,media
TQ-MIX-TT,74.6555,C,ALARME,2026-06-28 10:39:38,70,leitura,,,,
TQ-MIX-LT,83.104,%,ALARME,2026-06-28 10:39:38,70,leitura,,,,
TQ-MIX-PT,2.66208,BAR,OK,2026-06-28 10:39:38,70,leitura,,,,
RES-Q-TT,74.6555,C,OK,2026-06-28 10:39:38,70,leitura,,,,
RES-F-TT,12.1598,C,OK,2026-06-28 10:39:38,70,leitura,,,,
,28.0,,,2026-06-28 10:39:38,70,atuador,BOMBA-Q,PRINCIPAL,,
,28.0,,,2026-06-28 10:39:38,70,atuador,BOMBA-F,PRINCIPAL,,
,,,,2026-06-28 10:39:38,70,alarme,,,NIVEL_ALTO,media
TQ-MIX-TT,12.0896,C,ALARME,2026-06-28 10:39:41,71,leitura,,,,
TQ-MIX-LT,82.984,%,ALARME,2026-06-28 10:39:41,71,leitura,,,,
TQ-MIX-PT,2.65968,BAR,OK,2026-06-28 10:39:41,71,leitura,,,,
RES-Q-TT,74.9,C,OK,2026-06-28 10:39:41,71,leitura,,,,
RES-F-TT,12.0896,C,OK,2026-06-28 10:39:41,71,leitura,,,,
,28.0,,,2026-06-28 10:39:41,71,atuador,BOMBA-Q,PRINCIPAL,,
,40.0,,,2026-06-28 10:39:41,71,atuador,BOMBA-F,PRINCIPAL,,
,,,,2026-06-28 10:39:41,71,alarme,,,NIVEL_ALTO,media
TQ-MIX-TT,74.676,C,ALARME,2026-06-28 10:39:44,72,leitura,,,,
TQ-MIX-LT,82.84,%,ALARME,2026-06-28 10:39:44,72,leitura,,,,
TQ-MIX-PT,2.6568,BAR,OK,2026-06-28 10:39:44,72,leitura,,,,
RES-Q-TT,74.676,C,OK,2026-06-28 10:39:44,72,leitura,,,,
RES-F-TT,11.917,C,OK,2026-06-28 10:39:44,72,leitura,,,,
,28.0,,,2026-06-28 10:39:44,72,atuador,BOMBA-Q,PRINCIPAL,,
,28.0,,,2026-06-28 10:39:44,72,atuador,BOMBA-F,PRINCIPAL,,
,,,,2026-06-28 10:39:44,72,alarme,,,NIVEL_ALTO,media
TQ-MIX-TT,11.8937,C,ALARME,2026-06-28 10:39:47,73,leitura,,,,
TQ-MIX-LT,82.72,%,ALARME,2026-06-28 10:39:47,73,leitura,,,,
TQ-MIX-PT,2.6544,BAR,OK,2026-06-28 10:39:47,73,leitura,,,,
RES-Q-TT,74.4999,C,OK,2026-06-28 10:39:47,73,leitura,,,,
RES-F-TT,11.8937,C,OK,2026-06-28 10:39:47,73,leitura,,,,
,28.0,,,2026-06-28 10:39:47,73,atuador,BOMBA-Q,PRINCIPAL,,
,40.0,,,2026-06-28 10:39:47,73,atuador,BOMBA-F,PRINCIPAL,,
,,,,2026-06-28 10:39:47,73,alarme,,,NIVEL_ALTO,media
TQ-MIX-TT,74.593,C,ALARME,2026-06-28 10:39:50,74,leitura,,,,
TQ-MIX-LT,82.576,%,ALARME,2026-06-28 10:39:50,74,leitura,,,,
TQ-MIX-PT,2.65152,BAR,OK,2026-06-28 10:39:50,74,leitura,,,,
RES-Q-TT,74.593,C,OK,2026-06-28 10:39:50,74,leitura,,,,
RES-F-TT,11.9112,C,OK,2026-06-28 10:39:50,74,leitura,,,,
,28.0,,,2026-06-28 10:39:50,74,atuador,BOMBA-Q,PRINCIPAL,,
,28.0,,,2026-06-28 10:39:50,74,atuador,BOMBA-F,PRINCIPAL,,
,,,,2026-06-28 10:39:50,74,alarme,,,NIVEL_ALTO,media
TQ-MIX-TT,11.7072,C,OK,2026-06-28 10:39:53,75,leitura,,,,
TQ-MIX-LT,82.456,%,OK,2026-06-28 10:39:53,75,leitura,,,,
TQ-MIX-PT,2.64912,BAR,OK,2026-06-28 10:39:53,75,leitura,,,,
RES-Q-TT,74.7502,C,OK,2026-06-28 10:39:53,75,leitura,,,,
RES-F-TT,11.7072,C,OK,2026-06-28 10:39:53,75,leitura,,,,
,28.0,,,2026-06-28 10:39:53,75,atuador,BOMBA-Q,PRINCIPAL,,
,40.0,,,2026-06-28 10:39:53,75,atuador,BOMBA-F,PRINCIPAL,,
TQ-MIX-TT,74.7194,C,OK,2026-06-28 10:39:56,76,leitura,,,,
TQ-MIX-LT,82.312,%,OK,2026-06-28 10:39:56,76,leitura,,,,
TQ-MIX-PT,2.64624,BAR,OK,2026-06-28 10:39:56,76,leitura,,,,
RES-Q-TT,74.7194,C,OK,2026-06-28 10:39:56,76,leitura,,,,
RES-F-TT,11.7729,C,OK,2026-06-28 10:39:56,76,leitura,,,,
,28.0,,,2026-06-28 10:39:56,76,atuador,BOMBA-Q,PRINCIPAL,,
,28.0,,,2026-06-28 10:39:56,76,atuador,BOMBA-F,PRINCIPAL,,
TQ-MIX-TT,11.9671,C,OK,2026-06-28 10:39:59,77,leitura,,,,
TQ-MIX-LT,82.192,%,OK,2026-06-28 10:39:59,77,leitura,,,,
TQ-MIX-PT,2.64384,BAR,OK,2026-06-28 10:39:59,77,leitura,,,,
RES-Q-TT,74.9576,C,OK,2026-06-28 10:39:59,77,leitura,,,,
RES-F-TT,11.9671,C,OK,2026-06-28 10:39:59,77,leitura,,,,
,28.0,,,2026-06-28 10:39:59,77,atuador,BOMBA-Q,PRINCIPAL,,
,40.0,,,2026-06-28 10:39:59,77,atuador,BOMBA-F,PRINCIPAL,,
TQ-MIX-TT,74.8865,C,OK,2026-06-28 10:40:02,78,leitura,,,,
TQ-MIX-LT,82.048,%,OK,2026-06-28 10:40:02,78,leitura,,,,
TQ-MIX-PT,2.64096,BAR,OK,2026-06-28 10:40:02,78,leitura,,,,
RES-Q-TT,74.8865,C,OK,2026-06-28 10:40:02,78,leitura,,,,
RES-F-TT,11.7025,C,OK,2026-06-28 10:40:02,78,leitura,,,,
,28.0,,,2026-06-28 10:40:02,78,atuador,BOMBA-Q,PRINCIPAL,,
,28.0,,,2026-06-28 10:40:02,78,atuador,BOMBA-F,PRINCIPAL,,
TQ-MIX-TT,11.4615,C,OK,2026-06-28 10:40:05,79,leitura,,,,
TQ-MIX-LT,81.928,%,OK,2026-06-28 10:40:05,79,leitura,,,,
TQ-MIX-PT,2.63856,BAR,OK,2026-06-28 10:40:05,79,leitura,,,,
RES-Q-TT,75.0872,C,OK,2026-06-28 10:40:05,79,leitura,,,,
RES-F-TT,11.4615,C,OK,2026-06-28 10:40:05,79,leitura,,,,
,28.0,,,2026-06-28 10:40:05,79,atuador,BOMBA-Q,PRINCIPAL,,
,40.0,,,2026-06-28 10:40:05,79,atuador,BOMBA-F,PRINCIPAL,,
TQ-MIX-TT,74.7479,C,OK,2026-06-28 10:40:08,80,leitura,,,,
TQ-MIX-LT,81.784,%,OK,2026-06-28 10:40:08,80,leitura,,,,
TQ-MIX-PT,2.63568,BAR,OK,2026-06-28 10:40:08,80,leitura,,,,
RES-Q-TT,74.7479,C,OK,2026-06-28 10:40:08,80,leitura,,,,
RES-F-TT,11.666,C,OK,2026-06-28 10:40:08,80,leitura,,,,
,28.0,,,2026-06-28 10:40:08,80,atuador,BOMBA-Q,PRINCIPAL,,
,28.0,,,2026-06-28 10:40:08,80,atuador,BOMBA-F,PRINCIPAL,,
TQ-MIX-TT,11.7141,C,OK,2026-06-28 10:40:11,81,leitura,,,,
TQ-MIX-LT,81.664,%,OK,2026-06-28 10:40:11,81,leitura,,,,
TQ-MIX-PT,2.63328,BAR,OK,2026-06-28 10:40:11,81,leitura,,,,
RES-Q-TT,74.9793,C,OK,2026-06-28 10:40:11,81,leitura,,,,
RES-F-TT,11.7141,C,OK,2026-06-28 10:40:11,81,leitura,,,,
,28.0,,,2026-06-28 10:40:11,81,atuador,BOMBA-Q,PRINCIPAL,,
,40.0,,,2026-06-28 10:40:11,81,atuador,BOMBA-F,PRINCIPAL,,
TQ-MIX-TT,75.1271,C,OK,2026-06-28 10:40:14,82,leitura,,,,
TQ-MIX-LT,81.52,%,OK,2026-06-28 10:40:14,82,leitura,,,,
TQ-MIX-PT,2.6304,BAR,OK,2026-06-28 10:40:14,82,leitura,,,,
RES-Q-TT,75.1271,C,OK,2026-06-28 10:40:14,82,leitura,,,,
RES-F-TT,11.707,C,OK,2026-06-28 10:40:14,82,leitura,,,,
,28.0,,,2026-06-28 10:40:14,82,atuador,BOMBA-Q,PRINCIPAL,,
,28.0,,,2026-06-28 10:40:14,82,atuador,BOMBA-F,PRINCIPAL,,
TQ-MIX-TT,11.7009,C,OK,2026-06-28 10:40:17,83,leitura,,,,
TQ-MIX-LT,81.4,%,OK,2026-06-28 10:40:17,83,leitura,,,,
TQ-MIX-PT,2.628,BAR,OK,2026-06-28 10:40:17,83,leitura,,,,
RES-Q-TT,75.0048,C,OK,2026-06-28 10:40:17,83,leitura,,,,
RES-F-TT,11.7009,C,OK,2026-06-28 10:40:17,83,leitura,,,,
,28.0,,,2026-06-28 10:40:17,83,atuador,BOMBA-Q,PRINCIPAL,,
,40.0,,,2026-06-28 10:40:17,83,atuador,BOMBA-F,PRINCIPAL,,
TQ-MIX-TT,74.7705,C,OK,2026-06-28 10:40:20,84,leitura,,,,
TQ-MIX-LT,81.256,%,OK,2026-06-28 10:40:20,84,leitura,,,,
TQ-MIX-PT,2.62512,BAR,OK,2026-06-28 10:40:20,84,leitura,,,,
RES-Q-TT,74.7705,C,OK,2026-06-28 10:40:20,84,leitura,,,,
RES-F-TT,11.4492,C,OK,2026-06-28 10:40:20,84,leitura,,,,
,28.0,,,2026-06-28 10:40:20,84,atuador,BOMBA-Q,PRINCIPAL,,
,28.0,,,2026-06-28 10:40:20,84,atuador,BOMBA-F,PRINCIPAL,,
TQ-MIX-TT,11.3991,C,OK,2026-06-28 10:40:23,85,leitura,,,,
TQ-MIX-LT,81.136,%,OK,2026-06-28 10:40:23,85,leitura,,,,
TQ-MIX-PT,2.62272,BAR,OK,2026-06-28 10:40:23,85,leitura,,,,
RES-Q-TT,75.0139,C,OK,2026-06-28 10:40:23,85,leitura,,,,
RES-F-TT,11.3991,C,OK,2026-06-28 10:40:23,85,leitura,,,,
,28.0,,,2026-06-28 10:40:23,85,atuador,BOMBA-Q,PRINCIPAL,,
,40.0,,,2026-06-28 10:40:23,85,atuador,BOMBA-F,PRINCIPAL,,
TQ-MIX-TT,75.1701,C,OK,2026-06-28 10:40:26,86,leitura,,,,
TQ-MIX-LT,80.992,%,OK,2026-06-28 10:40:26,86,leitura,,,,
TQ-MIX-PT,2.61984,BAR,OK,2026-06-28 10:40:26,86,leitura,,,,
RES-Q-TT,75.1701,C,OK,2026-06-28 10:40:26,86,leitura,,,,
RES-F-TT,11.3,C,OK,2026-06-28 10:40:26,86,leitura,,,,
,28.0,,,2026-06-28 10:40:26,86,atuador,BOMBA-Q,PRINCIPAL,,
,28.0,,,2026-06-28 10:40:26,86,atuador,BOMBA-F,PRINCIPAL,,
TQ-MIX-TT,11.2674,C,OK,2026-06-28 10:40:29,87,leitura,,,,
TQ-MIX-LT,80.872,%,OK,2026-06-28 10:40:29,87,leitura,,,,
TQ-MIX-PT,2.61744,BAR,OK,2026-06-28 10:40:29,87,leitura,,,,
RES-Q-TT,74.8143,C,OK,2026-06-28 10:40:29,87,leitura,,,,
RES-F-TT,11.2674,C,OK,2026-06-28 10:40:29,87,leitura,,,,
,28.0,,,2026-06-28 10:40:29,87,atuador,BOMBA-Q,PRINCIPAL,,
,40.0,,,2026-06-28 10:40:29,87,atuador,BOMBA-F,PRINCIPAL,,
TQ-MIX-TT,74.9256,C,OK,2026-06-28 10:40:32,88,leitura,,,,
TQ-MIX-LT,80.728,%,OK,2026-06-28 10:40:32,88,leitura,,,,
TQ-MIX-PT,2.61456,BAR,OK,2026-06-28 10:40:32,88,leitura,,,,
RES-Q-TT,74.9256,C,OK,2026-06-28 10:40:32,88,leitura,,,,
RES-F-TT,11.531,C,OK,2026-06-28 10:40:32,88,leitura,,,,
,28.0,,,2026-06-28 10:40:32,88,atuador,BOMBA-Q,PRINCIPAL,,
,28.0,,,2026-06-28 10:40:32,88,atuador,BOMBA-F,PRINCIPAL,,
TQ-MIX-TT,11.6656,C,OK,2026-06-28 10:40:35,89,leitura,,,,
TQ-MIX-LT,80.608,%,OK,2026-06-28 10:40:35,89,leitura,,,,
TQ-MIX-PT,2.6121600000000003,BAR,OK,2026-06-28 10:40:35,89,leitura,,,,
RES-Q-TT,74.9962,C,OK,2026-06-28 10:40:35,89,leitura,,,,
RES-F-TT,11.6656,C,OK,2026-06-28 10:40:35,89,leitura,,,,
,28.0,,,2026-06-28 10:40:35,89,atuador,BOMBA-Q,PRINCIPAL,,
,40.0,,,2026-06-28 10:40:35,89,atuador,BOMBA-F,PRINCIPAL,,
TQ-MIX-TT,74.9769,C,OK,2026-06-28 10:40:38,90,leitura,,,,
TQ-MIX-LT,80.464,%,OK,2026-06-28 10:40:38,90,leitura,,,,
TQ-MIX-PT,2.60928,BAR,OK,2026-06-28 10:40:38,90,leitura,,,,
RES-Q-TT,74.9769,C,OK,2026-06-28 10:40:38,90,leitura,,,,
RES-F-TT,11.6092,C,OK,2026-06-28 10:40:38,90,leitura,,,,
,28.0,,,2026-06-28 10:40:38,90,atuador,BOMBA-Q,PRINCIPAL,,
,28.0,,,2026-06-28 10:40:38,90,atuador,BOMBA-F,PRINCIPAL,,
TQ-MIX-TT,11.569,C,OK,2026-06-28 10:40:41,91,leitura,,,,
TQ-MIX-LT,80.344,%,OK,2026-06-28 10:40:41,91,leitura,,,,
TQ-MIX-PT,2.6068800000000003,BAR,OK,2026-06-28 10:40:41,91,leitura,,,,
RES-Q-TT,75.0628,C,OK,2026-06-28 10:40:41,91,leitura,,,,
RES-F-TT,11.569,C,OK,2026-06-28 10:40:41,91,leitura,,,,
,28.0,,,2026-06-28 10:40:41,91,atuador,BOMBA-Q,PRINCIPAL,,
,40.0,,,2026-06-28 10:40:41,91,atuador,BOMBA-F,PRINCIPAL,,
TQ-MIX-TT,75.1475,C,OK,2026-06-28 10:40:44,92,leitura,,,,
TQ-MIX-LT,80.2,%,OK,2026-06-28 10:40:44,92,leitura,,,,
TQ-MIX-PT,2.604,BAR,OK,2026-06-28 10:40:44,92,leitura,,,,
RES-Q-TT,75.1475,C,OK,2026-06-28 10:40:44,92,leitura,,,,
RES-F-TT,11.3559,C,OK,2026-06-28 10:40:44,92,leitura,,,,
,28.0,,,2026-06-28 10:40:44,92,atuador,BOMBA-Q,PRINCIPAL,,
,28.0,,,2026-06-28 10:40:44,92,atuador,BOMBA-F,PRINCIPAL,,
TQ-MIX-TT,11.1198,C,OK,2026-06-28 10:40:47,93,leitura,,,,
TQ-MIX-LT,80.08,%,OK,2026-06-28 10:40:47,93,leitura,,,,
TQ-MIX-PT,2.6016,BAR,OK,2026-06-28 10:40:47,93,leitura,,,,
RES-Q-TT,74.8038,C,OK,2026-06-28 10:40:47,93,leitura,,,,
RES-F-TT,11.1198,C,OK,2026-06-28 10:40:47,93,leitura,,,,
,28.0,,,2026-06-28 10:40:47,93,atuador,BOMBA-Q,PRINCIPAL,,
,40.0,,,2026-06-28 10:40:47,93,atuador,BOMBA-F,PRINCIPAL,,
TQ-MIX-TT,74.8213,C,OK,2026-06-28 10:40:50,94,leitura,,,,
TQ-MIX-LT,79.936,%,OK,2026-06-28 10:40:50,94,leitura,,,,
TQ-MIX-PT,2.59872,BAR,OK,2026-06-28 10:40:50,94,leitura,,,,
RES-Q-TT,74.8213,C,OK,2026-06-28 10:40:50,94,leitura,,,,
RES-F-TT,11.0854,C,OK,2026-06-28 10:40:50,94,leitura,,,,
,28.0,,,2026-06-28 10:40:50,94,atuador,BOMBA-Q,PRINCIPAL,,
,28.0,,,2026-06-28 10:40:50,94,atuador,BOMBA-F,PRINCIPAL,,
TQ-MIX-TT,10.998,C,OK,2026-06-28 10:40:53,95,leitura,,,,
TQ-MIX-LT,79.816,%,OK,2026-06-28 10:40:53,95,leitura,,,,
TQ-MIX-PT,2.59632,BAR,OK,2026-06-28 10:40:53,95,leitura,,,,
RES-Q-TT,74.9985,C,OK,2026-06-28 10:40:53,95,leitura,,,,
RES-F-TT,10.998,C,OK,2026-06-28 10:40:53,95,leitura,,,,
,28.0,,,2026-06-28 10:40:53,95,atuador,BOMBA-Q,PRINCIPAL,,
,40.0,,,2026-06-28 10:40:53,95,atuador,BOMBA-F,PRINCIPAL,,
TQ-MIX-TT,75.0049,C,OK,2026-06-28 10:40:56,96,leitura,,,,
TQ-MIX-LT,79.672,%,OK,2026-06-28 10:40:56,96,leitura,,,,
TQ-MIX-PT,2.59344,BAR,OK,2026-06-28 10:40:56,96,leitura,,,,
RES-Q-TT,75.0049,C,OK,2026-06-28 10:40:56,96,leitura,,,,
RES-F-TT,11.1362,C,OK,2026-06-28 10:40:56,96,leitura,,,,
,28.0,,,2026-06-28 10:40:56,96,atuador,BOMBA-Q,PRINCIPAL,,
,28.0,,,2026-06-28 10:40:56,96,atuador,BOMBA-F,PRINCIPAL,,
TQ-MIX-TT,11.1255,C,OK,2026-06-28 10:40:59,97,leitura,,,,
TQ-MIX-LT,79.552,%,OK,2026-06-28 10:40:59,97,leitura,,,,
TQ-MIX-PT,2.59104,BAR,OK,2026-06-28 10:40:59,97,leitura,,,,
RES-Q-TT,74.9418,C,OK,2026-06-28 10:40:59,97,leitura,,,,
RES-F-TT,11.1255,C,OK,2026-06-28 10:40:59,97,leitura,,,,
,28.0,,,2026-06-28 10:40:59,97,atuador,BOMBA-Q,PRINCIPAL,,
,40.0,,,2026-06-28 10:40:59,97,atuador,BOMBA-F,PRINCIPAL,,
TQ-MIX-TT,75.0471,C,OK,2026-06-28 10:41:02,98,leitura,,,,
TQ-MIX-LT,79.408,%,OK,2026-06-28 10:41:02,98,leitura,,,,
TQ-MIX-PT,2.58816,BAR,OK,2026-06-28 10:41:02,98,leitura,,,,
RES-Q-TT,75.0471,C,OK,2026-06-28 10:41:02,98,leitura,,,,
RES-F-TT,11.1753,C,OK,2026-06-28 10:41:02,98,leitura,,,,
,28.0,,,2026-06-28 10:41:02,98,atuador,BOMBA-Q,PRINCIPAL,,
,28.0,,,2026-06-28 10:41:02,98,atuador,BOMBA-F,PRINCIPAL,,
TQ-MIX-TT,11.3994,C,OK,2026-06-28 10:41:05,99,leitura,,,,
TQ-MIX-LT,79.288,%,OK,2026-06-28 10:41:05,99,leitura,,,,
TQ-MIX-PT,2.58576,BAR,OK,2026-06-28 10:41:05,99,leitura,,,,
RES-Q-TT,75.0546,C,OK,2026-06-28 10:41:05,99,leitura,,,,
RES-F-TT,11.3994,C,OK,2026-06-28 10:41:05,99,leitura,,,,
,28.0,,,2026-06-28 10:41:05,99,atuador,BOMBA-Q,PRINCIPAL,,
,40.0,,,2026-06-28 10:41:05,99,atuador,BOMBA-F,PRINCIPAL,,
TQ-MIX-TT,75.0197,C,OK,2026-06-28 10:41:08,100,leitura,,,,
TQ-MIX-LT,79.144,%,OK,2026-06-28 10:41:08,100,leitura,,,,
TQ-MIX-PT,2.5828800000000003,BAR,OK,2026-06-28 10:41:08,100,leitura,,,,
RES-Q-TT,75.0197,C,OK,2026-06-28 10:41:08,100,leitura,,,,
RES-F-TT,11.6618,C,OK,2026-06-28 10:41:08,100,leitura,,,,
,28.0,,,2026-06-28 10:41:08,100,atuador,BOMBA-Q,PRINCIPAL,,
,28.0,,,2026-06-28 10:41:08,100,atuador,BOMBA-F,PRINCIPAL,,
TQ-MIX-TT,11.4909,C,OK,2026-06-28 10:41:11,101,leitura,,,,
TQ-MIX-LT,79.024,%,OK,2026-06-28 10:41:11,101,leitura,,,,
TQ-MIX-PT,2.58048,BAR,OK,2026-06-28 10:41:11,101,leitura,,,,
RES-Q-TT,75.2526,C,OK,2026-06-28 10:41:11,101,leitura,,,,
RES-F-TT,11.4909,C,OK,2026-06-28 10:41:11,101,leitura,,,,
,28.0,,,2026-06-28 10:41:11,101,atuador,BOMBA-Q,PRINCIPAL,,
,40.0,,,2026-06-28 10:41:11,101,atuador,BOMBA-F,PRINCIPAL,,
TQ-MIX-TT,74.8036,C,OK,2026-06-28 10:41:14,102,leitura,,,,
TQ-MIX-LT,78.88,%,OK,2026-06-28 10:41:14,102,leitura,,,,
TQ-MIX-PT,2.5776,BAR,OK,2026-06-28 10:41:14,102,leitura,,,,
RES-Q-TT,74.8036,C,OK,2026-06-28 10:41:14,102,leitura,,,,
RES-F-TT,11.2508,C,OK,2026-06-28 10:41:14,102,leitura,,,,
,28.0,,,2026-06-28 10:41:14,102,atuador,BOMBA-Q,PRINCIPAL,,
,28.0,,,2026-06-28 10:41:14,102,atuador,BOMBA-F,PRINCIPAL,,
TQ-MIX-TT,11.0041,C,OK,2026-06-28 10:41:17,103,leitura,,,,
TQ-MIX-LT,78.76,%,OK,2026-06-28 10:41:17,103,leitura,,,,
TQ-MIX-PT,2.5752,BAR,OK,2026-06-28 10:41:17,103,leitura,,,,
RES-Q-TT,74.6608,C,OK,2026-06-28 10:41:17,103,leitura,,,,
RES-F-TT,11.0041,C,OK,2026-06-28 10:41:17,103,leitura,,,,
,28.0,,,2026-06-28 10:41:17,103,atuador,BOMBA-Q,PRINCIPAL,,
,40.0,,,2026-06-28 10:41:17,103,atuador,BOMBA-F,PRINCIPAL,,
TQ-MIX-TT,74.3952,C,OK,2026-06-28 10:41:20,104,leitura,,,,
TQ-MIX-LT,78.616,%,OK,2026-06-28 10:41:20,104,leitura,,,,
TQ-MIX-PT,2.57232,BAR,OK,2026-06-28 10:41:20,104,leitura,,,,
RES-Q-TT,74.3952,C,OK,2026-06-28 10:41:20,104,leitura,,,,
RES-F-TT,11.2521,C,OK,2026-06-28 10:41:20,104,leitura,,,,
,28.0,,,2026-06-28 10:41:20,104,atuador,BOMBA-Q,PRINCIPAL,,
,28.0,,,2026-06-28 10:41:20,104,atuador,BOMBA-F,PRINCIPAL,,
TQ-MIX-TT,11.0612,C,OK,2026-06-28 10:41:23,105,leitura,,,,
TQ-MIX-LT,78.496,%,OK,2026-06-28 10:41:23,105,leitura,,,,
TQ-MIX-PT,2.56992,BAR,OK,2026-06-28 10:41:23,105,leitura,,,,
RES-Q-TT,74.5806,C,OK,2026-06-28 10:41:23,105,leitura,,,,
RES-F-TT,11.0612,C,OK,2026-06-28 10:41:23,105,leitura,,,,
,28.0,,,2026-06-28 10:41:23,105,atuador,BOMBA-Q,PRINCIPAL,,
,40.0,,,2026-06-28 10:41:23,105,atuador,BOMBA-F,PRINCIPAL,,
TQ-MIX-TT,74.432,C,OK,2026-06-28 10:41:26,106,leitura,,,,
TQ-MIX-LT,78.352,%,OK,2026-06-28 10:41:26,106,leitura,,,,
TQ-MIX-PT,2.56704,BAR,OK,2026-06-28 10:41:26,106,leitura,,,,
RES-Q-TT,74.432,C,OK,2026-06-28 10:41:26,106,leitura,,,,
RES-F-TT,11.345,C,OK,2026-06-28 10:41:26,106,leitura,,,,
,28.0,,,2026-06-28 10:41:26,106,atuador,BOMBA-Q,PRINCIPAL,,
,28.0,,,2026-06-28 10:41:26,106,atuador,BOMBA-F,PRINCIPAL,,
TQ-MIX-TT,11.2709,C,OK,2026-06-28 10:41:29,107,leitura,,,,
TQ-MIX-LT,78.232,%,OK,2026-06-28 10:41:29,107,leitura,,,,
TQ-MIX-PT,2.56464,BAR,OK,2026-06-28 10:41:29,107,leitura,,,,
RES-Q-TT,74.3755,C,OK,2026-06-28 10:41:29,107,leitura,,,,
RES-F-TT,11.2709,C,OK,2026-06-28 10:41:29,107,leitura,,,,
,28.0,,,2026-06-28 10:41:29,107,atuador,BOMBA-Q,PRINCIPAL,,
,40.0,,,2026-06-28 10:41:29,107,atuador,BOMBA-F,PRINCIPAL,,
TQ-MIX-TT,74.4582,C,OK,2026-06-28 10:41:32,108,leitura,,,,
TQ-MIX-LT,78.088,%,OK,2026-06-28 10:41:32,108,leitura,,,,
TQ-MIX-PT,2.56176,BAR,OK,2026-06-28 10:41:32,108,leitura,,,,
RES-Q-TT,74.4582,C,OK,2026-06-28 10:41:32,108,leitura,,,,
RES-F-TT,11.3801,C,OK,2026-06-28 10:41:32,108,leitura,,,,
,28.0,,,2026-06-28 10:41:32,108,atuador,BOMBA-Q,PRINCIPAL,,
,28.0,,,2026-06-28 10:41:32,108,atuador,BOMBA-F,PRINCIPAL,,
TQ-MIX-TT,11.3349,C,OK,2026-06-28 10:41:35,109,leitura,,,,
TQ-MIX-LT,77.968,%,OK,2026-06-28 10:41:35,109,leitura,,,,
TQ-MIX-PT,2.55936,BAR,OK,2026-06-28 10:41:35,109,leitura,,,,
RES-Q-TT,74.6602,C,OK,2026-06-28 10:41:35,109,leitura,,,,
RES-F-TT,11.3349,C,OK,2026-06-28 10:41:35,109,leitura,,,,
,28.0,,,2026-06-28 10:41:35,109,atuador,BOMBA-Q,PRINCIPAL,,
,40.0,,,2026-06-28 10:41:35,109,atuador,BOMBA-F,PRINCIPAL,,
TQ-MIX-TT,74.701,C,OK,2026-06-28 10:41:38,110,leitura,,,,
TQ-MIX-LT,77.824,%,OK,2026-06-28 10:41:38,110,leitura,,,,
TQ-MIX-PT,2.55648,BAR,OK,2026-06-28 10:41:38,110,leitura,,,,
RES-Q-TT,74.701,C,OK,2026-06-28 10:41:38,110,leitura,,,,
RES-F-TT,11.1865,C,OK,2026-06-28 10:41:38,110,leitura,,,,
,28.0,,,2026-06-28 10:41:38,110,atuador,BOMBA-Q,PRINCIPAL,,
,28.0,,,2026-06-28 10:41:38,110,atuador,BOMBA-F,PRINCIPAL,,
TQ-MIX-TT,11.3666,C,OK,2026-06-28 10:41:41,111,leitura,,,,
TQ-MIX-LT,77.704,%,OK,2026-06-28 10:41:41,111,leitura,,,,
TQ-MIX-PT,2.55408,BAR,OK,2026-06-28 10:41:41,111,leitura,,,,
RES-Q-TT,74.6438,C,OK,2026-06-28 10:41:41,111,leitura,,,,
RES-F-TT,11.3666,C,OK,2026-06-28 10:41:41,111,leitura,,,,
,28.0,,,2026-06-28 10:41:41,111,atuador,BOMBA-Q,PRINCIPAL,,
,40.0,,,2026-06-28 10:41:41,111,atuador,BOMBA-F,PRINCIPAL,,
TQ-MIX-TT,74.3755,C,OK,2026-06-28 10:41:44,112,leitura,,,,
TQ-MIX-LT,77.56,%,OK,2026-06-28 10:41:44,112,leitura,,,,
TQ-MIX-PT,2.5512,BAR,OK,2026-06-28 10:41:44,112,leitura,,,,
RES-Q-TT,74.3755,C,OK,2026-06-28 10:41:44,112,leitura,,,,
RES-F-TT,11.2747,C,OK,2026-06-28 10:41:44,112,leitura,,,,
,28.0,,,2026-06-28 10:41:44,112,atuador,BOMBA-Q,PRINCIPAL,,
,28.0,,,2026-06-28 10:41:44,112,atuador,BOMBA-F,PRINCIPAL,,
TQ-MIX-TT,11.3461,C,OK,2026-06-28 10:41:47,113,leitura,,,,
TQ-MIX-LT,77.44,%,OK,2026-06-28 10:41:47,113,leitura,,,,
TQ-MIX-PT,2.5488,BAR,OK,2026-06-28 10:41:47,113,leitura,,,,
RES-Q-TT,74.0984,C,OK,2026-06-28 10:41:47,113,leitura,,,,
RES-F-TT,11.3461,C,OK,2026-06-28 10:41:47,113,leitura,,,,
,28.0,,,2026-06-28 10:41:47,113,atuador,BOMBA-Q,PRINCIPAL,,
,40.0,,,2026-06-28 10:41:47,113,atuador,BOMBA-F,PRINCIPAL,,
TQ-MIX-TT,74.3847,C,OK,2026-06-28 10:41:50,114,leitura,,,,
TQ-MIX-LT,77.296,%,OK,2026-06-28 10:41:50,114,leitura,,,,
TQ-MIX-PT,2.54592,BAR,OK,2026-06-28 10:41:50,114,leitura,,,,
RES-Q-TT,74.3847,C,OK,2026-06-28 10:41:50,114,leitura,,,,
RES-F-TT,11.487,C,OK,2026-06-28 10:41:50,114,leitura,,,,
,28.0,,,2026-06-28 10:41:50,114,atuador,BOMBA-Q,PRINCIPAL,,
,28.0,,,2026-06-28 10:41:50,114,atuador,BOMBA-F,PRINCIPAL,,
TQ-MIX-TT,11.2761,C,OK,2026-06-28 10:41:53,115,leitura,,,,
TQ-MIX-LT,77.176,%,OK,2026-06-28 10:41:53,115,leitura,,,,
TQ-MIX-PT,2.54352,BAR,OK,2026-06-28 10:41:53,115,leitura,,,,
RES-Q-TT,74.2923,C,OK,2026-06-28 10:41:53,115,leitura,,,,
RES-F-TT,11.2761,C,OK,2026-06-28 10:41:53,115,leitura,,,,
,28.0,,,2026-06-28 10:41:53,115,atuador,BOMBA-Q,PRINCIPAL,,
,40.0,,,2026-06-28 10:41:53,115,atuador,BOMBA-F,PRINCIPAL,,
TQ-MIX-TT,74.4756,C,OK,2026-06-28 10:41:56,116,leitura,,,,
TQ-MIX-LT,77.032,%,OK,2026-06-28 10:41:56,116,leitura,,,,
TQ-MIX-PT,2.54064,BAR,OK,2026-06-28 10:41:56,116,leitura,,,,
RES-Q-TT,74.4756,C,OK,2026-06-28 10:41:56,116,leitura,,,,
RES-F-TT,11.0115,C,OK,2026-06-28 10:41:56,116,leitura,,,,
,28.0,,,2026-06-28 10:41:56,116,atuador,BOMBA-Q,PRINCIPAL,,
,28.0,,,2026-06-28 10:41:56,116,atuador,BOMBA-F,PRINCIPAL,,
TQ-MIX-TT,10.9951,C,OK,2026-06-28 10:41:59,117,leitura,,,,
TQ-MIX-LT,76.912,%,OK,2026-06-28 10:41:59,117,leitura,,,,
TQ-MIX-PT,2.53824,BAR,OK,2026-06-28 10:41:59,117,leitura,,,,
RES-Q-TT,74.2021,C,OK,2026-06-28 10:41:59,117,leitura,,,,
RES-F-TT,10.9951,C,OK,2026-06-28 10:41:59,117,leitura,,,,
,28.0,,,2026-06-28 10:41:59,117,atuador,BOMBA-Q,PRINCIPAL,,
,40.0,,,2026-06-28 10:41:59,117,atuador,BOMBA-F,PRINCIPAL,,
TQ-MIX-TT,73.9212,C,OK,2026-06-28 10:42:02,118,leitura,,,,
TQ-MIX-LT,76.768,%,OK,2026-06-28 10:42:02,118,leitura,,,,
TQ-MIX-PT,2.53536,BAR,OK,2026-06-28 10:42:02,118,leitura,,,,
RES-Q-TT,73.9212,C,OK,2026-06-28 10:42:02,118,leitura,,,,
RES-F-TT,10.7338,C,OK,2026-06-28 10:42:02,118,leitura,,,,
,28.0,,,2026-06-28 10:42:02,118,atuador,BOMBA-Q,PRINCIPAL,,
,28.0,,,2026-06-28 10:42:02,118,atuador,BOMBA-F,PRINCIPAL,,
TQ-MIX-TT,10.6022,C,OK,2026-06-28 10:42:05,119,leitura,,,,
TQ-MIX-LT,76.648,%,OK,2026-06-28 10:42:05,119,leitura,,,,
TQ-MIX-PT,2.53296,BAR,OK,2026-06-28 10:42:05,119,leitura,,,,
RES-Q-TT,73.9157,C,OK,2026-06-28 10:42:05,119,leitura,,,,
RES-F-TT,10.6022,C,OK,2026-06-28 10:42:05,119,leitura,,,,
,28.0,,,2026-06-28 10:42:05,119,atuador,BOMBA-Q,PRINCIPAL,,
,40.0,,,2026-06-28 10:42:05,119,atuador,BOMBA-F,PRINCIPAL,,
TQ-MIX-TT,73.9778,C,OK,2026-06-28 10:42:08,120,leitura,,,,
TQ-MIX-LT,76.504,%,OK,2026-06-28 10:42:08,120,leitura,,,,
TQ-MIX-PT,2.53008,BAR,OK,2026-06-28 10:42:08,120,leitura,,,,
RES-Q-TT,73.9778,C,OK,2026-06-28 10:42:08,120,leitura,,,,
RES-F-TT,10.7906,C,OK,2026-06-28 10:42:08,120,leitura,,,,
,28.0,,,2026-06-28 10:42:08,120,atuador,BOMBA-Q,PRINCIPAL,,
,28.0,,,2026-06-28 10:42:08,120,atuador,BOMBA-F,PRINCIPAL,,
TQ-MIX-TT,10.7223,C,OK,2026-06-28 10:42:11,121,leitura,,,,
TQ-MIX-LT,76.384,%,OK,2026-06-28 10:42:11,121,leitura,,,,
TQ-MIX-PT,2.52768,BAR,OK,2026-06-28 10:42:11,121,leitura,,,,
RES-Q-TT,73.8237,C,OK,2026-06-28 10:42:11,121,leitura,,,,
RES-F-TT,10.7223,C,OK,2026-06-28 10:42:11,121,leitura,,,,
,28.0,,,2026-06-28 10:42:11,121,atuador,BOMBA-Q,PRINCIPAL,,
,40.0,,,2026-06-28 10:42:11,121,atuador,BOMBA-F,PRINCIPAL,,
TQ-MIX-TT,74.12,C,OK,2026-06-28 10:42:14,122,leitura,,,,
TQ-MIX-LT,76.24,%,OK,2026-06-28 10:42:14,122,leitura,,,,
TQ-MIX-PT,2.5248,BAR,OK,2026-06-28 10:42:14,122,leitura,,,,
RES-Q-TT,74.12,C,OK,2026-06-28 10:42:14,122,leitura,,,,
RES-F-TT,10.827,C,OK,2026-06-28 10:42:14,122,leitura,,,,
,28.0,,,2026-06-28 10:42:14,122,atuador,BOMBA-Q,PRINCIPAL,,
,28.0,,,2026-06-28 10:42:14,122,atuador,BOMBA-F,PRINCIPAL,,
TQ-MIX-TT,10.6349,C,OK,2026-06-28 10:42:17,123,leitura,,,,
TQ-MIX-LT,76.12,%,OK,2026-06-28 10:42:17,123,leitura,,,,
TQ-MIX-PT,2.5224,BAR,OK,2026-06-28 10:42:17,123,leitura,,,,
RES-Q-TT,74.3751,C,OK,2026-06-28 10:42:17,123,leitura,,,,
RES-F-TT,10.6349,C,OK,2026-06-28 10:42:17,123,leitura,,,,
,28.0,,,2026-06-28 10:42:17,123,atuador,BOMBA-Q,PRINCIPAL,,
,40.0,,,2026-06-28 10:42:17,123,atuador,BOMBA-F,PRINCIPAL,,
TQ-MIX-TT,74.4478,C,OK,2026-06-28 10:42:20,124,leitura,,,,
TQ-MIX-LT,75.976,%,OK,2026-06-28 10:42:20,124,leitura,,,,
TQ-MIX-PT,2.51952,BAR,OK,2026-06-28 10:42:20,124,leitura,,,,
RES-Q-TT,74.4478,C,OK,2026-06-28 10:42:20,124,leitura,,,,
RES-F-TT,10.3607,C,OK,2026-06-28 10:42:20,124,leitura,,,,
,28.0,,,2026-06-28 10:42:20,124,atuador,BOMBA-Q,PRINCIPAL,,
,28.0,,,2026-06-28 10:42:20,124,atuador,BOMBA-F,PRINCIPAL,,
TQ-MIX-TT,10.1415,C,OK,2026-06-28 10:42:23,125,leitura,,,,
TQ-MIX-LT,75.856,%,OK,2026-06-28 10:42:23,125,leitura,,,,
TQ-MIX-PT,2.51712,BAR,OK,2026-06-28 10:42:23,125,leitura,,,,
RES-Q-TT,74.4082,C,OK,2026-06-28 10:42:23,125,leitura,,,,
RES-F-TT,10.1415,C,OK,2026-06-28 10:42:23,125,leitura,,,,
,28.0,,,2026-06-28 10:42:23,125,atuador,BOMBA-Q,PRINCIPAL,,
,40.0,,,2026-06-28 10:42:23,125,atuador,BOMBA-F,PRINCIPAL,,
TQ-MIX-TT,74.4255,C,OK,2026-06-28 10:42:26,126,leitura,,,,
TQ-MIX-LT,75.712,%,OK,2026-06-28 10:42:26,126,leitura,,,,
TQ-MIX-PT,2.51424,BAR,OK,2026-06-28 10:42:26,126,leitura,,,,
RES-Q-TT,74.4255,C,OK,2026-06-28 10:42:26,126,leitura,,,,
RES-F-TT,9.90374,C,OK,2026-06-28 10:42:26,126,leitura,,,,
,28.0,,,2026-06-28 10:42:26,126,atuador,BOMBA-Q,PRINCIPAL,,
,28.0,,,2026-06-28 10:42:26,126,atuador,BOMBA-F,PRINCIPAL,,
TQ-MIX-TT,10.0794,C,OK,2026-06-28 10:42:29,127,leitura,,,,
TQ-MIX-LT,75.592,%,OK,2026-06-28 10:42:29,127,leitura,,,,
TQ-MIX-PT,2.5118400000000003,BAR,OK,2026-06-28 10:42:29,127,leitura,,,,
RES-Q-TT,74.4664,C,OK,2026-06-28 10:42:29,127,leitura,,,,
RES-F-TT,10.0794,C,OK,2026-06-28 10:42:29,127,leitura,,,,
,28.0,,,2026-06-28 10:42:29,127,atuador,BOMBA-Q,PRINCIPAL,,
,40.0,,,2026-06-28 10:42:29,127,atuador,BOMBA-F,PRINCIPAL,,
TQ-MIX-TT,74.5668,C,OK,2026-06-28 10:42:32,128,leitura,,,,
TQ-MIX-LT,75.448,%,OK,2026-06-28 10:42:32,128,leitura,,,,
TQ-MIX-PT,2.50896,BAR,OK,2026-06-28 10:42:32,128,leitura,,,,
RES-Q-TT,74.5668,C,OK,2026-06-28 10:42:32,128,leitura,,,,
RES-F-TT,10.1229,C,OK,2026-06-28 10:42:32,128,leitura,,,,
,28.0,,,2026-06-28 10:42:32,128,atuador,BOMBA-Q,PRINCIPAL,,
,28.0,,,2026-06-28 10:42:32,128,atuador,BOMBA-F,PRINCIPAL,,
TQ-MIX-TT,10.0562,C,OK,2026-06-28 10:42:35,129,leitura,,,,
TQ-MIX-LT,75.328,%,OK,2026-06-28 10:42:35,129,leitura,,,,
TQ-MIX-PT,2.50656,BAR,OK,2026-06-28 10:42:35,129,leitura,,,,
RES-Q-TT,74.339,C,OK,2026-06-28 10:42:35,129,leitura,,,,
RES-F-TT,10.0562,C,OK,2026-06-28 10:42:35,129,leitura,,,,
,28.0,,,2026-06-28 10:42:35,129,atuador,BOMBA-Q,PRINCIPAL,,
,40.0,,,2026-06-28 10:42:35,129,atuador,BOMBA-F,PRINCIPAL,,
TQ-MIX-TT,74.60210000000001,C,OK,2026-06-28 10:42:38,130,leitura,,,,
TQ-MIX-LT,75.184,%,OK,2026-06-28 10:42:38,130,leitura,,,,
TQ-MIX-PT,2.50368,BAR,OK,2026-06-28 10:42:38,130,leitura,,,,
RES-Q-TT,74.60210000000001,C,OK,2026-06-28 10:42:38,130,leitura,,,,
RES-F-TT,9.9469,C,OK,2026-06-28 10:42:38,130,leitura,,,,
,28.0,,,2026-06-28 10:42:38,130,atuador,BOMBA-Q,PRINCIPAL,,
,28.0,,,2026-06-28 10:42:38,130,atuador,BOMBA-F,PRINCIPAL,,
TQ-MIX-TT,9.89087,C,OK,2026-06-28 10:42:41,131,leitura,,,,
TQ-MIX-LT,75.064,%,OK,2026-06-28 10:42:41,131,leitura,,,,
TQ-MIX-PT,2.50128,BAR,OK,2026-06-28 10:42:41,131,leitura,,,,
RES-Q-TT,74.9,C,OK,2026-06-28 10:42:41,131,leitura,,,,
RES-F-TT,9.89087,C,OK,2026-06-28 10:42:41,131,leitura,,,,
,28.0,,,2026-06-28 10:42:41,131,atuador,BOMBA-Q,PRINCIPAL,,
,40.0,,,2026-06-28 10:42:41,131,atuador,BOMBA-F,PRINCIPAL,,
TQ-MIX-TT,75.1818,C,OK,2026-06-28 10:42:44,132,leitura,,,,
TQ-MIX-LT,74.92,%,OK,2026-06-28 10:42:44,132,leitura,,,,
TQ-MIX-PT,2.4984,BAR,OK,2026-06-28 10:42:44,132,leitura,,,,
RES-Q-TT,75.1818,C,OK,2026-06-28 10:42:44,132,leitura,,,,
RES-F-TT,10.032,C,OK,2026-06-28 10:42:44,132,leitura,,,,
,28.0,,,2026-06-28 10:42:44,132,atuador,BOMBA-Q,PRINCIPAL,,
,28.0,,,2026-06-28 10:42:44,132,atuador,BOMBA-F,PRINCIPAL,,
TQ-MIX-TT,10.2204,C,OK,2026-06-28 10:42:47,133,leitura,,,,
TQ-MIX-LT,74.8,%,OK,2026-06-28 10:42:47,133,leitura,,,,
TQ-MIX-PT,2.496,BAR,OK,2026-06-28 10:42:47,133,leitura,,,,
RES-Q-TT,74.8175,C,OK,2026-06-28 10:42:47,133,leitura,,,,
RES-F-TT,10.2204,C,OK,2026-06-28 10:42:47,133,leitura,,,,
,28.0,,,2026-06-28 10:42:47,133,atuador,BOMBA-Q,PRINCIPAL,,
,40.0,,,2026-06-28 10:42:47,133,atuador,BOMBA-F,PRINCIPAL,,
TQ-MIX-TT,75.0829,C,OK,2026-06-28 10:42:50,134,leitura,,,,
TQ-MIX-LT,74.656,%,OK,2026-06-28 10:42:50,134,leitura,,,,
TQ-MIX-PT,2.49312,BAR,OK,2026-06-28 10:42:50,134,leitura,,,,
RES-Q-TT,75.0829,C,OK,2026-06-28 10:42:50,134,leitura,,,,
RES-F-TT,10.0062,C,OK,2026-06-28 10:42:50,134,leitura,,,,
,28.0,,,2026-06-28 10:42:50,134,atuador,BOMBA-Q,PRINCIPAL,,
,28.0,,,2026-06-28 10:42:50,134,atuador,BOMBA-F,PRINCIPAL,,
TQ-MIX-TT,10.2797,C,OK,2026-06-28 10:42:53,135,leitura,,,,
TQ-MIX-LT,74.536,%,OK,2026-06-28 10:42:53,135,leitura,,,,
TQ-MIX-PT,2.49072,BAR,OK,2026-06-28 10:42:53,135,leitura,,,,
RES-Q-TT,74.7753,C,OK,2026-06-28 10:42:53,135,leitura,,,,
RES-F-TT,10.2797,C,OK,2026-06-28 10:42:53,135,leitura,,,,
,28.0,,,2026-06-28 10:42:53,135,atuador,BOMBA-Q,PRINCIPAL,,
,40.0,,,2026-06-28 10:42:53,135,atuador,BOMBA-F,PRINCIPAL,,
TQ-MIX-TT,74.8026,C,OK,2026-06-28 10:42:56,136,leitura,,,,
TQ-MIX-LT,74.392,%,OK,2026-06-28 10:42:56,136,leitura,,,,
TQ-MIX-PT,2.4878400000000003,BAR,OK,2026-06-28 10:42:56,136,leitura,,,,
RES-Q-TT,74.8026,C,OK,2026-06-28 10:42:56,136,leitura,,,,
RES-F-TT,10.2276,C,OK,2026-06-28 10:42:56,136,leitura,,,,
,28.0,,,2026-06-28 10:42:56,136,atuador,BOMBA-Q,PRINCIPAL,,
,28.0,,,2026-06-28 10:42:56,136,atuador,BOMBA-F,PRINCIPAL,,
TQ-MIX-TT,10.0046,C,OK,2026-06-28 10:42:59,137,leitura,,,,
TQ-MIX-LT,74.272,%,OK,2026-06-28 10:42:59,137,leitura,,,,
TQ-MIX-PT,2.48544,BAR,OK,2026-06-28 10:42:59,137,leitura,,,,
RES-Q-TT,74.9538,C,OK,2026-06-28 10:42:59,137,leitura,,,,
RES-F-TT,10.0046,C,OK,2026-06-28 10:42:59,137,leitura,,,,
,28.0,,,2026-06-28 10:42:59,137,atuador,BOMBA-Q,PRINCIPAL,,
,40.0,,,2026-06-28 10:42:59,137,atuador,BOMBA-F,PRINCIPAL,,
TQ-MIX-TT,75.0273,C,OK,2026-06-28 10:43:02,138,leitura,,,,
TQ-MIX-LT,74.128,%,OK,2026-06-28 10:43:02,138,leitura,,,,
TQ-MIX-PT,2.48256,BAR,OK,2026-06-28 10:43:02,138,leitura,,,,
RES-Q-TT,75.0273,C,OK,2026-06-28 10:43:02,138,leitura,,,,
RES-F-TT,9.71637,C,OK,2026-06-28 10:43:02,138,leitura,,,,
,28.0,,,2026-06-28 10:43:02,138,atuador,BOMBA-Q,PRINCIPAL,,
,28.0,,,2026-06-28 10:43:02,138,atuador,BOMBA-F,PRINCIPAL,,
TQ-MIX-TT,10.0197,C,OK,2026-06-28 10:43:05,139,leitura,,,,
TQ-MIX-LT,74.008,%,OK,2026-06-28 10:43:05,139,leitura,,,,
TQ-MIX-PT,2.48016,BAR,OK,2026-06-28 10:43:05,139,leitura,,,,
RES-Q-TT,74.7594,C,OK,2026-06-28 10:43:05,139,leitura,,,,
RES-F-TT,10.0197,C,OK,2026-06-28 10:43:05,139,leitura,,,,
,28.0,,,2026-06-28 10:43:05,139,atuador,BOMBA-Q,PRINCIPAL,,
,40.0,,,2026-06-28 10:43:05,139,atuador,BOMBA-F,PRINCIPAL,,
TQ-MIX-TT,74.6086,C,OK,2026-06-28 10:43:08,140,leitura,,,,
TQ-MIX-LT,73.864,%,OK,2026-06-28 10:43:08,140,leitura,,,,
TQ-MIX-PT,2.47728,BAR,OK,2026-06-28 10:43:08,140,leitura,,,,
RES-Q-TT,74.6086,C,OK,2026-06-28 10:43:08,140,leitura,,,,
RES-F-TT,10.0257,C,OK,2026-06-28 10:43:08,140,leitura,,,,
,28.0,,,2026-06-28 10:43:08,140,atuador,BOMBA-Q,PRINCIPAL,,
,28.0,,,2026-06-28 10:43:08,140,atuador,BOMBA-F,PRINCIPAL,,
TQ-MIX-TT,9.80507,C,OK,2026-06-28 10:43:11,141,leitura,,,,
TQ-MIX-LT,73.744,%,OK,2026-06-28 10:43:11,141,leitura,,,,
TQ-MIX-PT,2.47488,BAR,OK,2026-06-28 10:43:11,141,leitura,,,,
RES-Q-TT,74.4238,C,OK,2026-06-28 10:43:11,141,leitura,,,,
RES-F-TT,9.80507,C,OK,2026-06-28 10:43:11,141,leitura,,,,
,28.0,,,2026-06-28 10:43:11,141,atuador,BOMBA-Q,PRINCIPAL,,
,40.0,,,2026-06-28 10:43:11,141,atuador,BOMBA-F,PRINCIPAL,,
TQ-MIX-TT,74.5418,C,OK,2026-06-28 10:43:14,142,leitura,,,,
TQ-MIX-LT,73.6,%,OK,2026-06-28 10:43:14,142,leitura,,,,
TQ-MIX-PT,2.472,BAR,OK,2026-06-28 10:43:14,142,leitura,,,,
RES-Q-TT,74.5418,C,OK,2026-06-28 10:43:14,142,leitura,,,,
RES-F-TT,10.0155,C,OK,2026-06-28 10:43:14,142,leitura,,,,
,28.0,,,2026-06-28 10:43:14,142,atuador,BOMBA-Q,PRINCIPAL,,
,28.0,,,2026-06-28 10:43:14,142,atuador,BOMBA-F,PRINCIPAL,,
TQ-MIX-TT,9.72502,C,OK,2026-06-28 10:43:17,143,leitura,,,,
TQ-MIX-LT,73.48,%,OK,2026-06-28 10:43:17,143,leitura,,,,
TQ-MIX-PT,2.4696,BAR,OK,2026-06-28 10:43:17,143,leitura,,,,
RES-Q-TT,74.8028,C,OK,2026-06-28 10:43:17,143,leitura,,,,
RES-F-TT,9.72502,C,OK,2026-06-28 10:43:17,143,leitura,,,,
,28.0,,,2026-06-28 10:43:17,143,atuador,BOMBA-Q,PRINCIPAL,,
,40.0,,,2026-06-28 10:43:17,143,atuador,BOMBA-F,PRINCIPAL,,
TQ-MIX-TT,74.9375,C,OK,2026-06-28 10:43:20,144,leitura,,,,
TQ-MIX-LT,73.336,%,OK,2026-06-28 10:43:20,144,leitura,,,,
TQ-MIX-PT,2.46672,BAR,OK,2026-06-28 10:43:20,144,leitura,,,,
RES-Q-TT,74.9375,C,OK,2026-06-28 10:43:20,144,leitura,,,,
RES-F-TT,10.2866,C,OK,2026-06-28 10:43:20,144,leitura,,,,
,28.0,,,2026-06-28 10:43:20,144,atuador,BOMBA-Q,PRINCIPAL,,
,28.0,,,2026-06-28 10:43:20,144,atuador,BOMBA-F,PRINCIPAL,,
TQ-MIX-TT,10.3526,C,OK,2026-06-28 10:43:23,145,leitura,,,,
TQ-MIX-LT,73.216,%,OK,2026-06-28 10:43:23,145,leitura,,,,
TQ-MIX-PT,2.46432,BAR,OK,2026-06-28 10:43:23,145,leitura,,,,
RES-Q-TT,74.699,C,OK,2026-06-28 10:43:23,145,leitura,,,,
RES-F-TT,10.3526,C,OK,2026-06-28 10:43:23,145,leitura,,,,
,28.0,,,2026-06-28 10:43:23,145,atuador,BOMBA-Q,PRINCIPAL,,
,40.0,,,2026-06-28 10:43:23,145,atuador,BOMBA-F,PRINCIPAL,,
TQ-MIX-TT,74.9954,C,OK,2026-06-28 10:43:26,146,leitura,,,,
TQ-MIX-LT,73.072,%,OK,2026-06-28 10:43:26,146,leitura,,,,
TQ-MIX-PT,2.46144,BAR,OK,2026-06-28 10:43:26,146,leitura,,,,
RES-Q-TT,74.9954,C,OK,2026-06-28 10:43:26,146,leitura,,,,
RES-F-TT,10.3473,C,OK,2026-06-28 10:43:26,146,leitura,,,,
,28.0,,,2026-06-28 10:43:26,146,atuador,BOMBA-Q,PRINCIPAL,,
,28.0,,,2026-06-28 10:43:26,146,atuador,BOMBA-F,PRINCIPAL,,
TQ-MIX-TT,10.4479,C,OK,2026-06-28 10:43:29,147,leitura,,,,
TQ-MIX-LT,72.952,%,OK,2026-06-28 10:43:29,147,leitura,,,,
TQ-MIX-PT,2.45904,BAR,OK,2026-06-28 10:43:29,147,leitura,,,,
RES-Q-TT,74.8531,C,OK,2026-06-28 10:43:29,147,leitura,,,,
RES-F-TT,10.4479,C,OK,2026-06-28 10:43:29,147,leitura,,,,
,28.0,,,2026-06-28 10:43:29,147,atuador,BOMBA-Q,PRINCIPAL,,
,40.0,,,2026-06-28 10:43:29,147,atuador,BOMBA-F,PRINCIPAL,,
TQ-MIX-TT,74.7215,C,OK,2026-06-28 10:43:32,148,leitura,,,,
TQ-MIX-LT,72.808,%,OK,2026-06-28 10:43:32,148,leitura,,,,
TQ-MIX-PT,2.45616,BAR,OK,2026-06-28 10:43:32,148,leitura,,,,
RES-Q-TT,74.7215,C,OK,2026-06-28 10:43:32,148,leitura,,,,
RES-F-TT,10.464,C,OK,2026-06-28 10:43:32,148,leitura,,,,
,28.0,,,2026-06-28 10:43:32,148,atuador,BOMBA-Q,PRINCIPAL,,
,28.0,,,2026-06-28 10:43:32,148,atuador,BOMBA-F,PRINCIPAL,,
TQ-MIX-TT,10.3141,C,OK,2026-06-28 10:43:35,149,leitura,,,,
TQ-MIX-LT,72.688,%,OK,2026-06-28 10:43:35,149,leitura,,,,
TQ-MIX-PT,2.45376,BAR,OK,2026-06-28 10:43:35,149,leitura,,,,
RES-Q-TT,74.6027,C,OK,2026-06-28 10:43:35,149,leitura,,,,
RES-F-TT,10.3141,C,OK,2026-06-28 10:43:35,149,leitura,,,,
,28.0,,,2026-06-28 10:43:35,149,atuador,BOMBA-Q,PRINCIPAL,,
,40.0,,,2026-06-28 10:43:35,149,atuador,BOMBA-F,PRINCIPAL,,
TQ-MIX-TT,74.7319,C,OK,2026-06-28 10:43:38,150,leitura,,,,
TQ-MIX-LT,72.544,%,OK,2026-06-28 10:43:38,150,leitura,,,,
TQ-MIX-PT,2.45088,BAR,OK,2026-06-28 10:43:38,150,leitura,,,,
RES-Q-TT,74.7319,C,OK,2026-06-28 10:43:38,150,leitura,,,,
RES-F-TT,10.2523,C,OK,2026-06-28 10:43:38,150,leitura,,,,
,28.0,,,2026-06-28 10:43:38,150,atuador,BOMBA-Q,PRINCIPAL,,
,28.0,,,2026-06-28 10:43:38,150,atuador,BOMBA-F,PRINCIPAL,,
TQ-MIX-TT,10.0228,C,OK,2026-06-28 10:43:41,151,leitura,,,,
TQ-MIX-LT,72.424,%,OK,2026-06-28 10:43:41,151,leitura,,,,
TQ-MIX-PT,2.44848,BAR,OK,2026-06-28 10:43:41,151,leitura,,,,
RES-Q-TT,74.7043,C,OK,2026-06-28 10:43:41,151,leitura,,,,
RES-F-TT,10.0228,C,OK,2026-06-28 10:43:41,151,leitura,,,,
,28.0,,,2026-06-28 10:43:41,151,atuador,BOMBA-Q,PRINCIPAL,,
,40.0,,,2026-06-28 10:43:41,151,atuador,BOMBA-F,PRINCIPAL,,
TQ-MIX-TT,74.945,C,OK,2026-06-28 10:43:44,152,leitura,,,,
TQ-MIX-LT,72.28,%,OK,2026-06-28 10:43:44,152,leitura,,,,
TQ-MIX-PT,2.4456,BAR,OK,2026-06-28 10:43:44,152,leitura,,,,
RES-Q-TT,74.945,C,OK,2026-06-28 10:43:44,152,leitura,,,,
RES-F-TT,9.79584,C,OK,2026-06-28 10:43:44,152,leitura,,,,
,28.0,,,2026-06-28 10:43:44,152,atuador,BOMBA-Q,PRINCIPAL,,
,28.0,,,2026-06-28 10:43:44,152,atuador,BOMBA-F,PRINCIPAL,,
TQ-MIX-TT,9.90061,C,OK,2026-06-28 10:43:47,153,leitura,,,,
TQ-MIX-LT,72.16,%,OK,2026-06-28 10:43:47,153,leitura,,,,
TQ-MIX-PT,2.4432,BAR,OK,2026-06-28 10:43:47,153,leitura,,,,
RES-Q-TT,74.7115,C,OK,2026-06-28 10:43:47,153,leitura,,,,
RES-F-TT,9.90061,C,OK,2026-06-28 10:43:47,153,leitura,,,,
,28.0,,,2026-06-28 10:43:47,153,atuador,BOMBA-Q,PRINCIPAL,,
,40.0,,,2026-06-28 10:43:47,153,atuador,BOMBA-F,PRINCIPAL,,
TQ-MIX-TT,74.625,C,OK,2026-06-28 10:43:50,154,leitura,,,,
TQ-MIX-LT,72.016,%,OK,2026-06-28 10:43:50,154,leitura,,,,
TQ-MIX-PT,2.44032,BAR,OK,2026-06-28 10:43:50,154,leitura,,,,
RES-Q-TT,74.625,C,OK,2026-06-28 10:43:50,154,leitura,,,,
RES-F-TT,10.2299,C,OK,2026-06-28 10:43:50,154,leitura,,,,
,28.0,,,2026-06-28 10:43:50,154,atuador,BOMBA-Q,PRINCIPAL,,
,28.0,,,2026-06-28 10:43:50,154,atuador,BOMBA-F,PRINCIPAL,,
TQ-MIX-TT,10.3537,C,OK,2026-06-28 10:43:53,155,leitura,,,,
TQ-MIX-LT,71.896,%,OK,2026-06-28 10:43:53,155,leitura,,,,
TQ-MIX-PT,2.43792,BAR,OK,2026-06-28 10:43:53,155,leitura,,,,
RES-Q-TT,74.6388,C,OK,2026-06-28 10:43:53,155,leitura,,,,
RES-F-TT,10.3537,C,OK,2026-06-28 10:43:53,155,leitura,,,,
,28.0,,,2026-06-28 10:43:53,155,atuador,BOMBA-Q,PRINCIPAL,,
,40.0,,,2026-06-28 10:43:53,155,atuador,BOMBA-F,PRINCIPAL,,
TQ-MIX-TT,74.352,C,OK,2026-06-28 10:43:56,156,leitura,,,,
TQ-MIX-LT,71.752,%,OK,2026-06-28 10:43:56,156,leitura,,,,
TQ-MIX-PT,2.43504,BAR,OK,2026-06-28 10:43:56,156,leitura,,,,
RES-Q-TT,74.352,C,OK,2026-06-28 10:43:56,156,leitura,,,,
RES-F-TT,10.4719,C,OK,2026-06-28 10:43:56,156,leitura,,,,
,28.0,,,2026-06-28 10:43:56,156,atuador,BOMBA-Q,PRINCIPAL,,
,28.0,,,2026-06-28 10:43:56,156,atuador,BOMBA-F,PRINCIPAL,,
TQ-MIX-TT,10.4218,C,OK,2026-06-28 10:43:59,157,leitura,,,,
TQ-MIX-LT,71.632,%,OK,2026-06-28 10:43:59,157,leitura,,,,
TQ-MIX-PT,2.43264,BAR,OK,2026-06-28 10:43:59,157,leitura,,,,
RES-Q-TT,74.4259,C,OK,2026-06-28 10:43:59,157,leitura,,,,
RES-F-TT,10.4218,C,OK,2026-06-28 10:43:59,157,leitura,,,,
,28.0,,,2026-06-28 10:43:59,157,atuador,BOMBA-Q,PRINCIPAL,,
,40.0,,,2026-06-28 10:43:59,157,atuador,BOMBA-F,PRINCIPAL,,
TQ-MIX-TT,74.2492,C,OK,2026-06-28 10:44:02,158,leitura,,,,
TQ-MIX-LT,71.488,%,OK,2026-06-28 10:44:02,158,leitura,,,,
TQ-MIX-PT,2.42976,BAR,OK,2026-06-28 10:44:02,158,leitura,,,,
RES-Q-TT,74.2492,C,OK,2026-06-28 10:44:02,158,leitura,,,,
RES-F-TT,10.2106,C,OK,2026-06-28 10:44:02,158,leitura,,,,
,28.0,,,2026-06-28 10:44:02,158,atuador,BOMBA-Q,PRINCIPAL,,
,28.0,,,2026-06-28 10:44:02,158,atuador,BOMBA-F,PRINCIPAL,,
TQ-MIX-TT,10.3751,C,OK,2026-06-28 10:44:05,159,leitura,,,,
TQ-MIX-LT,71.368,%,OK,2026-06-28 10:44:05,159,leitura,,,,
TQ-MIX-PT,2.42736,BAR,OK,2026-06-28 10:44:05,159,leitura,,,,
RES-Q-TT,74.4618,C,OK,2026-06-28 10:44:05,159,leitura,,,,
RES-F-TT,10.3751,C,OK,2026-06-28 10:44:05,159,leitura,,,,
,28.0,,,2026-06-28 10:44:05,159,atuador,BOMBA-Q,PRINCIPAL,,
,40.0,,,2026-06-28 10:44:05,159,atuador,BOMBA-F,PRINCIPAL,,
TQ-MIX-TT,74.4083,C,OK,2026-06-28 10:44:08,160,leitura,,,,
TQ-MIX-LT,71.224,%,OK,2026-06-28 10:44:08,160,leitura,,,,
TQ-MIX-PT,2.42448,BAR,OK,2026-06-28 10:44:08,160,leitura,,,,
RES-Q-TT,74.4083,C,OK,2026-06-28 10:44:08,160,leitura,,,,
RES-F-TT,10.4514,C,OK,2026-06-28 10:44:08,160,leitura,,,,
,28.0,,,2026-06-28 10:44:08,160,atuador,BOMBA-Q,PRINCIPAL,,
,28.0,,,2026-06-28 10:44:08,160,atuador,BOMBA-F,PRINCIPAL,,
TQ-MIX-TT,10.7188,C,OK,2026-06-28 10:44:11,161,leitura,,,,
TQ-MIX-LT,71.104,%,OK,2026-06-28 10:44:11,161,leitura,,,,
TQ-MIX-PT,2.42208,BAR,OK,2026-06-28 10:44:11,161,leitura,,,,
RES-Q-TT,74.4362,C,OK,2026-06-28 10:44:11,161,leitura,,,,
RES-F-TT,10.7188,C,OK,2026-06-28 10:44:11,161,leitura,,,,
,28.0,,,2026-06-28 10:44:11,161,atuador,BOMBA-Q,PRINCIPAL,,
,40.0,,,2026-06-28 10:44:11,161,atuador,BOMBA-F,PRINCIPAL,,
TQ-MIX-TT,74.3914,C,OK,2026-06-28 10:44:14,162,leitura,,,,
TQ-MIX-LT,70.96,%,OK,2026-06-28 10:44:14,162,leitura,,,,
TQ-MIX-PT,2.4192,BAR,OK,2026-06-28 10:44:14,162,leitura,,,,
RES-Q-TT,74.3914,C,OK,2026-06-28 10:44:14,162,leitura,,,,
RES-F-TT,10.5515,C,OK,2026-06-28 10:44:14,162,leitura,,,,
,28.0,,,2026-06-28 10:44:14,162,atuador,BOMBA-Q,PRINCIPAL,,
,28.0,,,2026-06-28 10:44:14,162,atuador,BOMBA-F,PRINCIPAL,,
TQ-MIX-TT,61.8188,C,OK,2026-06-28 10:44:17,163,leitura,,,,
TQ-MIX-LT,71.08,%,OK,2026-06-28 10:44:17,163,leitura,,,,
TQ-MIX-PT,2.4216,BAR,OK,2026-06-28 10:44:17,163,leitura,,,,
RES-Q-TT,74.382,C,OK,2026-06-28 10:44:17,163,leitura,,,,
RES-F-TT,10.48,C,OK,2026-06-28 10:44:17,163,leitura,,,,
,8.0,,,2026-06-28 10:44:17,163,atuador,BOMBA-Q,PRINCIPAL,,
,28.0,,,2026-06-28 10:44:17,163,atuador,BOMBA-F,PRINCIPAL,,
TQ-MIX-TT,40.1299,C,OK,2026-06-28 10:44:20,164,leitura,,,,
TQ-MIX-LT,71.3973,%,OK,2026-06-28 10:44:20,164,leitura,,,,
TQ-MIX-PT,2.42795,BAR,OK,2026-06-28 10:44:20,164,leitura,,,,
RES-Q-TT,74.4215,C,OK,2026-06-28 10:44:20,164,leitura,,,,
RES-F-TT,10.1968,C,OK,2026-06-28 10:44:20,164,leitura,,,,
,28.0,,,2026-06-28 10:44:20,164,atuador,BOMBA-Q,PRINCIPAL,,
,28.0,,,2026-06-28 10:44:20,164,atuador,BOMBA-F,PRINCIPAL,,
TQ-MIX-TT,61.97,C,OK,2026-06-28 10:44:23,165,leitura,,,,
TQ-MIX-LT,72.3173,%,OK,2026-06-28 10:44:23,165,leitura,,,,
TQ-MIX-PT,2.44635,BAR,OK,2026-06-28 10:44:23,165,leitura,,,,
RES-Q-TT,74.5885,C,OK,2026-06-28 10:44:23,165,leitura,,,,
RES-F-TT,10.4045,C,OK,2026-06-28 10:44:23,165,leitura,,,,
,28.0,,,2026-06-28 10:44:23,165,atuador,BOMBA-Q,PRINCIPAL,,
,28.0,,,2026-06-28 10:44:23,165,atuador,BOMBA-F,PRINCIPAL,,
TQ-MIX-TT,58.6659,C,OK,2026-06-28 10:44:26,166,leitura,,,,
TQ-MIX-LT,73.2373,%,OK,2026-06-28 10:44:26,166,leitura,,,,
TQ-MIX-PT,2.46475,BAR,OK,2026-06-28 10:44:26,166,leitura,,,,
RES-Q-TT,74.3711,C,OK,2026-06-28 10:44:26,166,leitura,,,,
RES-F-TT,10.6844,C,OK,2026-06-28 10:44:26,166,leitura,,,,
,28.0,,,2026-06-28 10:44:26,166,atuador,BOMBA-Q,PRINCIPAL,,
,28.0,,,2026-06-28 10:44:26,166,atuador,BOMBA-F,PRINCIPAL,,
TQ-MIX-TT,61.6469,C,OK,2026-06-28 10:44:29,167,leitura,,,,
TQ-MIX-LT,74.1573,%,OK,2026-06-28 10:44:29,167,leitura,,,,
TQ-MIX-PT,2.48315,BAR,OK,2026-06-28 10:44:29,167,leitura,,,,
RES-Q-TT,74.1881,C,OK,2026-06-28 10:44:29,167,leitura,,,,
RES-F-TT,10.3978,C,OK,2026-06-28 10:44:29,167,leitura,,,,
,28.0,,,2026-06-28 10:44:29,167,atuador,BOMBA-Q,PRINCIPAL,,
,28.0,,,2026-06-28 10:44:29,167,atuador,BOMBA-F,PRINCIPAL,,
TQ-MIX-TT,58.3682,C,OK,2026-06-28 10:44:32,168,leitura,,,,
TQ-MIX-LT,75.0773,%,OK,2026-06-28 10:44:32,168,leitura,,,,
TQ-MIX-PT,2.50155,BAR,OK,2026-06-28 10:44:32,168,leitura,,,,
RES-Q-TT,74.0775,C,OK,2026-06-28 10:44:32,168,leitura,,,,
RES-F-TT,10.3741,C,OK,2026-06-28 10:44:32,168,leitura,,,,
,28.0,,,2026-06-28 10:44:32,168,atuador,BOMBA-Q,PRINCIPAL,,
,28.0,,,2026-06-28 10:44:32,168,atuador,BOMBA-F,PRINCIPAL,,
TQ-MIX-TT,61.4632,C,OK,2026-06-28 10:44:35,169,leitura,,,,
TQ-MIX-LT,75.9973,%,OK,2026-06-28 10:44:35,169,leitura,,,,
TQ-MIX-PT,2.51995,BAR,OK,2026-06-28 10:44:35,169,leitura,,,,
RES-Q-TT,73.9773,C,OK,2026-06-28 10:44:35,169,leitura,,,,
RES-F-TT,10.3245,C,OK,2026-06-28 10:44:35,169,leitura,,,,
,28.0,,,2026-06-28 10:44:35,169,atuador,BOMBA-Q,PRINCIPAL,,
,28.0,,,2026-06-28 10:44:35,169,atuador,BOMBA-F,PRINCIPAL,,
TQ-MIX-TT,58.2594,C,OK,2026-06-28 10:44:38,170,leitura,,,,
TQ-MIX-LT,76.9173,%,OK,2026-06-28 10:44:38,170,leitura,,,,
TQ-MIX-PT,2.53835,BAR,OK,2026-06-28 10:44:38,170,leitura,,,,
RES-Q-TT,73.912,C,OK,2026-06-28 10:44:38,170,leitura,,,,
RES-F-TT,10.4382,C,OK,2026-06-28 10:44:38,170,leitura,,,,
,28.0,,,2026-06-28 10:44:38,170,atuador,BOMBA-Q,PRINCIPAL,,
,28.0,,,2026-06-28 10:44:38,170,atuador,BOMBA-F,PRINCIPAL,,
TQ-MIX-TT,61.5086,C,OK,2026-06-28 10:44:41,171,leitura,,,,
TQ-MIX-LT,77.8373,%,OK,2026-06-28 10:44:41,171,leitura,,,,
TQ-MIX-PT,2.55675,BAR,OK,2026-06-28 10:44:41,171,leitura,,,,
RES-Q-TT,73.9962,C,OK,2026-06-28 10:44:41,171,leitura,,,,
RES-F-TT,10.4785,C,OK,2026-06-28 10:44:41,171,leitura,,,,
,28.0,,,2026-06-28 10:44:41,171,atuador,BOMBA-Q,PRINCIPAL,,
,28.0,,,2026-06-28 10:44:41,171,atuador,BOMBA-F,PRINCIPAL,,
TQ-MIX-TT,58.5367,C,OK,2026-06-28 10:44:44,172,leitura,,,,
TQ-MIX-LT,78.7573,%,OK,2026-06-28 10:44:44,172,leitura,,,,
TQ-MIX-PT,2.57515,BAR,OK,2026-06-28 10:44:44,172,leitura,,,,
RES-Q-TT,74.2951,C,OK,2026-06-28 10:44:44,172,leitura,,,,
RES-F-TT,10.3922,C,OK,2026-06-28 10:44:44,172,leitura,,,,
,28.0,,,2026-06-28 10:44:44,172,atuador,BOMBA-Q,PRINCIPAL,,
,28.0,,,2026-06-28 10:44:44,172,atuador,BOMBA-F,PRINCIPAL,,
TQ-MIX-TT,61.8139,C,OK,2026-06-28 10:44:47,173,leitura,,,,
TQ-MIX-LT,79.6773,%,OK,2026-06-28 10:44:47,173,leitura,,,,
TQ-MIX-PT,2.59355,BAR,OK,2026-06-28 10:44:47,173,leitura,,,,
RES-Q-TT,74.4408,C,OK,2026-06-28 10:44:47,173,leitura,,,,
RES-F-TT,10.2143,C,OK,2026-06-28 10:44:47,173,leitura,,,,
,28.0,,,2026-06-28 10:44:47,173,atuador,BOMBA-Q,PRINCIPAL,,
,28.0,,,2026-06-28 10:44:47,173,atuador,BOMBA-F,PRINCIPAL,,
TQ-MIX-TT,58.4566,C,OK,2026-06-28 10:44:50,174,leitura,,,,
TQ-MIX-LT,80.5973,%,OK,2026-06-28 10:44:50,174,leitura,,,,
TQ-MIX-PT,2.61195,BAR,OK,2026-06-28 10:44:50,174,leitura,,,,
RES-Q-TT,74.1646,C,OK,2026-06-28 10:44:50,174,leitura,,,,
RES-F-TT,10.4664,C,OK,2026-06-28 10:44:50,174,leitura,,,,
,28.0,,,2026-06-28 10:44:50,174,atuador,BOMBA-Q,PRINCIPAL,,
,28.0,,,2026-06-28 10:44:50,174,atuador,BOMBA-F,PRINCIPAL,,
TQ-MIX-TT,61.3966,C,OK,2026-06-28 10:44:53,175,leitura,,,,
TQ-MIX-LT,81.5173,%,OK,2026-06-28 10:44:53,175,leitura,,,,
TQ-MIX-PT,2.63035,BAR,OK,2026-06-28 10:44:53,175,leitura,,,,
RES-Q-TT,73.8857,C,OK,2026-06-28 10:44:53,175,leitura,,,,
RES-F-TT,10.3602,C,OK,2026-06-28 10:44:53,175,leitura,,,,
,28.0,,,2026-06-28 10:44:53,175,atuador,BOMBA-Q,PRINCIPAL,,
,28.0,,,2026-06-28 10:44:53,175,atuador,BOMBA-F,PRINCIPAL,,
TQ-MIX-TT,58.1731,C,OK,2026-06-28 10:44:56,176,leitura,,,,
TQ-MIX-LT,82.4373,%,OK,2026-06-28 10:44:56,176,leitura,,,,
TQ-MIX-PT,2.64875,BAR,OK,2026-06-28 10:44:56,176,leitura,,,,
RES-Q-TT,73.8214,C,OK,2026-06-28 10:44:56,176,leitura,,,,
RES-F-TT,10.3651,C,OK,2026-06-28 10:44:56,176,leitura,,,,
,28.0,,,2026-06-28 10:44:56,176,atuador,BOMBA-Q,PRINCIPAL,,
,28.0,,,2026-06-28 10:44:56,176,atuador,BOMBA-F,PRINCIPAL,,
TQ-MIX-TT,61.0722,C,ALARME,2026-06-28 10:44:59,177,leitura,,,,
TQ-MIX-LT,83.3573,%,ALARME,2026-06-28 10:44:59,177,leitura,,,,
TQ-MIX-PT,2.66715,BAR,OK,2026-06-28 10:44:59,177,leitura,,,,
RES-Q-TT,73.5387,C,OK,2026-06-28 10:44:59,177,leitura,,,,
RES-F-TT,10.1284,C,OK,2026-06-28 10:44:59,177,leitura,,,,
,28.0,,,2026-06-28 10:44:59,177,atuador,BOMBA-Q,PRINCIPAL,,
,28.0,,,2026-06-28 10:44:59,177,atuador,BOMBA-F,PRINCIPAL,,
,,,,2026-06-28 10:44:59,177,alarme,,,NIVEL_ALTO,media
TQ-MIX-TT,63.3318,C,ALARME,2026-06-28 10:45:02,178,leitura,,,,
TQ-MIX-LT,84.1653,%,ALARME,2026-06-28 10:45:02,178,leitura,,,,
TQ-MIX-PT,2.68331,BAR,OK,2026-06-28 10:45:02,178,leitura,,,,
RES-Q-TT,73.6699,C,OK,2026-06-28 10:45:02,178,leitura,,,,
RES-F-TT,10.2029,C,OK,2026-06-28 10:45:02,178,leitura,,,,
,28.0,,,2026-06-28 10:45:02,178,atuador,BOMBA-Q,PRINCIPAL,,
,28.0,,,2026-06-28 10:45:02,178,atuador,BOMBA-F,PRINCIPAL,,
,,,,2026-06-28 10:45:02,178,alarme,,,NIVEL_ALTO,media
TQ-MIX-TT,62.1871,C,ALARME,2026-06-28 10:45:05,179,leitura,,,,
TQ-MIX-LT,84.8613,%,ALARME,2026-06-28 10:45:05,179,leitura,,,,
TQ-MIX-PT,2.69723,BAR,OK,2026-06-28 10:45:05,179,leitura,,,,
RES-Q-TT,73.885,C,OK,2026-06-28 10:45:05,179,leitura,,,,
RES-F-TT,10.0496,C,OK,2026-06-28 10:45:05,179,leitura,,,,
,28.0,,,2026-06-28 10:45:05,179,atuador,BOMBA-Q,PRINCIPAL,,
,28.0,,,2026-06-28 10:45:05,179,atuador,BOMBA-F,PRINCIPAL,,
,,,,2026-06-28 10:45:05,179,alarme,,,NIVEL_ALTO,media
TQ-MIX-TT,60.375,C,ALARME,2026-06-28 10:45:08,180,leitura,,,,
TQ-MIX-LT,85.4453,%,ALARME,2026-06-28 10:45:08,180,leitura,,,,
TQ-MIX-PT,2.70891,BAR,OK,2026-06-28 10:45:08,180,leitura,,,,
RES-Q-TT,73.744,C,OK,2026-06-28 10:45:08,180,leitura,,,,
RES-F-TT,9.90829,C,OK,2026-06-28 10:45:08,180,leitura,,,,
,28.0,,,2026-06-28 10:45:08,180,atuador,BOMBA-Q,PRINCIPAL,,
,28.0,,,2026-06-28 10:45:08,180,atuador,BOMBA-F,PRINCIPAL,,
,,,,2026-06-28 10:45:08,180,alarme,,,NIVEL_ALTO,media
TQ-MIX-TT,63.5841,C,ALARME,2026-06-28 10:45:11,181,leitura,,,,
TQ-MIX-LT,85.9173,%,ALARME,2026-06-28 10:45:11,181,leitura,,,,
TQ-MIX-PT,2.71835,BAR,OK,2026-06-28 10:45:11,181,leitura,,,,
RES-Q-TT,73.8509,C,OK,2026-06-28 10:45:11,181,leitura,,,,
RES-F-TT,10.0821,C,OK,2026-06-28 10:45:11,181,leitura,,,,
,28.0,,,2026-06-28 10:45:11,181,atuador,BOMBA-Q,PRINCIPAL,,
,28.0,,,2026-06-28 10:45:11,181,atuador,BOMBA-F,PRINCIPAL,,
,,,,2026-06-28 10:45:11,181,alarme,,,NIVEL_ALTO,media
TQ-MIX-TT,61.7124,C,ALARME,2026-06-28 10:45:14,182,leitura,,,,
TQ-MIX-LT,86.2773,%,ALARME,2026-06-28 10:45:14,182,leitura,,,,
TQ-MIX-PT,2.72555,BAR,OK,2026-06-28 10:45:14,182,leitura,,,,
RES-Q-TT,74.1266,C,OK,2026-06-28 10:45:14,182,leitura,,,,
RES-F-TT,9.87076,C,OK,2026-06-28 10:45:14,182,leitura,,,,
,28.0,,,2026-06-28 10:45:14,182,atuador,BOMBA-Q,PRINCIPAL,,
,28.0,,,2026-06-28 10:45:14,182,atuador,BOMBA-F,PRINCIPAL,,
,,,,2026-06-28 10:45:14,182,alarme,,,NIVEL_ALTO,media
TQ-MIX-TT,58.4624,C,ALARME,2026-06-28 10:45:17,183,leitura,,,,
TQ-MIX-LT,86.5253,%,ALARME,2026-06-28 10:45:17,183,leitura,,,,
TQ-MIX-PT,2.73051,BAR,OK,2026-06-28 10:45:17,183,leitura,,,,
RES-Q-TT,73.8916,C,OK,2026-06-28 10:45:17,183,leitura,,,,
RES-F-TT,10.0028,C,OK,2026-06-28 10:45:17,183,leitura,,,,
,28.0,,,2026-06-28 10:45:17,183,atuador,BOMBA-Q,PRINCIPAL,,
,28.0,,,2026-06-28 10:45:17,183,atuador,BOMBA-F,PRINCIPAL,,
,,,,2026-06-28 10:45:17,183,alarme,,,NIVEL_ALTO,media
TQ-MIX-TT,74.1329,C,ALARME,2026-06-28 10:45:20,184,leitura,,,,
TQ-MIX-LT,86.6651,%,ALARME,2026-06-28 10:45:20,184,leitura,,,,
TQ-MIX-PT,2.7333,BAR,OK,2026-06-28 10:45:20,184,leitura,,,,
RES-Q-TT,74.1329,C,OK,2026-06-28 10:45:20,184,leitura,,,,
RES-F-TT,10.0975,C,OK,2026-06-28 10:45:20,184,leitura,,,,
,28.0,,,2026-06-28 10:45:20,184,atuador,BOMBA-Q,PRINCIPAL,,
,28.0,,,2026-06-28 10:45:20,184,atuador,BOMBA-F,PRINCIPAL,,
,,,,2026-06-28 10:45:20,184,alarme,,,NIVEL_ALTO,media
TQ-MIX-TT,61.3987,C,ALARME,2026-06-28 10:45:23,185,leitura,,,,
TQ-MIX-LT,86.7489,%,ALARME,2026-06-28 10:45:23,185,leitura,,,,
TQ-MIX-PT,2.73498,BAR,OK,2026-06-28 10:45:23,185,leitura,,,,
RES-Q-TT,74.0223,C,OK,2026-06-28 10:45:23,185,leitura,,,,
RES-F-TT,10.0459,C,OK,2026-06-28 10:45:23,185,leitura,,,,
,28.0,,,2026-06-28 10:45:23,185,atuador,BOMBA-Q,PRINCIPAL,,
,28.0,,,2026-06-28 10:45:23,185,atuador,BOMBA-F,PRINCIPAL,,
,,,,2026-06-28 10:45:23,185,alarme,,,NIVEL_ALTO,media
TQ-MIX-TT,53.081,C,ALARME,2026-06-28 10:45:26,186,leitura,,,,
TQ-MIX-LT,86.7207,%,ALARME,2026-06-28 10:45:26,186,leitura,,,,
TQ-MIX-PT,2.73441,BAR,OK,2026-06-28 10:45:26,186,leitura,,,,
RES-Q-TT,74.0146,C,OK,2026-06-28 10:45:26,186,leitura,,,,
RES-F-TT,9.79029,C,OK,2026-06-28 10:45:26,186,leitura,,,,
,28.0,,,2026-06-28 10:45:26,186,atuador,BOMBA-Q,PRINCIPAL,,
,28.0,,,2026-06-28 10:45:26,186,atuador,BOMBA-F,PRINCIPAL,,
,,,,2026-06-28 10:45:26,186,alarme,,,NIVEL_ALTO,media
TQ-MIX-TT,73.9643,C,ALARME,2026-06-28 10:45:29,187,leitura,,,,
TQ-MIX-LT,86.6365,%,ALARME,2026-06-28 10:45:29,187,leitura,,,,
TQ-MIX-PT,2.73273,BAR,OK,2026-06-28 10:45:29,187,leitura,,,,
RES-Q-TT,73.9643,C,OK,2026-06-28 10:45:29,187,leitura,,,,
RES-F-TT,10.1521,C,OK,2026-06-28 10:45:29,187,leitura,,,,
,28.0,,,2026-06-28 10:45:29,187,atuador,BOMBA-Q,PRINCIPAL,,
,28.0,,,2026-06-28 10:45:29,187,atuador,BOMBA-F,PRINCIPAL,,
,,,,2026-06-28 10:45:29,187,alarme,,,NIVEL_ALTO,media
TQ-MIX-TT,14.0193,C,ALARME,2026-06-28 10:45:32,188,leitura,,,,
TQ-MIX-LT,86.4963,%,ALARME,2026-06-28 10:45:32,188,leitura,,,,
TQ-MIX-PT,2.72993,BAR,OK,2026-06-28 10:45:32,188,leitura,,,,
RES-Q-TT,73.6687,C,OK,2026-06-28 10:45:32,188,leitura,,,,
RES-F-TT,9.9631,C,OK,2026-06-28 10:45:32,188,leitura,,,,
,28.0,,,2026-06-28 10:45:32,188,atuador,BOMBA-Q,PRINCIPAL,,
,28.0,,,2026-06-28 10:45:32,188,atuador,BOMBA-F,PRINCIPAL,,
,,,,2026-06-28 10:45:32,188,alarme,,,NIVEL_ALTO,media
TQ-MIX-TT,73.968,C,ALARME,2026-06-28 10:45:35,189,leitura,,,,
TQ-MIX-LT,86.3523,%,ALARME,2026-06-28 10:45:35,189,leitura,,,,
TQ-MIX-PT,2.72705,BAR,OK,2026-06-28 10:45:35,189,leitura,,,,
RES-Q-TT,73.968,C,OK,2026-06-28 10:45:35,189,leitura,,,,
RES-F-TT,10.1888,C,OK,2026-06-28 10:45:35,189,leitura,,,,
,28.0,,,2026-06-28 10:45:35,189,atuador,BOMBA-Q,PRINCIPAL,,
,28.0,,,2026-06-28 10:45:35,189,atuador,BOMBA-F,PRINCIPAL,,
,,,,2026-06-28 10:45:35,189,alarme,,,NIVEL_ALTO,media
TQ-MIX-TT,10.2461,C,ALARME,2026-06-28 10:45:38,190,leitura,,,,
TQ-MIX-LT,86.2083,%,ALARME,2026-06-28 10:45:38,190,leitura,,,,
TQ-MIX-PT,2.72417,BAR,OK,2026-06-28 10:45:38,190,leitura,,,,
RES-Q-TT,74.0285,C,OK,2026-06-28 10:45:38,190,leitura,,,,
RES-F-TT,10.2461,C,OK,2026-06-28 10:45:38,190,leitura,,,,
,28.0,,,2026-06-28 10:45:38,190,atuador,BOMBA-Q,PRINCIPAL,,
,28.0,,,2026-06-28 10:45:38,190,atuador,BOMBA-F,PRINCIPAL,,
,,,,2026-06-28 10:45:38,190,alarme,,,NIVEL_ALTO,media
TQ-MIX-TT,74.1602,C,ALARME,2026-06-28 10:45:41,191,leitura,,,,
TQ-MIX-LT,86.0643,%,ALARME,2026-06-28 10:45:41,191,leitura,,,,
TQ-MIX-PT,2.72129,BAR,OK,2026-06-28 10:45:41,191,leitura,,,,
RES-Q-TT,74.1602,C,OK,2026-06-28 10:45:41,191,leitura,,,,
RES-F-TT,10.0132,C,OK,2026-06-28 10:45:41,191,leitura,,,,
,28.0,,,2026-06-28 10:45:41,191,atuador,BOMBA-Q,PRINCIPAL,,
,28.0,,,2026-06-28 10:45:41,191,atuador,BOMBA-F,PRINCIPAL,,
,,,,2026-06-28 10:45:41,191,alarme,,,NIVEL_ALTO,media
TQ-MIX-TT,10.0327,C,ALARME,2026-06-28 10:45:44,192,leitura,,,,
TQ-MIX-LT,85.9203,%,ALARME,2026-06-28 10:45:44,192,leitura,,,,
TQ-MIX-PT,2.71841,BAR,OK,2026-06-28 10:45:44,192,leitura,,,,
RES-Q-TT,73.9775,C,OK,2026-06-28 10:45:44,192,leitura,,,,
RES-F-TT,10.0327,C,OK,2026-06-28 10:45:44,192,leitura,,,,
,28.0,,,2026-06-28 10:45:44,192,atuador,BOMBA-Q,PRINCIPAL,,
,28.0,,,2026-06-28 10:45:44,192,atuador,BOMBA-F,PRINCIPAL,,
,,,,2026-06-28 10:45:44,192,alarme,,,NIVEL_ALTO,media
TQ-MIX-TT,73.7079,C,ALARME,2026-06-28 10:45:47,193,leitura,,,,
TQ-MIX-LT,85.7763,%,ALARME,2026-06-28 10:45:47,193,leitura,,,,
TQ-MIX-PT,2.71553,BAR,OK,2026-06-28 10:45:47,193,leitura,,,,
RES-Q-TT,73.7079,C,OK,2026-06-28 10:45:47,193,leitura,,,,
RES-F-TT,10.2749,C,OK,2026-06-28 10:45:47,193,leitura,,,,
,28.0,,,2026-06-28 10:45:47,193,atuador,BOMBA-Q,PRINCIPAL,,
,28.0,,,2026-06-28 10:45:47,193,atuador,BOMBA-F,PRINCIPAL,,
,,,,2026-06-28 10:45:47,193,alarme,,,NIVEL_ALTO,media
TQ-MIX-TT,10.3425,C,ALARME,2026-06-28 10:45:50,194,leitura,,,,
TQ-MIX-LT,85.6323,%,ALARME,2026-06-28 10:45:50,194,leitura,,,,
TQ-MIX-PT,2.71265,BAR,OK,2026-06-28 10:45:50,194,leitura,,,,
RES-Q-TT,73.8436,C,OK,2026-06-28 10:45:50,194,leitura,,,,
RES-F-TT,10.3425,C,OK,2026-06-28 10:45:50,194,leitura,,,,
,28.0,,,2026-06-28 10:45:50,194,atuador,BOMBA-Q,PRINCIPAL,,
,28.0,,,2026-06-28 10:45:50,194,atuador,BOMBA-F,PRINCIPAL,,
,,,,2026-06-28 10:45:50,194,alarme,,,NIVEL_ALTO,media
TQ-MIX-TT,73.9069,C,ALARME,2026-06-28 10:45:53,195,leitura,,,,
TQ-MIX-LT,85.4883,%,ALARME,2026-06-28 10:45:53,195,leitura,,,,
TQ-MIX-PT,2.70977,BAR,OK,2026-06-28 10:45:53,195,leitura,,,,
RES-Q-TT,73.9069,C,OK,2026-06-28 10:45:53,195,leitura,,,,
RES-F-TT,10.5934,C,OK,2026-06-28 10:45:53,195,leitura,,,,
,28.0,,,2026-06-28 10:45:53,195,atuador,BOMBA-Q,PRINCIPAL,,
,28.0,,,2026-06-28 10:45:53,195,atuador,BOMBA-F,PRINCIPAL,,
,,,,2026-06-28 10:45:53,195,alarme,,,NIVEL_ALTO,media
TQ-MIX-TT,10.7973,C,ALARME,2026-06-28 10:45:56,196,leitura,,,,
TQ-MIX-LT,85.3443,%,ALARME,2026-06-28 10:45:56,196,leitura,,,,
TQ-MIX-PT,2.70689,BAR,OK,2026-06-28 10:45:56,196,leitura,,,,
RES-Q-TT,73.6344,C,OK,2026-06-28 10:45:56,196,leitura,,,,
RES-F-TT,10.7973,C,OK,2026-06-28 10:45:56,196,leitura,,,,
,28.0,,,2026-06-28 10:45:56,196,atuador,BOMBA-Q,PRINCIPAL,,
,28.0,,,2026-06-28 10:45:56,196,atuador,BOMBA-F,PRINCIPAL,,
,,,,2026-06-28 10:45:56,196,alarme,,,NIVEL_ALTO,media
TQ-MIX-TT,73.8619,C,ALARME,2026-06-28 10:45:59,197,leitura,,,,
TQ-MIX-LT,85.2003,%,ALARME,2026-06-28 10:45:59,197,leitura,,,,
TQ-MIX-PT,2.70401,BAR,OK,2026-06-28 10:45:59,197,leitura,,,,
RES-Q-TT,73.8619,C,OK,2026-06-28 10:45:59,197,leitura,,,,
RES-F-TT,10.8591,C,OK,2026-06-28 10:45:59,197,leitura,,,,
,28.0,,,2026-06-28 10:45:59,197,atuador,BOMBA-Q,PRINCIPAL,,
,28.0,,,2026-06-28 10:45:59,197,atuador,BOMBA-F,PRINCIPAL,,
,,,,2026-06-28 10:45:59,197,alarme,,,NIVEL_ALTO,media
TQ-MIX-TT,10.862,C,ALARME,2026-06-28 10:46:02,198,leitura,,,,
TQ-MIX-LT,85.0563,%,ALARME,2026-06-28 10:46:02,198,leitura,,,,
TQ-MIX-PT,2.70113,BAR,OK,2026-06-28 10:46:02,198,leitura,,,,
RES-Q-TT,73.7824,C,OK,2026-06-28 10:46:02,198,leitura,,,,
RES-F-TT,10.862,C,OK,2026-06-28 10:46:02,198,leitura,,,,
,28.0,,,2026-06-28 10:46:02,198,atuador,BOMBA-Q,PRINCIPAL,,
,28.0,,,2026-06-28 10:46:02,198,atuador,BOMBA-F,PRINCIPAL,,
,,,,2026-06-28 10:46:02,198,alarme,,,NIVEL_ALTO,media
TQ-MIX-TT,74.0374,C,ALARME,2026-06-28 10:46:05,199,leitura,,,,
TQ-MIX-LT,84.9123,%,ALARME,2026-06-28 10:46:05,199,leitura,,,,
TQ-MIX-PT,2.69825,BAR,OK,2026-06-28 10:46:05,199,leitura,,,,
RES-Q-TT,74.0374,C,OK,2026-06-28 10:46:05,199,leitura,,,,
RES-F-TT,10.9492,C,OK,2026-06-28 10:46:05,199,leitura,,,,
,28.0,,,2026-06-28 10:46:05,199,atuador,BOMBA-Q,PRINCIPAL,,
,28.0,,,2026-06-28 10:46:05,199,atuador,BOMBA-F,PRINCIPAL,,
,,,,2026-06-28 10:46:05,199,alarme,,,NIVEL_ALTO,media
TQ-MIX-TT,10.967,C,ALARME,2026-06-28 10:46:08,200,leitura,,,,
TQ-MIX-LT,84.7683,%,ALARME,2026-06-28 10:46:08,200,leitura,,,,
TQ-MIX-PT,2.69537,BAR,OK,2026-06-28 10:46:08,200,leitura,,,,
RES-Q-TT,74.3214,C,OK,2026-06-28 10:46:08,200,leitura,,,,
RES-F-TT,10.967,C,OK,2026-06-28 10:46:08,200,leitura,,,,
,28.0,,,2026-06-28 10:46:08,200,atuador,BOMBA-Q,PRINCIPAL,,
,28.0,,,2026-06-28 10:46:08,200,atuador,BOMBA-F,PRINCIPAL,,
,,,,2026-06-28 10:46:08,200,alarme,,,NIVEL_ALTO,media
TQ-MIX-TT,74.3851,C,ALARME,2026-06-28 10:46:11,201,leitura,,,,
TQ-MIX-LT,84.6243,%,ALARME,2026-06-28 10:46:11,201,leitura,,,,
TQ-MIX-PT,2.6924900000000003,BAR,OK,2026-06-28 10:46:11,201,leitura,,,,
RES-Q-TT,74.3851,C,OK,2026-06-28 10:46:11,201,leitura,,,,
RES-F-TT,11.0712,C,OK,2026-06-28 10:46:11,201,leitura,,,,
,28.0,,,2026-06-28 10:46:11,201,atuador,BOMBA-Q,PRINCIPAL,,
,28.0,,,2026-06-28 10:46:11,201,atuador,BOMBA-F,PRINCIPAL,,
,,,,2026-06-28 10:46:11,201,alarme,,,NIVEL_ALTO,media
TQ-MIX-TT,11.1468,C,ALARME,2026-06-28 10:46:14,202,leitura,,,,
TQ-MIX-LT,84.4803,%,ALARME,2026-06-28 10:46:14,202,leitura,,,,
TQ-MIX-PT,2.68961,BAR,OK,2026-06-28 10:46:14,202,leitura,,,,
RES-Q-TT,74.3532,C,OK,2026-06-28 10:46:14,202,leitura,,,,
RES-F-TT,11.1468,C,OK,2026-06-28 10:46:14,202,leitura,,,,
,28.0,,,2026-06-28 10:46:14,202,atuador,BOMBA-Q,PRINCIPAL,,
,28.0,,,2026-06-28 10:46:14,202,atuador,BOMBA-F,PRINCIPAL,,
,,,,2026-06-28 10:46:14,202,alarme,,,NIVEL_ALTO,media
TQ-MIX-TT,74.5198,C,ALARME,2026-06-28 10:46:17,203,leitura,,,,
TQ-MIX-LT,84.3363,%,ALARME,2026-06-28 10:46:17,203,leitura,,,,
TQ-MIX-PT,2.68673,BAR,OK,2026-06-28 10:46:17,203,leitura,,,,
RES-Q-TT,74.5198,C,OK,2026-06-28 10:46:17,203,leitura,,,,
RES-F-TT,11.1286,C,OK,2026-06-28 10:46:17,203,leitura,,,,
,28.0,,,2026-06-28 10:46:17,203,atuador,BOMBA-Q,PRINCIPAL,,
,28.0,,,2026-06-28 10:46:17,203,atuador,BOMBA-F,PRINCIPAL,,
,,,,2026-06-28 10:46:17,203,alarme,,,NIVEL_ALTO,media
TQ-MIX-TT,11.0121,C,ALARME,2026-06-28 10:46:20,204,leitura,,,,
TQ-MIX-LT,84.1923,%,ALARME,2026-06-28 10:46:20,204,leitura,,,,
TQ-MIX-PT,2.68385,BAR,OK,2026-06-28 10:46:20,204,leitura,,,,
RES-Q-TT,74.7637,C,OK,2026-06-28 10:46:20,204,leitura,,,,
RES-F-TT,11.0121,C,OK,2026-06-28 10:46:20,204,leitura,,,,
,28.0,,,2026-06-28 10:46:20,204,atuador,BOMBA-Q,PRINCIPAL,,
,28.0,,,2026-06-28 10:46:20,204,atuador,BOMBA-F,PRINCIPAL,,
,,,,2026-06-28 10:46:20,204,alarme,,,NIVEL_ALTO,media
TQ-MIX-TT,75.0064,C,ALARME,2026-06-28 10:46:23,205,leitura,,,,
TQ-MIX-LT,84.0483,%,ALARME,2026-06-28 10:46:23,205,leitura,,,,
TQ-MIX-PT,2.6809700000000003,BAR,OK,2026-06-28 10:46:23,205,leitura,,,,
RES-Q-TT,75.0064,C,OK,2026-06-28 10:46:23,205,leitura,,,,
RES-F-TT,10.8935,C,OK,2026-06-28 10:46:23,205,leitura,,,,
,28.0,,,2026-06-28 10:46:23,205,atuador,BOMBA-Q,PRINCIPAL,,
,28.0,,,2026-06-28 10:46:23,205,atuador,BOMBA-F,PRINCIPAL,,
,,,,2026-06-28 10:46:23,205,alarme,,,NIVEL_ALTO,media
TQ-MIX-TT,10.6132,C,ALARME,2026-06-28 10:46:26,206,leitura,,,,
TQ-MIX-LT,83.9043,%,ALARME,2026-06-28 10:46:26,206,leitura,,,,
TQ-MIX-PT,2.67809,BAR,OK,2026-06-28 10:46:26,206,leitura,,,,
RES-Q-TT,75.1202,C,OK,2026-06-28 10:46:26,206,leitura,,,,
RES-F-TT,10.6132,C,OK,2026-06-28 10:46:26,206,leitura,,,,
,28.0,,,2026-06-28 10:46:26,206,atuador,BOMBA-Q,PRINCIPAL,,
,28.0,,,2026-06-28 10:46:26,206,atuador,BOMBA-F,PRINCIPAL,,
,,,,2026-06-28 10:46:26,206,alarme,,,NIVEL_ALTO,media
TQ-MIX-TT,74.7792,C,ALARME,2026-06-28 10:46:29,207,leitura,,,,
TQ-MIX-LT,83.7603,%,ALARME,2026-06-28 10:46:29,207,leitura,,,,
TQ-MIX-PT,2.67521,BAR,OK,2026-06-28 10:46:29,207,leitura,,,,
RES-Q-TT,74.7792,C,OK,2026-06-28 10:46:29,207,leitura,,,,
RES-F-TT,10.3381,C,OK,2026-06-28 10:46:29,207,leitura,,,,
,28.0,,,2026-06-28 10:46:29,207,atuador,BOMBA-Q,PRINCIPAL,,
,28.0,,,2026-06-28 10:46:29,207,atuador,BOMBA-F,PRINCIPAL,,
,,,,2026-06-28 10:46:29,207,alarme,,,NIVEL_ALTO,media
TQ-MIX-TT,10.4251,C,ALARME,2026-06-28 10:46:32,208,leitura,,,,
TQ-MIX-LT,83.6163,%,ALARME,2026-06-28 10:46:32,208,leitura,,,,
TQ-MIX-PT,2.67233,BAR,OK,2026-06-28 10:46:32,208,leitura,,,,
RES-Q-TT,74.5222,C,OK,2026-06-28 10:46:32,208,leitura,,,,
RES-F-TT,10.4251,C,OK,2026-06-28 10:46:32,208,leitura,,,,
,28.0,,,2026-06-28 10:46:32,208,atuador,BOMBA-Q,PRINCIPAL,,
,28.0,,,2026-06-28 10:46:32,208,atuador,BOMBA-F,PRINCIPAL,,
,,,,2026-06-28 10:46:32,208,alarme,,,NIVEL_ALTO,media
TQ-MIX-TT,74.4032,C,ALARME,2026-06-28 10:46:35,209,leitura,,,,
TQ-MIX-LT,83.4723,%,ALARME,2026-06-28 10:46:35,209,leitura,,,,
TQ-MIX-PT,2.6694500000000003,BAR,OK,2026-06-28 10:46:35,209,leitura,,,,
RES-Q-TT,74.4032,C,OK,2026-06-28 10:46:35,209,leitura,,,,
RES-F-TT,10.4378,C,OK,2026-06-28 10:46:35,209,leitura,,,,
,28.0,,,2026-06-28 10:46:35,209,atuador,BOMBA-Q,PRINCIPAL,,
,28.0,,,2026-06-28 10:46:35,209,atuador,BOMBA-F,PRINCIPAL,,
,,,,2026-06-28 10:46:35,209,alarme,,,NIVEL_ALTO,media
TQ-MIX-TT,10.5728,C,ALARME,2026-06-28 10:46:38,210,leitura,,,,
TQ-MIX-LT,83.3283,%,ALARME,2026-06-28 10:46:38,210,leitura,,,,
TQ-MIX-PT,2.66657,BAR,OK,2026-06-28 10:46:38,210,leitura,,,,
RES-Q-TT,74.1103,C,OK,2026-06-28 10:46:38,210,leitura,,,,
RES-F-TT,10.5728,C,OK,2026-06-28 10:46:38,210,leitura,,,,
,28.0,,,2026-06-28 10:46:38,210,atuador,BOMBA-Q,PRINCIPAL,,
,28.0,,,2026-06-28 10:46:38,210,atuador,BOMBA-F,PRINCIPAL,,
,,,,2026-06-28 10:46:38,210,alarme,,,NIVEL_ALTO,media
TQ-MIX-TT,73.9584,C,ALARME,2026-06-28 10:46:41,211,leitura,,,,
TQ-MIX-LT,83.1843,%,ALARME,2026-06-28 10:46:41,211,leitura,,,,
TQ-MIX-PT,2.66369,BAR,OK,2026-06-28 10:46:41,211,leitura,,,,
RES-Q-TT,73.9584,C,OK,2026-06-28 10:46:41,211,leitura,,,,
RES-F-TT,10.4962,C,OK,2026-06-28 10:46:41,211,leitura,,,,
,28.0,,,2026-06-28 10:46:41,211,atuador,BOMBA-Q,PRINCIPAL,,
,28.0,,,2026-06-28 10:46:41,211,atuador,BOMBA-F,PRINCIPAL,,
,,,,2026-06-28 10:46:41,211,alarme,,,NIVEL_ALTO,media
TQ-MIX-TT,10.4686,C,ALARME,2026-06-28 10:46:44,212,leitura,,,,
TQ-MIX-LT,83.0403,%,ALARME,2026-06-28 10:46:44,212,leitura,,,,
TQ-MIX-PT,2.66081,BAR,OK,2026-06-28 10:46:44,212,leitura,,,,
RES-Q-TT,73.8984,C,OK,2026-06-28 10:46:44,212,leitura,,,,
RES-F-TT,10.4686,C,OK,2026-06-28 10:46:44,212,leitura,,,,
,28.0,,,2026-06-28 10:46:44,212,atuador,BOMBA-Q,PRINCIPAL,,
,28.0,,,2026-06-28 10:46:44,212,atuador,BOMBA-F,PRINCIPAL,,
,,,,2026-06-28 10:46:44,212,alarme,,,NIVEL_ALTO,media
TQ-MIX-TT,73.6107,C,ALARME,2026-06-28 10:46:47,213,leitura,,,,
TQ-MIX-LT,82.8963,%,ALARME,2026-06-28 10:46:47,213,leitura,,,,
TQ-MIX-PT,2.65793,BAR,OK,2026-06-28 10:46:47,213,leitura,,,,
RES-Q-TT,73.6107,C,OK,2026-06-28 10:46:47,213,leitura,,,,
RES-F-TT,10.6956,C,OK,2026-06-28 10:46:47,213,leitura,,,,
,28.0,,,2026-06-28 10:46:47,213,atuador,BOMBA-Q,PRINCIPAL,,
,28.0,,,2026-06-28 10:46:47,213,atuador,BOMBA-F,PRINCIPAL,,
,,,,2026-06-28 10:46:47,213,alarme,,,NIVEL_ALTO,media
TQ-MIX-TT,10.7842,C,ALARME,2026-06-28 10:46:50,214,leitura,,,,
TQ-MIX-LT,82.7523,%,ALARME,2026-06-28 10:46:50,214,leitura,,,,
TQ-MIX-PT,2.65505,BAR,OK,2026-06-28 10:46:50,214,leitura,,,,
RES-Q-TT,73.8657,C,OK,2026-06-28 10:46:50,214,leitura,,,,
RES-F-TT,10.7842,C,OK,2026-06-28 10:46:50,214,leitura,,,,
,28.0,,,2026-06-28 10:46:50,214,atuador,BOMBA-Q,PRINCIPAL,,
,28.0,,,2026-06-28 10:46:50,214,atuador,BOMBA-F,PRINCIPAL,,
,,,,2026-06-28 10:46:50,214,alarme,,,NIVEL_ALTO,media
TQ-MIX-TT,73.9675,C,ALARME,2026-06-28 10:46:53,215,leitura,,,,
TQ-MIX-LT,82.6083,%,ALARME,2026-06-28 10:46:53,215,leitura,,,,
TQ-MIX-PT,2.65217,BAR,OK,2026-06-28 10:46:53,215,leitura,,,,
RES-Q-TT,73.9675,C,OK,2026-06-28 10:46:53,215,leitura,,,,
RES-F-TT,10.9526,C,OK,2026-06-28 10:46:53,215,leitura,,,,
,28.0,,,2026-06-28 10:46:53,215,atuador,BOMBA-Q,PRINCIPAL,,
,28.0,,,2026-06-28 10:46:53,215,atuador,BOMBA-F,PRINCIPAL,,
,,,,2026-06-28 10:46:53,215,alarme,,,NIVEL_ALTO,media
TQ-MIX-TT,10.9223,C,OK,2026-06-28 10:46:56,216,leitura,,,,
TQ-MIX-LT,82.4643,%,OK,2026-06-28 10:46:56,216,leitura,,,,
TQ-MIX-PT,2.64929,BAR,OK,2026-06-28 10:46:56,216,leitura,,,,
RES-Q-TT,74.0996,C,OK,2026-06-28 10:46:56,216,leitura,,,,
RES-F-TT,10.9223,C,OK,2026-06-28 10:46:56,216,leitura,,,,
,28.0,,,2026-06-28 10:46:56,216,atuador,BOMBA-Q,PRINCIPAL,,
,28.0,,,2026-06-28 10:46:56,216,atuador,BOMBA-F,PRINCIPAL,,
TQ-MIX-TT,74.2011,C,OK,2026-06-28 10:46:59,217,leitura,,,,
TQ-MIX-LT,82.3203,%,OK,2026-06-28 10:46:59,217,leitura,,,,
TQ-MIX-PT,2.64641,BAR,OK,2026-06-28 10:46:59,217,leitura,,,,
RES-Q-TT,74.2011,C,OK,2026-06-28 10:46:59,217,leitura,,,,
RES-F-TT,10.6358,C,OK,2026-06-28 10:46:59,217,leitura,,,,
,28.0,,,2026-06-28 10:46:59,217,atuador,BOMBA-Q,PRINCIPAL,,
,28.0,,,2026-06-28 10:46:59,217,atuador,BOMBA-F,PRINCIPAL,,
TQ-MIX-TT,10.9032,C,OK,2026-06-28 10:47:02,218,leitura,,,,
TQ-MIX-LT,82.1763,%,OK,2026-06-28 10:47:02,218,leitura,,,,
TQ-MIX-PT,2.64353,BAR,OK,2026-06-28 10:47:02,218,leitura,,,,
RES-Q-TT,74.2524,C,OK,2026-06-28 10:47:02,218,leitura,,,,
RES-F-TT,10.9032,C,OK,2026-06-28 10:47:02,218,leitura,,,,
,28.0,,,2026-06-28 10:47:02,218,atuador,BOMBA-Q,PRINCIPAL,,
,28.0,,,2026-06-28 10:47:02,218,atuador,BOMBA-F,PRINCIPAL,,
TQ-MIX-TT,74.1628,C,OK,2026-06-28 10:47:05,219,leitura,,,,
TQ-MIX-LT,82.0323,%,OK,2026-06-28 10:47:05,219,leitura,,,,
TQ-MIX-PT,2.64065,BAR,OK,2026-06-28 10:47:05,219,leitura,,,,
RES-Q-TT,74.1628,C,OK,2026-06-28 10:47:05,219,leitura,,,,
RES-F-TT,10.8327,C,OK,2026-06-28 10:47:05,219,leitura,,,,
,28.0,,,2026-06-28 10:47:05,219,atuador,BOMBA-Q,PRINCIPAL,,
,28.0,,,2026-06-28 10:47:05,219,atuador,BOMBA-F,PRINCIPAL,,
TQ-MIX-TT,11.1052,C,OK,2026-06-28 10:47:08,220,leitura,,,,
TQ-MIX-LT,81.8883,%,OK,2026-06-28 10:47:08,220,leitura,,,,
TQ-MIX-PT,2.63777,BAR,OK,2026-06-28 10:47:08,220,leitura,,,,
RES-Q-TT,74.1818,C,OK,2026-06-28 10:47:08,220,leitura,,,,
RES-F-TT,11.1052,C,OK,2026-06-28 10:47:08,220,leitura,,,,
,28.0,,,2026-06-28 10:47:08,220,atuador,BOMBA-Q,PRINCIPAL,,
,28.0,,,2026-06-28 10:47:08,220,atuador,BOMBA-F,PRINCIPAL,,
TQ-MIX-TT,74.3789,C,OK,2026-06-28 10:47:11,221,leitura,,,,
TQ-MIX-LT,81.7443,%,OK,2026-06-28 10:47:11,221,leitura,,,,
TQ-MIX-PT,2.63489,BAR,OK,2026-06-28 10:47:11,221,leitura,,,,
RES-Q-TT,74.3789,C,OK,2026-06-28 10:47:11,221,leitura,,,,
RES-F-TT,11.3097,C,OK,2026-06-28 10:47:11,221,leitura,,,,
,28.0,,,2026-06-28 10:47:11,221,atuador,BOMBA-Q,PRINCIPAL,,
,28.0,,,2026-06-28 10:47:11,221,atuador,BOMBA-F,PRINCIPAL,,
TQ-MIX-TT,11.486,C,OK,2026-06-28 10:47:14,222,leitura,,,,
TQ-MIX-LT,81.6003,%,OK,2026-06-28 10:47:14,222,leitura,,,,
TQ-MIX-PT,2.63201,BAR,OK,2026-06-28 10:47:14,222,leitura,,,,
RES-Q-TT,74.3573,C,OK,2026-06-28 10:47:14,222,leitura,,,,
RES-F-TT,11.486,C,OK,2026-06-28 10:47:14,222,leitura,,,,
,28.0,,,2026-06-28 10:47:14,222,atuador,BOMBA-Q,PRINCIPAL,,
,28.0,,,2026-06-28 10:47:14,222,atuador,BOMBA-F,PRINCIPAL,,
TQ-MIX-TT,74.4442,C,OK,2026-06-28 10:47:17,223,leitura,,,,
TQ-MIX-LT,81.4563,%,OK,2026-06-28 10:47:17,223,leitura,,,,
TQ-MIX-PT,2.62913,BAR,OK,2026-06-28 10:47:17,223,leitura,,,,
RES-Q-TT,74.4442,C,OK,2026-06-28 10:47:17,223,leitura,,,,
RES-F-TT,11.7856,C,OK,2026-06-28 10:47:17,223,leitura,,,,
,28.0,,,2026-06-28 10:47:17,223,atuador,BOMBA-Q,PRINCIPAL,,
,28.0,,,2026-06-28 10:47:17,223,atuador,BOMBA-F,PRINCIPAL,,
TQ-MIX-TT,11.6861,C,OK,2026-06-28 10:47:20,224,leitura,,,,
TQ-MIX-LT,81.3123,%,OK,2026-06-28 10:47:20,224,leitura,,,,
TQ-MIX-PT,2.62625,BAR,OK,2026-06-28 10:47:20,224,leitura,,,,
RES-Q-TT,74.5632,C,OK,2026-06-28 10:47:20,224,leitura,,,,
RES-F-TT,11.6861,C,OK,2026-06-28 10:47:20,224,leitura,,,,
,28.0,,,2026-06-28 10:47:20,224,atuador,BOMBA-Q,PRINCIPAL,,
,28.0,,,2026-06-28 10:47:20,224,atuador,BOMBA-F,PRINCIPAL,,
TQ-MIX-TT,74.6641,C,OK,2026-06-28 10:47:23,225,leitura,,,,
TQ-MIX-LT,81.1683,%,OK,2026-06-28 10:47:23,225,leitura,,,,
TQ-MIX-PT,2.62337,BAR,OK,2026-06-28 10:47:23,225,leitura,,,,
RES-Q-TT,74.6641,C,OK,2026-06-28 10:47:23,225,leitura,,,,
RES-F-TT,11.914,C,OK,2026-06-28 10:47:23,225,leitura,,,,
,28.0,,,2026-06-28 10:47:23,225,atuador,BOMBA-Q,PRINCIPAL,,
,28.0,,,2026-06-28 10:47:23,225,atuador,BOMBA-F,PRINCIPAL,,
TQ-MIX-TT,11.9063,C,OK,2026-06-28 10:47:26,226,leitura,,,,
TQ-MIX-LT,81.0243,%,OK,2026-06-28 10:47:26,226,leitura,,,,
TQ-MIX-PT,2.62049,BAR,OK,2026-06-28 10:47:26,226,leitura,,,,
RES-Q-TT,74.5852,C,OK,2026-06-28 10:47:26,226,leitura,,,,
RES-F-TT,11.9063,C,OK,2026-06-28 10:47:26,226,leitura,,,,
,28.0,,,2026-06-28 10:47:26,226,atuador,BOMBA-Q,PRINCIPAL,,
,28.0,,,2026-06-28 10:47:26,226,atuador,BOMBA-F,PRINCIPAL,,
TQ-MIX-TT,74.7321,C,OK,2026-06-28 10:47:29,227,leitura,,,,
TQ-MIX-LT,80.8803,%,OK,2026-06-28 10:47:29,227,leitura,,,,
TQ-MIX-PT,2.61761,BAR,OK,2026-06-28 10:47:29,227,leitura,,,,
RES-Q-TT,74.7321,C,OK,2026-06-28 10:47:29,227,leitura,,,,
RES-F-TT,11.7242,C,OK,2026-06-28 10:47:29,227,leitura,,,,
,28.0,,,2026-06-28 10:47:29,227,atuador,BOMBA-Q,PRINCIPAL,,
,28.0,,,2026-06-28 10:47:29,227,atuador,BOMBA-F,PRINCIPAL,,
TQ-MIX-TT,11.9368,C,OK,2026-06-28 10:47:32,228,leitura,,,,
TQ-MIX-LT,80.7363,%,OK,2026-06-28 10:47:32,228,leitura,,,,
TQ-MIX-PT,2.61473,BAR,OK,2026-06-28 10:47:32,228,leitura,,,,
RES-Q-TT,74.576,C,OK,2026-06-28 10:47:32,228,leitura,,,,
RES-F-TT,11.9368,C,OK,2026-06-28 10:47:32,228,leitura,,,,
,28.0,,,2026-06-28 10:47:32,228,atuador,BOMBA-Q,PRINCIPAL,,
,28.0,,,2026-06-28 10:47:32,228,atuador,BOMBA-F,PRINCIPAL,,
TQ-MIX-TT,74.5895,C,OK,2026-06-28 10:47:35,229,leitura,,,,
TQ-MIX-LT,80.5923,%,OK,2026-06-28 10:47:35,229,leitura,,,,
TQ-MIX-PT,2.61185,BAR,OK,2026-06-28 10:47:35,229,leitura,,,,
RES-Q-TT,74.5895,C,OK,2026-06-28 10:47:35,229,leitura,,,,
RES-F-TT,12.1044,C,OK,2026-06-28 10:47:35,229,leitura,,,,
,28.0,,,2026-06-28 10:47:35,229,atuador,BOMBA-Q,PRINCIPAL,,
,28.0,,,2026-06-28 10:47:35,229,atuador,BOMBA-F,PRINCIPAL,,
TQ-MIX-TT,11.9715,C,OK,2026-06-28 10:47:38,230,leitura,,,,
TQ-MIX-LT,80.4483,%,OK,2026-06-28 10:47:38,230,leitura,,,,
TQ-MIX-PT,2.60897,BAR,OK,2026-06-28 10:47:38,230,leitura,,,,
RES-Q-TT,74.8214,C,OK,2026-06-28 10:47:38,230,leitura,,,,
RES-F-TT,11.9715,C,OK,2026-06-28 10:47:38,230,leitura,,,,
,28.0,,,2026-06-28 10:47:38,230,atuador,BOMBA-Q,PRINCIPAL,,
,28.0,,,2026-06-28 10:47:38,230,atuador,BOMBA-F,PRINCIPAL,,
TQ-MIX-TT,74.5629,C,OK,2026-06-28 10:47:41,231,leitura,,,,
TQ-MIX-LT,80.3043,%,OK,2026-06-28 10:47:41,231,leitura,,,,
TQ-MIX-PT,2.60609,BAR,OK,2026-06-28 10:47:41,231,leitura,,,,
RES-Q-TT,74.5629,C,OK,2026-06-28 10:47:41,231,leitura,,,,
RES-F-TT,11.8289,C,OK,2026-06-28 10:47:41,231,leitura,,,,
,28.0,,,2026-06-28 10:47:41,231,atuador,BOMBA-Q,PRINCIPAL,,
,28.0,,,2026-06-28 10:47:41,231,atuador,BOMBA-F,PRINCIPAL,,
TQ-MIX-TT,11.9038,C,OK,2026-06-28 10:47:44,232,leitura,,,,
TQ-MIX-LT,80.1603,%,OK,2026-06-28 10:47:44,232,leitura,,,,
TQ-MIX-PT,2.60321,BAR,OK,2026-06-28 10:47:44,232,leitura,,,,
RES-Q-TT,74.3674,C,OK,2026-06-28 10:47:44,232,leitura,,,,
RES-F-TT,11.9038,C,OK,2026-06-28 10:47:44,232,leitura,,,,
,28.0,,,2026-06-28 10:47:44,232,atuador,BOMBA-Q,PRINCIPAL,,
,28.0,,,2026-06-28 10:47:44,232,atuador,BOMBA-F,PRINCIPAL,,
TQ-MIX-TT,74.5962,C,OK,2026-06-28 10:47:47,233,leitura,,,,
TQ-MIX-LT,80.0163,%,OK,2026-06-28 10:47:47,233,leitura,,,,
TQ-MIX-PT,2.60033,BAR,OK,2026-06-28 10:47:47,233,leitura,,,,
RES-Q-TT,74.5962,C,OK,2026-06-28 10:47:47,233,leitura,,,,
RES-F-TT,12.1421,C,OK,2026-06-28 10:47:47,233,leitura,,,,
,28.0,,,2026-06-28 10:47:47,233,atuador,BOMBA-Q,PRINCIPAL,,
,28.0,,,2026-06-28 10:47:47,233,atuador,BOMBA-F,PRINCIPAL,,
TQ-MIX-TT,12.4394,C,OK,2026-06-28 10:47:50,234,leitura,,,,
TQ-MIX-LT,79.8723,%,OK,2026-06-28 10:47:50,234,leitura,,,,
TQ-MIX-PT,2.5974500000000003,BAR,OK,2026-06-28 10:47:50,234,leitura,,,,
RES-Q-TT,74.7192,C,OK,2026-06-28 10:47:50,234,leitura,,,,
RES-F-TT,12.4394,C,OK,2026-06-28 10:47:50,234,leitura,,,,
,28.0,,,2026-06-28 10:47:50,234,atuador,BOMBA-Q,PRINCIPAL,,
,28.0,,,2026-06-28 10:47:50,234,atuador,BOMBA-F,PRINCIPAL,,
TQ-MIX-TT,74.6536,C,OK,2026-06-28 10:47:53,235,leitura,,,,
TQ-MIX-LT,79.7283,%,OK,2026-06-28 10:47:53,235,leitura,,,,
TQ-MIX-PT,2.59457,BAR,OK,2026-06-28 10:47:53,235,leitura,,,,
RES-Q-TT,74.6536,C,OK,2026-06-28 10:47:53,235,leitura,,,,
RES-F-TT,12.2066,C,OK,2026-06-28 10:47:53,235,leitura,,,,
,28.0,,,2026-06-28 10:47:53,235,atuador,BOMBA-Q,PRINCIPAL,,
,28.0,,,2026-06-28 10:47:53,235,atuador,BOMBA-F,PRINCIPAL,,
TQ-MIX-TT,12.2429,C,OK,2026-06-28 10:47:56,236,leitura,,,,
TQ-MIX-LT,79.5843,%,OK,2026-06-28 10:47:56,236,leitura,,,,
TQ-MIX-PT,2.59169,BAR,OK,2026-06-28 10:47:56,236,leitura,,,,
RES-Q-TT,74.5163,C,OK,2026-06-28 10:47:56,236,leitura,,,,
RES-F-TT,12.2429,C,OK,2026-06-28 10:47:56,236,leitura,,,,
,28.0,,,2026-06-28 10:47:56,236,atuador,BOMBA-Q,PRINCIPAL,,
,28.0,,,2026-06-28 10:47:56,236,atuador,BOMBA-F,PRINCIPAL,,
TQ-MIX-TT,74.7303,C,OK,2026-06-28 10:47:59,237,leitura,,,,
TQ-MIX-LT,79.4403,%,OK,2026-06-28 10:47:59,237,leitura,,,,
TQ-MIX-PT,2.58881,BAR,OK,2026-06-28 10:47:59,237,leitura,,,,
RES-Q-TT,74.7303,C,OK,2026-06-28 10:47:59,237,leitura,,,,
RES-F-TT,12.2713,C,OK,2026-06-28 10:47:59,237,leitura,,,,
,28.0,,,2026-06-28 10:47:59,237,atuador,BOMBA-Q,PRINCIPAL,,
,28.0,,,2026-06-28 10:47:59,237,atuador,BOMBA-F,PRINCIPAL,,
TQ-MIX-TT,12.1365,C,OK,2026-06-28 10:48:02,238,leitura,,,,
TQ-MIX-LT,79.2963,%,OK,2026-06-28 10:48:02,238,leitura,,,,
TQ-MIX-PT,2.5859300000000003,BAR,OK,2026-06-28 10:48:02,238,leitura,,,,
RES-Q-TT,74.7524,C,OK,2026-06-28 10:48:02,238,leitura,,,,
RES-F-TT,12.1365,C,OK,2026-06-28 10:48:02,238,leitura,,,,
,28.0,,,2026-06-28 10:48:02,238,atuador,BOMBA-Q,PRINCIPAL,,
,28.0,,,2026-06-28 10:48:02,238,atuador,BOMBA-F,PRINCIPAL,,
TQ-MIX-TT,74.7968,C,OK,2026-06-28 10:48:05,239,leitura,,,,
TQ-MIX-LT,79.1523,%,OK,2026-06-28 10:48:05,239,leitura,,,,
TQ-MIX-PT,2.58305,BAR,OK,2026-06-28 10:48:05,239,leitura,,,,
RES-Q-TT,74.7968,C,OK,2026-06-28 10:48:05,239,leitura,,,,
RES-F-TT,12.4156,C,OK,2026-06-28 10:48:05,239,leitura,,,,
,28.0,,,2026-06-28 10:48:05,239,atuador,BOMBA-Q,PRINCIPAL,,
,28.0,,,2026-06-28 10:48:05,239,atuador,BOMBA-F,PRINCIPAL,,
TQ-MIX-TT,12.4308,C,OK,2026-06-28 10:48:08,240,leitura,,,,
TQ-MIX-LT,79.0083,%,OK,2026-06-28 10:48:08,240,leitura,,,,
TQ-MIX-PT,2.58017,BAR,OK,2026-06-28 10:48:08,240,leitura,,,,
RES-Q-TT,74.5824,C,OK,2026-06-28 10:48:08,240,leitura,,,,
RES-F-TT,12.4308,C,OK,2026-06-28 10:48:08,240,leitura,,,,
,28.0,,,2026-06-28 10:48:08,240,atuador,BOMBA-Q,PRINCIPAL,,
,28.0,,,2026-06-28 10:48:08,240,atuador,BOMBA-F,PRINCIPAL,,
TQ-MIX-TT,74.4613,C,OK,2026-06-28 10:48:11,241,leitura,,,,
TQ-MIX-LT,78.8643,%,OK,2026-06-28 10:48:11,241,leitura,,,,
TQ-MIX-PT,2.57729,BAR,OK,2026-06-28 10:48:11,241,leitura,,,,
RES-Q-TT,74.4613,C,OK,2026-06-28 10:48:11,241,leitura,,,,
RES-F-TT,12.2366,C,OK,2026-06-28 10:48:11,241,leitura,,,,
,28.0,,,2026-06-28 10:48:11,241,atuador,BOMBA-Q,PRINCIPAL,,
,28.0,,,2026-06-28 10:48:11,241,atuador,BOMBA-F,PRINCIPAL,,
TQ-MIX-TT,12.4915,C,OK,2026-06-28 10:48:14,242,leitura,,,,
TQ-MIX-LT,78.7203,%,OK,2026-06-28 10:48:14,242,leitura,,,,
TQ-MIX-PT,2.5744100000000003,BAR,OK,2026-06-28 10:48:14,242,leitura,,,,
RES-Q-TT,74.6567,C,OK,2026-06-28 10:48:14,242,leitura,,,,
RES-F-TT,12.4915,C,OK,2026-06-28 10:48:14,242,leitura,,,,
,28.0,,,2026-06-28 10:48:14,242,atuador,BOMBA-Q,PRINCIPAL,,
,28.0,,,2026-06-28 10:48:14,242,atuador,BOMBA-F,PRINCIPAL,,
TQ-MIX-TT,74.4094,C,OK,2026-06-28 10:48:17,243,leitura,,,,
TQ-MIX-LT,78.5763,%,OK,2026-06-28 10:48:17,243,leitura,,,,
TQ-MIX-PT,2.57153,BAR,OK,2026-06-28 10:48:17,243,leitura,,,,
RES-Q-TT,74.4094,C,OK,2026-06-28 10:48:17,243,leitura,,,,
RES-F-TT,12.5762,C,OK,2026-06-28 10:48:17,243,leitura,,,,
,28.0,,,2026-06-28 10:48:17,243,atuador,BOMBA-Q,PRINCIPAL,,
,28.0,,,2026-06-28 10:48:17,243,atuador,BOMBA-F,PRINCIPAL,,
TQ-MIX-TT,12.3926,C,OK,2026-06-28 10:48:20,244,leitura,,,,
TQ-MIX-LT,78.4323,%,OK,2026-06-28 10:48:20,244,leitura,,,,
TQ-MIX-PT,2.56865,BAR,OK,2026-06-28 10:48:20,244,leitura,,,,
RES-Q-TT,74.4857,C,OK,2026-06-28 10:48:20,244,leitura,,,,
RES-F-TT,12.3926,C,OK,2026-06-28 10:48:20,244,leitura,,,,
,28.0,,,2026-06-28 10:48:20,244,atuador,BOMBA-Q,PRINCIPAL,,
,28.0,,,2026-06-28 10:48:20,244,atuador,BOMBA-F,PRINCIPAL,,
TQ-MIX-TT,74.4542,C,OK,2026-06-28 10:48:23,245,leitura,,,,
TQ-MIX-LT,78.2883,%,OK,2026-06-28 10:48:23,245,leitura,,,,
TQ-MIX-PT,2.56577,BAR,OK,2026-06-28 10:48:23,245,leitura,,,,
RES-Q-TT,74.4542,C,OK,2026-06-28 10:48:23,245,leitura,,,,
RES-F-TT,12.4914,C,OK,2026-06-28 10:48:23,245,leitura,,,,
,28.0,,,2026-06-28 10:48:23,245,atuador,BOMBA-Q,PRINCIPAL,,
,28.0,,,2026-06-28 10:48:23,245,atuador,BOMBA-F,PRINCIPAL,,
TQ-MIX-TT,12.4668,C,OK,2026-06-28 10:48:26,246,leitura,,,,
TQ-MIX-LT,78.1443,%,OK,2026-06-28 10:48:26,246,leitura,,,,
TQ-MIX-PT,2.56289,BAR,OK,2026-06-28 10:48:26,246,leitura,,,,
RES-Q-TT,74.613,C,OK,2026-06-28 10:48:26,246,leitura,,,,
RES-F-TT,12.4668,C,OK,2026-06-28 10:48:26,246,leitura,,,,
,28.0,,,2026-06-28 10:48:26,246,atuador,BOMBA-Q,PRINCIPAL,,
,28.0,,,2026-06-28 10:48:26,246,atuador,BOMBA-F,PRINCIPAL,,
TQ-MIX-TT,74.6782,C,OK,2026-06-28 10:48:29,247,leitura,,,,
TQ-MIX-LT,78.0003,%,OK,2026-06-28 10:48:29,247,leitura,,,,
TQ-MIX-PT,2.56001,BAR,OK,2026-06-28 10:48:29,247,leitura,,,,
RES-Q-TT,74.6782,C,OK,2026-06-28 10:48:29,247,leitura,,,,
RES-F-TT,12.3766,C,OK,2026-06-28 10:48:29,247,leitura,,,,
,28.0,,,2026-06-28 10:48:29,247,atuador,BOMBA-Q,PRINCIPAL,,
,28.0,,,2026-06-28 10:48:29,247,atuador,BOMBA-F,PRINCIPAL,,
TQ-MIX-TT,12.2431,C,OK,2026-06-28 10:48:32,248,leitura,,,,
TQ-MIX-LT,77.8563,%,OK,2026-06-28 10:48:32,248,leitura,,,,
TQ-MIX-PT,2.55713,BAR,OK,2026-06-28 10:48:32,248,leitura,,,,
RES-Q-TT,74.5355,C,OK,2026-06-28 10:48:32,248,leitura,,,,
RES-F-TT,12.2431,C,OK,2026-06-28 10:48:32,248,leitura,,,,
,28.0,,,2026-06-28 10:48:32,248,atuador,BOMBA-Q,PRINCIPAL,,
,28.0,,,2026-06-28 10:48:32,248,atuador,BOMBA-F,PRINCIPAL,,
TQ-MIX-TT,74.2419,C,OK,2026-06-28 10:48:35,249,leitura,,,,
TQ-MIX-LT,77.7123,%,OK,2026-06-28 10:48:35,249,leitura,,,,
TQ-MIX-PT,2.55425,BAR,OK,2026-06-28 10:48:35,249,leitura,,,,
RES-Q-TT,74.2419,C,OK,2026-06-28 10:48:35,249,leitura,,,,
RES-F-TT,12.3285,C,OK,2026-06-28 10:48:35,249,leitura,,,,
,28.0,,,2026-06-28 10:48:35,249,atuador,BOMBA-Q,PRINCIPAL,,
,28.0,,,2026-06-28 10:48:35,249,atuador,BOMBA-F,PRINCIPAL,,
TQ-MIX-TT,12.3628,C,OK,2026-06-28 10:48:38,250,leitura,,,,
TQ-MIX-LT,77.5683,%,OK,2026-06-28 10:48:38,250,leitura,,,,
TQ-MIX-PT,2.55137,BAR,OK,2026-06-28 10:48:38,250,leitura,,,,
RES-Q-TT,74.4207,C,OK,2026-06-28 10:48:38,250,leitura,,,,
RES-F-TT,12.3628,C,OK,2026-06-28 10:48:38,250,leitura,,,,
,28.0,,,2026-06-28 10:48:38,250,atuador,BOMBA-Q,PRINCIPAL,,
,28.0,,,2026-06-28 10:48:38,250,atuador,BOMBA-F,PRINCIPAL,,
TQ-MIX-TT,74.2701,C,OK,2026-06-28 10:48:41,251,leitura,,,,
TQ-MIX-LT,77.4243,%,OK,2026-06-28 10:48:41,251,leitura,,,,
TQ-MIX-PT,2.54849,BAR,OK,2026-06-28 10:48:41,251,leitura,,,,
RES-Q-TT,74.2701,C,OK,2026-06-28 10:48:41,251,leitura,,,,
RES-F-TT,12.4698,C,OK,2026-06-28 10:48:41,251,leitura,,,,
,28.0,,,2026-06-28 10:48:41,251,atuador,BOMBA-Q,PRINCIPAL,,
,28.0,,,2026-06-28 10:48:41,251,atuador,BOMBA-F,PRINCIPAL,,
TQ-MIX-TT,12.2112,C,OK,2026-06-28 10:48:44,252,leitura,,,,
TQ-MIX-LT,77.2803,%,OK,2026-06-28 10:48:44,252,leitura,,,,
TQ-MIX-PT,2.54561,BAR,OK,2026-06-28 10:48:44,252,leitura,,,,
RES-Q-TT,74.2872,C,OK,2026-06-28 10:48:44,252,leitura,,,,
RES-F-TT,12.2112,C,OK,2026-06-28 10:48:44,252,leitura,,,,
,28.0,,,2026-06-28 10:48:44,252,atuador,BOMBA-Q,PRINCIPAL,,
,28.0,,,2026-06-28 10:48:44,252,atuador,BOMBA-F,PRINCIPAL,,
TQ-MIX-TT,74.4983,C,OK,2026-06-28 10:48:47,253,leitura,,,,
TQ-MIX-LT,77.1363,%,OK,2026-06-28 10:48:47,253,leitura,,,,
TQ-MIX-PT,2.54273,BAR,OK,2026-06-28 10:48:47,253,leitura,,,,
RES-Q-TT,74.4983,C,OK,2026-06-28 10:48:47,253,leitura,,,,
RES-F-TT,12.4734,C,OK,2026-06-28 10:48:47,253,leitura,,,,
,28.0,,,2026-06-28 10:48:47,253,atuador,BOMBA-Q,PRINCIPAL,,
,28.0,,,2026-06-28 10:48:47,253,atuador,BOMBA-F,PRINCIPAL,,
TQ-MIX-TT,12.4136,C,OK,2026-06-28 10:48:50,254,leitura,,,,
TQ-MIX-LT,76.9923,%,OK,2026-06-28 10:48:50,254,leitura,,,,
TQ-MIX-PT,2.53985,BAR,OK,2026-06-28 10:48:50,254,leitura,,,,
RES-Q-TT,74.2305,C,OK,2026-06-28 10:48:50,254,leitura,,,,
RES-F-TT,12.4136,C,OK,2026-06-28 10:48:50,254,leitura,,,,
,28.0,,,2026-06-28 10:48:50,254,atuador,BOMBA-Q,PRINCIPAL,,
,28.0,,,2026-06-28 10:48:50,254,atuador,BOMBA-F,PRINCIPAL,,
TQ-MIX-TT,74.3652,C,OK,2026-06-28 10:48:53,255,leitura,,,,
TQ-MIX-LT,76.8483,%,OK,2026-06-28 10:48:53,255,leitura,,,,
TQ-MIX-PT,2.53697,BAR,OK,2026-06-28 10:48:53,255,leitura,,,,
RES-Q-TT,74.3652,C,OK,2026-06-28 10:48:53,255,leitura,,,,
RES-F-TT,12.1399,C,OK,2026-06-28 10:48:53,255,leitura,,,,
,28.0,,,2026-06-28 10:48:53,255,atuador,BOMBA-Q,PRINCIPAL,,
,28.0,,,2026-06-28 10:48:53,255,atuador,BOMBA-F,PRINCIPAL,,
TQ-MIX-TT,12.3251,C,OK,2026-06-28 10:48:56,256,leitura,,,,
TQ-MIX-LT,76.7043,%,OK,2026-06-28 10:48:56,256,leitura,,,,
TQ-MIX-PT,2.53409,BAR,OK,2026-06-28 10:48:56,256,leitura,,,,
RES-Q-TT,74.5171,C,OK,2026-06-28 10:48:56,256,leitura,,,,
RES-F-TT,12.3251,C,OK,2026-06-28 10:48:56,256,leitura,,,,
,28.0,,,2026-06-28 10:48:56,256,atuador,BOMBA-Q,PRINCIPAL,,
,28.0,,,2026-06-28 10:48:56,256,atuador,BOMBA-F,PRINCIPAL,,
TQ-MIX-TT,74.5456,C,OK,2026-06-28 10:48:59,257,leitura,,,,
TQ-MIX-LT,76.5603,%,OK,2026-06-28 10:48:59,257,leitura,,,,
TQ-MIX-PT,2.53121,BAR,OK,2026-06-28 10:48:59,257,leitura,,,,
RES-Q-TT,74.5456,C,OK,2026-06-28 10:48:59,257,leitura,,,,
RES-F-TT,12.2463,C,OK,2026-06-28 10:48:59,257,leitura,,,,
,28.0,,,2026-06-28 10:48:59,257,atuador,BOMBA-Q,PRINCIPAL,,
,28.0,,,2026-06-28 10:48:59,257,atuador,BOMBA-F,PRINCIPAL,,
TQ-MIX-TT,12.2211,C,OK,2026-06-28 10:49:02,258,leitura,,,,
TQ-MIX-LT,76.4163,%,OK,2026-06-28 10:49:02,258,leitura,,,,
TQ-MIX-PT,2.52833,BAR,OK,2026-06-28 10:49:02,258,leitura,,,,
RES-Q-TT,74.831,C,OK,2026-06-28 10:49:02,258,leitura,,,,
RES-F-TT,12.2211,C,OK,2026-06-28 10:49:02,258,leitura,,,,
,28.0,,,2026-06-28 10:49:02,258,atuador,BOMBA-Q,PRINCIPAL,,
,28.0,,,2026-06-28 10:49:02,258,atuador,BOMBA-F,PRINCIPAL,,
TQ-MIX-TT,75.0271,C,OK,2026-06-28 10:49:05,259,leitura,,,,
TQ-MIX-LT,76.2723,%,OK,2026-06-28 10:49:05,259,leitura,,,,
TQ-MIX-PT,2.52545,BAR,OK,2026-06-28 10:49:05,259,leitura,,,,
RES-Q-TT,75.0271,C,OK,2026-06-28 10:49:05,259,leitura,,,,
RES-F-TT,12.4877,C,OK,2026-06-28 10:49:05,259,leitura,,,,
,28.0,,,2026-06-28 10:49:05,259,atuador,BOMBA-Q,PRINCIPAL,,
,28.0,,,2026-06-28 10:49:05,259,atuador,BOMBA-F,PRINCIPAL,,
TQ-MIX-TT,12.45,C,OK,2026-06-28 10:49:08,260,leitura,,,,
TQ-MIX-LT,76.1283,%,OK,2026-06-28 10:49:08,260,leitura,,,,
TQ-MIX-PT,2.52257,BAR,OK,2026-06-28 10:49:08,260,leitura,,,,
RES-Q-TT,74.8551,C,OK,2026-06-28 10:49:08,260,leitura,,,,
RES-F-TT,12.45,C,OK,2026-06-28 10:49:08,260,leitura,,,,
,28.0,,,2026-06-28 10:49:08,260,atuador,BOMBA-Q,PRINCIPAL,,
,28.0,,,2026-06-28 10:49:08,260,atuador,BOMBA-F,PRINCIPAL,,
TQ-MIX-TT,74.6397,C,OK,2026-06-28 10:49:11,261,leitura,,,,
TQ-MIX-LT,75.9843,%,OK,2026-06-28 10:49:11,261,leitura,,,,
TQ-MIX-PT,2.51969,BAR,OK,2026-06-28 10:49:11,261,leitura,,,,
RES-Q-TT,74.6397,C,OK,2026-06-28 10:49:11,261,leitura,,,,
RES-F-TT,12.4533,C,OK,2026-06-28 10:49:11,261,leitura,,,,
,28.0,,,2026-06-28 10:49:11,261,atuador,BOMBA-Q,PRINCIPAL,,
,28.0,,,2026-06-28 10:49:11,261,atuador,BOMBA-F,PRINCIPAL,,
TQ-MIX-TT,12.7074,C,OK,2026-06-28 10:49:14,262,leitura,,,,
TQ-MIX-LT,75.8403,%,OK,2026-06-28 10:49:14,262,leitura,,,,
TQ-MIX-PT,2.51681,BAR,OK,2026-06-28 10:49:14,262,leitura,,,,
RES-Q-TT,74.6241,C,OK,2026-06-28 10:49:14,262,leitura,,,,
RES-F-TT,12.7074,C,OK,2026-06-28 10:49:14,262,leitura,,,,
,28.0,,,2026-06-28 10:49:14,262,atuador,BOMBA-Q,PRINCIPAL,,
,28.0,,,2026-06-28 10:49:14,262,atuador,BOMBA-F,PRINCIPAL,,
TQ-MIX-TT,74.7832,C,OK,2026-06-28 10:49:17,263,leitura,,,,
TQ-MIX-LT,75.6963,%,OK,2026-06-28 10:49:17,263,leitura,,,,
TQ-MIX-PT,2.51393,BAR,OK,2026-06-28 10:49:17,263,leitura,,,,
RES-Q-TT,74.7832,C,OK,2026-06-28 10:49:17,263,leitura,,,,
RES-F-TT,12.6136,C,OK,2026-06-28 10:49:17,263,leitura,,,,
,28.0,,,2026-06-28 10:49:17,263,atuador,BOMBA-Q,PRINCIPAL,,
,28.0,,,2026-06-28 10:49:17,263,atuador,BOMBA-F,PRINCIPAL,,
TQ-MIX-TT,12.5636,C,OK,2026-06-28 10:49:20,264,leitura,,,,
TQ-MIX-LT,75.5523,%,OK,2026-06-28 10:49:20,264,leitura,,,,
TQ-MIX-PT,2.51105,BAR,OK,2026-06-28 10:49:20,264,leitura,,,,
RES-Q-TT,74.5867,C,OK,2026-06-28 10:49:20,264,leitura,,,,
RES-F-TT,12.5636,C,OK,2026-06-28 10:49:20,264,leitura,,,,
,28.0,,,2026-06-28 10:49:20,264,atuador,BOMBA-Q,PRINCIPAL,,
,28.0,,,2026-06-28 10:49:20,264,atuador,BOMBA-F,PRINCIPAL,,
TQ-MIX-TT,74.4493,C,OK,2026-06-28 10:49:23,265,leitura,,,,
TQ-MIX-LT,75.4083,%,OK,2026-06-28 10:49:23,265,leitura,,,,
TQ-MIX-PT,2.50817,BAR,OK,2026-06-28 10:49:23,265,leitura,,,,
RES-Q-TT,74.4493,C,OK,2026-06-28 10:49:23,265,leitura,,,,
RES-F-TT,12.3746,C,OK,2026-06-28 10:49:23,265,leitura,,,,
,28.0,,,2026-06-28 10:49:23,265,atuador,BOMBA-Q,PRINCIPAL,,
,28.0,,,2026-06-28 10:49:23,265,atuador,BOMBA-F,PRINCIPAL,,
TQ-MIX-TT,12.1204,C,OK,2026-06-28 10:49:26,266,leitura,,,,
TQ-MIX-LT,75.2643,%,OK,2026-06-28 10:49:26,266,leitura,,,,
TQ-MIX-PT,2.50529,BAR,OK,2026-06-28 10:49:26,266,leitura,,,,
RES-Q-TT,74.1953,C,OK,2026-06-28 10:49:26,266,leitura,,,,
RES-F-TT,12.1204,C,OK,2026-06-28 10:49:26,266,leitura,,,,
,28.0,,,2026-06-28 10:49:26,266,atuador,BOMBA-Q,PRINCIPAL,,
,28.0,,,2026-06-28 10:49:26,266,atuador,BOMBA-F,PRINCIPAL,,
TQ-MIX-TT,74.1139,C,OK,2026-06-28 10:49:29,267,leitura,,,,
TQ-MIX-LT,75.1203,%,OK,2026-06-28 10:49:29,267,leitura,,,,
TQ-MIX-PT,2.50241,BAR,OK,2026-06-28 10:49:29,267,leitura,,,,
RES-Q-TT,74.1139,C,OK,2026-06-28 10:49:29,267,leitura,,,,
RES-F-TT,11.9211,C,OK,2026-06-28 10:49:29,267,leitura,,,,
,28.0,,,2026-06-28 10:49:29,267,atuador,BOMBA-Q,PRINCIPAL,,
,28.0,,,2026-06-28 10:49:29,267,atuador,BOMBA-F,PRINCIPAL,,
TQ-MIX-TT,12.0285,C,OK,2026-06-28 10:49:32,268,leitura,,,,
TQ-MIX-LT,74.9763,%,OK,2026-06-28 10:49:32,268,leitura,,,,
TQ-MIX-PT,2.49953,BAR,OK,2026-06-28 10:49:32,268,leitura,,,,
RES-Q-TT,74.0082,C,OK,2026-06-28 10:49:32,268,leitura,,,,
RES-F-TT,12.0285,C,OK,2026-06-28 10:49:32,268,leitura,,,,
,28.0,,,2026-06-28 10:49:32,268,atuador,BOMBA-Q,PRINCIPAL,,
,28.0,,,2026-06-28 10:49:32,268,atuador,BOMBA-F,PRINCIPAL,,
TQ-MIX-TT,73.7629,C,OK,2026-06-28 10:49:35,269,leitura,,,,
TQ-MIX-LT,74.8323,%,OK,2026-06-28 10:49:35,269,leitura,,,,
TQ-MIX-PT,2.49665,BAR,OK,2026-06-28 10:49:35,269,leitura,,,,
RES-Q-TT,73.7629,C,OK,2026-06-28 10:49:35,269,leitura,,,,
RES-F-TT,12.1217,C,OK,2026-06-28 10:49:35,269,leitura,,,,
,28.0,,,2026-06-28 10:49:35,269,atuador,BOMBA-Q,PRINCIPAL,,
,28.0,,,2026-06-28 10:49:35,269,atuador,BOMBA-F,PRINCIPAL,,
TQ-MIX-TT,12.1525,C,OK,2026-06-28 10:49:38,270,leitura,,,,
TQ-MIX-LT,74.6883,%,OK,2026-06-28 10:49:38,270,leitura,,,,
TQ-MIX-PT,2.49377,BAR,OK,2026-06-28 10:49:38,270,leitura,,,,
RES-Q-TT,73.5162,C,OK,2026-06-28 10:49:38,270,leitura,,,,
RES-F-TT,12.1525,C,OK,2026-06-28 10:49:38,270,leitura,,,,
,28.0,,,2026-06-28 10:49:38,270,atuador,BOMBA-Q,PRINCIPAL,,
,28.0,,,2026-06-28 10:49:38,270,atuador,BOMBA-F,PRINCIPAL,,
TQ-MIX-TT,73.6279,C,OK,2026-06-28 10:49:41,271,leitura,,,,
TQ-MIX-LT,74.5443,%,OK,2026-06-28 10:49:41,271,leitura,,,,
TQ-MIX-PT,2.4908900000000003,BAR,OK,2026-06-28 10:49:41,271,leitura,,,,
RES-Q-TT,73.6279,C,OK,2026-06-28 10:49:41,271,leitura,,,,
RES-F-TT,12.3794,C,OK,2026-06-28 10:49:41,271,leitura,,,,
,28.0,,,2026-06-28 10:49:41,271,atuador,BOMBA-Q,PRINCIPAL,,
,28.0,,,2026-06-28 10:49:41,271,atuador,BOMBA-F,PRINCIPAL,,
TQ-MIX-TT,12.305,C,OK,2026-06-28 10:49:44,272,leitura,,,,
TQ-MIX-LT,74.4003,%,OK,2026-06-28 10:49:44,272,leitura,,,,
TQ-MIX-PT,2.48801,BAR,OK,2026-06-28 10:49:44,272,leitura,,,,
RES-Q-TT,73.5626,C,OK,2026-06-28 10:49:44,272,leitura,,,,
RES-F-TT,12.305,C,OK,2026-06-28 10:49:44,272,leitura,,,,
,28.0,,,2026-06-28 10:49:44,272,atuador,BOMBA-Q,PRINCIPAL,,
,28.0,,,2026-06-28 10:49:44,272,atuador,BOMBA-F,PRINCIPAL,,
TQ-MIX-TT,73.3683,C,OK,2026-06-28 10:49:47,273,leitura,,,,
TQ-MIX-LT,74.2563,%,OK,2026-06-28 10:49:47,273,leitura,,,,
TQ-MIX-PT,2.48513,BAR,OK,2026-06-28 10:49:47,273,leitura,,,,
RES-Q-TT,73.3683,C,OK,2026-06-28 10:49:47,273,leitura,,,,
RES-F-TT,12.2179,C,OK,2026-06-28 10:49:47,273,leitura,,,,
,28.0,,,2026-06-28 10:49:47,273,atuador,BOMBA-Q,PRINCIPAL,,
,28.0,,,2026-06-28 10:49:47,273,atuador,BOMBA-F,PRINCIPAL,,
TQ-MIX-TT,12.3191,C,OK,2026-06-28 10:49:50,274,leitura,,,,
TQ-MIX-LT,74.1123,%,OK,2026-06-28 10:49:50,274,leitura,,,,
TQ-MIX-PT,2.48225,BAR,OK,2026-06-28 10:49:50,274,leitura,,,,
RES-Q-TT,73.4451,C,OK,2026-06-28 10:49:50,274,leitura,,,,
RES-F-TT,12.3191,C,OK,2026-06-28 10:49:50,274,leitura,,,,
,28.0,,,2026-06-28 10:49:50,274,atuador,BOMBA-Q,PRINCIPAL,,
,28.0,,,2026-06-28 10:49:50,274,atuador,BOMBA-F,PRINCIPAL,,
TQ-MIX-TT,73.5843,C,OK,2026-06-28 10:49:53,275,leitura,,,,
TQ-MIX-LT,73.9683,%,OK,2026-06-28 10:49:53,275,leitura,,,,
TQ-MIX-PT,2.47937,BAR,OK,2026-06-28 10:49:53,275,leitura,,,,
RES-Q-TT,73.5843,C,OK,2026-06-28 10:49:53,275,leitura,,,,
RES-F-TT,12.4793,C,OK,2026-06-28 10:49:53,275,leitura,,,,
,28.0,,,2026-06-28 10:49:53,275,atuador,BOMBA-Q,PRINCIPAL,,
,28.0,,,2026-06-28 10:49:53,275,atuador,BOMBA-F,PRINCIPAL,,
TQ-MIX-TT,12.4022,C,OK,2026-06-28 10:49:56,276,leitura,,,,
TQ-MIX-LT,73.8243,%,OK,2026-06-28 10:49:56,276,leitura,,,,
TQ-MIX-PT,2.47649,BAR,OK,2026-06-28 10:49:56,276,leitura,,,,
RES-Q-TT,73.7243,C,OK,2026-06-28 10:49:56,276,leitura,,,,
RES-F-TT,12.4022,C,OK,2026-06-28 10:49:56,276,leitura,,,,
,28.0,,,2026-06-28 10:49:56,276,atuador,BOMBA-Q,PRINCIPAL,,
,28.0,,,2026-06-28 10:49:56,276,atuador,BOMBA-F,PRINCIPAL,,
TQ-MIX-TT,73.9002,C,OK,2026-06-28 10:49:59,277,leitura,,,,
TQ-MIX-LT,73.6803,%,OK,2026-06-28 10:49:59,277,leitura,,,,
TQ-MIX-PT,2.47361,BAR,OK,2026-06-28 10:49:59,277,leitura,,,,
RES-Q-TT,73.9002,C,OK,2026-06-28 10:49:59,277,leitura,,,,
RES-F-TT,12.41,C,OK,2026-06-28 10:49:59,277,leitura,,,,
,28.0,,,2026-06-28 10:49:59,277,atuador,BOMBA-Q,PRINCIPAL,,
,28.0,,,2026-06-28 10:49:59,277,atuador,BOMBA-F,PRINCIPAL,,
TQ-MIX-TT,12.2709,C,OK,2026-06-28 10:50:02,278,leitura,,,,
TQ-MIX-LT,73.5363,%,OK,2026-06-28 10:50:02,278,leitura,,,,
TQ-MIX-PT,2.47073,BAR,OK,2026-06-28 10:50:02,278,leitura,,,,
RES-Q-TT,73.9114,C,OK,2026-06-28 10:50:02,278,leitura,,,,
RES-F-TT,12.2709,C,OK,2026-06-28 10:50:02,278,leitura,,,,
,28.0,,,2026-06-28 10:50:02,278,atuador,BOMBA-Q,PRINCIPAL,,
,28.0,,,2026-06-28 10:50:02,278,atuador,BOMBA-F,PRINCIPAL,,
TQ-MIX-TT,74.0906,C,OK,2026-06-28 10:50:05,279,leitura,,,,
TQ-MIX-LT,73.3923,%,OK,2026-06-28 10:50:05,279,leitura,,,,
TQ-MIX-PT,2.46785,BAR,OK,2026-06-28 10:50:05,279,leitura,,,,
RES-Q-TT,74.0906,C,OK,2026-06-28 10:50:05,279,leitura,,,,
RES-F-TT,12.3434,C,OK,2026-06-28 10:50:05,279,leitura,,,,
,28.0,,,2026-06-28 10:50:05,279,atuador,BOMBA-Q,PRINCIPAL,,
,28.0,,,2026-06-28 10:50:05,279,atuador,BOMBA-F,PRINCIPAL,,
TQ-MIX-TT,12.5062,C,OK,2026-06-28 10:50:08,280,leitura,,,,
TQ-MIX-LT,73.2483,%,OK,2026-06-28 10:50:08,280,leitura,,,,
TQ-MIX-PT,2.46497,BAR,OK,2026-06-28 10:50:08,280,leitura,,,,
RES-Q-TT,74.3026,C,OK,2026-06-28 10:50:08,280,leitura,,,,
RES-F-TT,12.5062,C,OK,2026-06-28 10:50:08,280,leitura,,,,
,28.0,,,2026-06-28 10:50:08,280,atuador,BOMBA-Q,PRINCIPAL,,
,28.0,,,2026-06-28 10:50:08,280,atuador,BOMBA-F,PRINCIPAL,,
TQ-MIX-TT,74.3129,C,OK,2026-06-28 10:50:11,281,leitura,,,,
TQ-MIX-LT,73.1043,%,OK,2026-06-28 10:50:11,281,leitura,,,,
TQ-MIX-PT,2.46209,BAR,OK,2026-06-28 10:50:11,281,leitura,,,,
RES-Q-TT,74.3129,C,OK,2026-06-28 10:50:11,281,leitura,,,,
RES-F-TT,12.7866,C,OK,2026-06-28 10:50:11,281,leitura,,,,
,28.0,,,2026-06-28 10:50:11,281,atuador,BOMBA-Q,PRINCIPAL,,
,28.0,,,2026-06-28 10:50:11,281,atuador,BOMBA-F,PRINCIPAL,,
TQ-MIX-TT,12.7402,C,OK,2026-06-28 10:50:14,282,leitura,,,,
TQ-MIX-LT,72.9603,%,OK,2026-06-28 10:50:14,282,leitura,,,,
TQ-MIX-PT,2.45921,BAR,OK,2026-06-28 10:50:14,282,leitura,,,,
RES-Q-TT,74.419,C,OK,2026-06-28 10:50:14,282,leitura,,,,
RES-F-TT,12.7402,C,OK,2026-06-28 10:50:14,282,leitura,,,,
,28.0,,,2026-06-28 10:50:14,282,atuador,BOMBA-Q,PRINCIPAL,,
,28.0,,,2026-06-28 10:50:14,282,atuador,BOMBA-F,PRINCIPAL,,
TQ-MIX-TT,74.4346,C,OK,2026-06-28 10:50:17,283,leitura,,,,
TQ-MIX-LT,72.8163,%,OK,2026-06-28 10:50:17,283,leitura,,,,
TQ-MIX-PT,2.45633,BAR,OK,2026-06-28 10:50:17,283,leitura,,,,
RES-Q-TT,74.4346,C,OK,2026-06-28 10:50:17,283,leitura,,,,
RES-F-TT,12.5219,C,OK,2026-06-28 10:50:17,283,leitura,,,,
,28.0,,,2026-06-28 10:50:17,283,atuador,BOMBA-Q,PRINCIPAL,,
,28.0,,,2026-06-28 10:50:17,283,atuador,BOMBA-F,PRINCIPAL,,
TQ-MIX-TT,12.313,C,OK,2026-06-28 10:50:20,284,leitura,,,,
TQ-MIX-LT,72.6723,%,OK,2026-06-28 10:50:20,284,leitura,,,,
TQ-MIX-PT,2.45345,BAR,OK,2026-06-28 10:50:20,284,leitura,,,,
RES-Q-TT,74.6443,C,OK,2026-06-28 10:50:20,284,leitura,,,,
RES-F-TT,12.313,C,OK,2026-06-28 10:50:20,284,leitura,,,,
,28.0,,,2026-06-28 10:50:20,284,atuador,BOMBA-Q,PRINCIPAL,,
,28.0,,,2026-06-28 10:50:20,284,atuador,BOMBA-F,PRINCIPAL,,
TQ-MIX-TT,74.3622,C,OK,2026-06-28 10:50:23,285,leitura,,,,
TQ-MIX-LT,72.5283,%,OK,2026-06-28 10:50:23,285,leitura,,,,
TQ-MIX-PT,2.45057,BAR,OK,2026-06-28 10:50:23,285,leitura,,,,
RES-Q-TT,74.3622,C,OK,2026-06-28 10:50:23,285,leitura,,,,
RES-F-TT,12.2226,C,OK,2026-06-28 10:50:23,285,leitura,,,,
,28.0,,,2026-06-28 10:50:23,285,atuador,BOMBA-Q,PRINCIPAL,,
,28.0,,,2026-06-28 10:50:23,285,atuador,BOMBA-F,PRINCIPAL,,
TQ-MIX-TT,12.5024,C,OK,2026-06-28 10:50:26,286,leitura,,,,
TQ-MIX-LT,72.3843,%,OK,2026-06-28 10:50:26,286,leitura,,,,
TQ-MIX-PT,2.44769,BAR,OK,2026-06-28 10:50:26,286,leitura,,,,
RES-Q-TT,74.4345,C,OK,2026-06-28 10:50:26,286,leitura,,,,
RES-F-TT,12.5024,C,OK,2026-06-28 10:50:26,286,leitura,,,,
,28.0,,,2026-06-28 10:50:26,286,atuador,BOMBA-Q,PRINCIPAL,,
,28.0,,,2026-06-28 10:50:26,286,atuador,BOMBA-F,PRINCIPAL,,
TQ-MIX-TT,74.5934,C,OK,2026-06-28 10:50:29,287,leitura,,,,
TQ-MIX-LT,72.2403,%,OK,2026-06-28 10:50:29,287,leitura,,,,
TQ-MIX-PT,2.44481,BAR,OK,2026-06-28 10:50:29,287,leitura,,,,
RES-Q-TT,74.5934,C,OK,2026-06-28 10:50:29,287,leitura,,,,
RES-F-TT,12.6936,C,OK,2026-06-28 10:50:29,287,leitura,,,,
,28.0,,,2026-06-28 10:50:29,287,atuador,BOMBA-Q,PRINCIPAL,,
,28.0,,,2026-06-28 10:50:29,287,atuador,BOMBA-F,PRINCIPAL,,
TQ-MIX-TT,12.9304,C,OK,2026-06-28 10:50:32,288,leitura,,,,
TQ-MIX-LT,72.0963,%,OK,2026-06-28 10:50:32,288,leitura,,,,
TQ-MIX-PT,2.44193,BAR,OK,2026-06-28 10:50:32,288,leitura,,,,
RES-Q-TT,74.7699,C,OK,2026-06-28 10:50:32,288,leitura,,,,
RES-F-TT,12.9304,C,OK,2026-06-28 10:50:32,288,leitura,,,,
,28.0,,,2026-06-28 10:50:32,288,atuador,BOMBA-Q,PRINCIPAL,,
,28.0,,,2026-06-28 10:50:32,288,atuador,BOMBA-F,PRINCIPAL,,
TQ-MIX-TT,74.6777,C,OK,2026-06-28 10:50:35,289,leitura,,,,
TQ-MIX-LT,71.9523,%,OK,2026-06-28 10:50:35,289,leitura,,,,
TQ-MIX-PT,2.43905,BAR,OK,2026-06-28 10:50:35,289,leitura,,,,
RES-Q-TT,74.6777,C,OK,2026-06-28 10:50:35,289,leitura,,,,
RES-F-TT,12.8533,C,OK,2026-06-28 10:50:35,289,leitura,,,,
,28.0,,,2026-06-28 10:50:35,289,atuador,BOMBA-Q,PRINCIPAL,,
,28.0,,,2026-06-28 10:50:35,289,atuador,BOMBA-F,PRINCIPAL,,
TQ-MIX-TT,12.6138,C,OK,2026-06-28 10:50:38,290,leitura,,,,
TQ-MIX-LT,71.8083,%,OK,2026-06-28 10:50:38,290,leitura,,,,
TQ-MIX-PT,2.43617,BAR,OK,2026-06-28 10:50:38,290,leitura,,,,
RES-Q-TT,74.5618,C,OK,2026-06-28 10:50:38,290,leitura,,,,
RES-F-TT,12.6138,C,OK,2026-06-28 10:50:38,290,leitura,,,,
,28.0,,,2026-06-28 10:50:38,290,atuador,BOMBA-Q,PRINCIPAL,,
,28.0,,,2026-06-28 10:50:38,290,atuador,BOMBA-F,PRINCIPAL,,
TQ-MIX-TT,74.8017,C,OK,2026-06-28 10:50:41,291,leitura,,,,
TQ-MIX-LT,71.6643,%,OK,2026-06-28 10:50:41,291,leitura,,,,
TQ-MIX-PT,2.43329,BAR,OK,2026-06-28 10:50:41,291,leitura,,,,
RES-Q-TT,74.8017,C,OK,2026-06-28 10:50:41,291,leitura,,,,
RES-F-TT,12.8286,C,OK,2026-06-28 10:50:41,291,leitura,,,,
,28.0,,,2026-06-28 10:50:41,291,atuador,BOMBA-Q,PRINCIPAL,,
,28.0,,,2026-06-28 10:50:41,291,atuador,BOMBA-F,PRINCIPAL,,
TQ-MIX-TT,12.8189,C,OK,2026-06-28 10:50:44,292,leitura,,,,
TQ-MIX-LT,71.5203,%,OK,2026-06-28 10:50:44,292,leitura,,,,
TQ-MIX-PT,2.43041,BAR,OK,2026-06-28 10:50:44,292,leitura,,,,
RES-Q-TT,74.846,C,OK,2026-06-28 10:50:44,292,leitura,,,,
RES-F-TT,12.8189,C,OK,2026-06-28 10:50:44,292,leitura,,,,
,28.0,,,2026-06-28 10:50:44,292,atuador,BOMBA-Q,PRINCIPAL,,
,28.0,,,2026-06-28 10:50:44,292,atuador,BOMBA-F,PRINCIPAL,,
TQ-MIX-TT,74.6019,C,OK,2026-06-28 10:50:47,293,leitura,,,,
TQ-MIX-LT,71.3763,%,OK,2026-06-28 10:50:47,293,leitura,,,,
TQ-MIX-PT,2.42753,BAR,OK,2026-06-28 10:50:47,293,leitura,,,,
RES-Q-TT,74.6019,C,OK,2026-06-28 10:50:47,293,leitura,,,,
RES-F-TT,13.0772,C,OK,2026-06-28 10:50:47,293,leitura,,,,
,28.0,,,2026-06-28 10:50:47,293,atuador,BOMBA-Q,PRINCIPAL,,
,28.0,,,2026-06-28 10:50:47,293,atuador,BOMBA-F,PRINCIPAL,,
TQ-MIX-TT,12.8645,C,OK,2026-06-28 10:50:50,294,leitura,,,,
TQ-MIX-LT,71.2323,%,OK,2026-06-28 10:50:50,294,leitura,,,,
TQ-MIX-PT,2.42465,BAR,OK,2026-06-28 10:50:50,294,leitura,,,,
RES-Q-TT,74.5485,C,OK,2026-06-28 10:50:50,294,leitura,,,,
RES-F-TT,12.8645,C,OK,2026-06-28 10:50:50,294,leitura,,,,
,28.0,,,2026-06-28 10:50:50,294,atuador,BOMBA-Q,PRINCIPAL,,
,28.0,,,2026-06-28 10:50:50,294,atuador,BOMBA-F,PRINCIPAL,,
TQ-MIX-TT,74.6583,C,OK,2026-06-28 10:50:53,295,leitura,,,,
TQ-MIX-LT,71.0883,%,OK,2026-06-28 10:50:53,295,leitura,,,,
TQ-MIX-PT,2.42177,BAR,OK,2026-06-28 10:50:53,295,leitura,,,,
RES-Q-TT,74.6583,C,OK,2026-06-28 10:50:53,295,leitura,,,,
RES-F-TT,13.0479,C,OK,2026-06-28 10:50:53,295,leitura,,,,
,28.0,,,2026-06-28 10:50:53,295,atuador,BOMBA-Q,PRINCIPAL,,
,28.0,,,2026-06-28 10:50:53,295,atuador,BOMBA-F,PRINCIPAL,,
TQ-MIX-TT,12.8999,C,OK,2026-06-28 10:50:56,296,leitura,,,,
TQ-MIX-LT,70.9443,%,OK,2026-06-28 10:50:56,296,leitura,,,,
TQ-MIX-PT,2.41889,BAR,OK,2026-06-28 10:50:56,296,leitura,,,,
RES-Q-TT,74.8805,C,OK,2026-06-28 10:50:56,296,leitura,,,,
RES-F-TT,12.8999,C,OK,2026-06-28 10:50:56,296,leitura,,,,
,28.0,,,2026-06-28 10:50:56,296,atuador,BOMBA-Q,PRINCIPAL,,
,28.0,,,2026-06-28 10:50:56,296,atuador,BOMBA-F,PRINCIPAL,,
TQ-MIX-TT,75.0367,C,OK,2026-06-28 10:50:59,297,leitura,,,,
TQ-MIX-LT,70.8003,%,OK,2026-06-28 10:50:59,297,leitura,,,,
TQ-MIX-PT,2.41601,BAR,OK,2026-06-28 10:50:59,297,leitura,,,,
RES-Q-TT,75.0367,C,OK,2026-06-28 10:50:59,297,leitura,,,,
RES-F-TT,12.6204,C,OK,2026-06-28 10:50:59,297,leitura,,,,
,28.0,,,2026-06-28 10:50:59,297,atuador,BOMBA-Q,PRINCIPAL,,
,28.0,,,2026-06-28 10:50:59,297,atuador,BOMBA-F,PRINCIPAL,,
TQ-MIX-TT,12.436,C,OK,2026-06-28 10:51:02,298,leitura,,,,
TQ-MIX-LT,70.6563,%,OK,2026-06-28 10:51:02,298,leitura,,,,
TQ-MIX-PT,2.41313,BAR,OK,2026-06-28 10:51:02,298,leitura,,,,
RES-Q-TT,75.1301,C,OK,2026-06-28 10:51:02,298,leitura,,,,
RES-F-TT,12.436,C,OK,2026-06-28 10:51:02,298,leitura,,,,
,28.0,,,2026-06-28 10:51:02,298,atuador,BOMBA-Q,PRINCIPAL,,
,28.0,,,2026-06-28 10:51:02,298,atuador,BOMBA-F,PRINCIPAL,,
TQ-MIX-TT,75.2282,C,OK,2026-06-28 10:51:05,299,leitura,,,,
TQ-MIX-LT,70.5123,%,OK,2026-06-28 10:51:05,299,leitura,,,,
TQ-MIX-PT,2.41025,BAR,OK,2026-06-28 10:51:05,299,leitura,,,,
RES-Q-TT,75.2282,C,OK,2026-06-28 10:51:05,299,leitura,,,,
RES-F-TT,12.7139,C,OK,2026-06-28 10:51:05,299,leitura,,,,
,28.0,,,2026-06-28 10:51:05,299,atuador,BOMBA-Q,PRINCIPAL,,
,28.0,,,2026-06-28 10:51:05,299,atuador,BOMBA-F,PRINCIPAL,,
TQ-MIX-TT,12.4655,C,OK,2026-06-28 10:51:08,300,leitura,,,,
TQ-MIX-LT,70.3683,%,OK,2026-06-28 10:51:08,300,leitura,,,,
TQ-MIX-PT,2.40737,BAR,OK,2026-06-28 10:51:08,300,leitura,,,,
RES-Q-TT,75.2399,C,OK,2026-06-28 10:51:08,300,leitura,,,,
RES-F-TT,12.4655,C,OK,2026-06-28 10:51:08,300,leitura,,,,
,28.0,,,2026-06-28 10:51:08,300,atuador,BOMBA-Q,PRINCIPAL,,
,28.0,,,2026-06-28 10:51:08,300,atuador,BOMBA-F,PRINCIPAL,,
TQ-MIX-TT,75.1559,C,OK,2026-06-28 10:51:11,301,leitura,,,,
TQ-MIX-LT,70.2243,%,OK,2026-06-28 10:51:11,301,leitura,,,,
TQ-MIX-PT,2.40449,BAR,OK,2026-06-28 10:51:11,301,leitura,,,,
RES-Q-TT,75.1559,C,OK,2026-06-28 10:51:11,301,leitura,,,,
RES-F-TT,12.5575,C,OK,2026-06-28 10:51:11,301,leitura,,,,
,28.0,,,2026-06-28 10:51:11,301,atuador,BOMBA-Q,PRINCIPAL,,
,28.0,,,2026-06-28 10:51:11,301,atuador,BOMBA-F,PRINCIPAL,,
TQ-MIX-TT,12.2597,C,OK,2026-06-28 10:51:14,302,leitura,,,,
TQ-MIX-LT,70.0803,%,OK,2026-06-28 10:51:14,302,leitura,,,,
TQ-MIX-PT,2.40161,BAR,OK,2026-06-28 10:51:14,302,leitura,,,,
RES-Q-TT,75.1664,C,OK,2026-06-28 10:51:14,302,leitura,,,,
RES-F-TT,12.2597,C,OK,2026-06-28 10:51:14,302,leitura,,,,
,28.0,,,2026-06-28 10:51:14,302,atuador,BOMBA-Q,PRINCIPAL,,
,28.0,,,2026-06-28 10:51:14,302,atuador,BOMBA-F,PRINCIPAL,,
TQ-MIX-TT,75.22,C,OK,2026-06-28 10:51:17,303,leitura,,,,
TQ-MIX-LT,69.9363,%,OK,2026-06-28 10:51:17,303,leitura,,,,
TQ-MIX-PT,2.39873,BAR,OK,2026-06-28 10:51:17,303,leitura,,,,
RES-Q-TT,75.22,C,OK,2026-06-28 10:51:17,303,leitura,,,,
RES-F-TT,11.9775,C,OK,2026-06-28 10:51:17,303,leitura,,,,
,28.0,,,2026-06-28 10:51:17,303,atuador,BOMBA-Q,PRINCIPAL,,
,28.0,,,2026-06-28 10:51:17,303,atuador,BOMBA-F,PRINCIPAL,,
TQ-MIX-TT,12.1814,C,OK,2026-06-28 10:51:20,304,leitura,,,,
TQ-MIX-LT,69.7923,%,OK,2026-06-28 10:51:20,304,leitura,,,,
TQ-MIX-PT,2.3958500000000003,BAR,OK,2026-06-28 10:51:20,304,leitura,,,,
RES-Q-TT,75.1656,C,OK,2026-06-28 10:51:20,304,leitura,,,,
RES-F-TT,12.1814,C,OK,2026-06-28 10:51:20,304,leitura,,,,
,28.0,,,2026-06-28 10:51:20,304,atuador,BOMBA-Q,PRINCIPAL,,
,28.0,,,2026-06-28 10:51:20,304,atuador,BOMBA-F,PRINCIPAL,,
TQ-MIX-TT,75.0646,C,OK,2026-06-28 10:51:23,305,leitura,,,,
TQ-MIX-LT,69.6483,%,OK,2026-06-28 10:51:23,305,leitura,,,,
TQ-MIX-PT,2.39297,BAR,OK,2026-06-28 10:51:23,305,leitura,,,,
RES-Q-TT,75.0646,C,OK,2026-06-28 10:51:23,305,leitura,,,,
RES-F-TT,12.3205,C,OK,2026-06-28 10:51:23,305,leitura,,,,
,28.0,,,2026-06-28 10:51:23,305,atuador,BOMBA-Q,PRINCIPAL,,
,28.0,,,2026-06-28 10:51:23,305,atuador,BOMBA-F,PRINCIPAL,,
TQ-MIX-TT,12.6057,C,OK,2026-06-28 10:51:26,306,leitura,,,,
TQ-MIX-LT,69.5043,%,OK,2026-06-28 10:51:26,306,leitura,,,,
TQ-MIX-PT,2.39009,BAR,OK,2026-06-28 10:51:26,306,leitura,,,,
RES-Q-TT,74.7321,C,OK,2026-06-28 10:51:26,306,leitura,,,,
RES-F-TT,12.6057,C,OK,2026-06-28 10:51:26,306,leitura,,,,
,28.0,,,2026-06-28 10:51:26,306,atuador,BOMBA-Q,PRINCIPAL,,
,28.0,,,2026-06-28 10:51:26,306,atuador,BOMBA-F,PRINCIPAL,,
TQ-MIX-TT,74.4622,C,OK,2026-06-28 10:51:29,307,leitura,,,,
TQ-MIX-LT,69.3603,%,OK,2026-06-28 10:51:29,307,leitura,,,,
TQ-MIX-PT,2.38721,BAR,OK,2026-06-28 10:51:29,307,leitura,,,,
RES-Q-TT,74.4622,C,OK,2026-06-28 10:51:29,307,leitura,,,,
RES-F-TT,12.8158,C,OK,2026-06-28 10:51:29,307,leitura,,,,
,28.0,,,2026-06-28 10:51:29,307,atuador,BOMBA-Q,PRINCIPAL,,
,28.0,,,2026-06-28 10:51:29,307,atuador,BOMBA-F,PRINCIPAL,,
TQ-MIX-TT,13.0582,C,OK,2026-06-28 10:51:32,308,leitura,,,,
TQ-MIX-LT,69.2163,%,OK,2026-06-28 10:51:32,308,leitura,,,,
TQ-MIX-PT,2.38433,BAR,OK,2026-06-28 10:51:32,308,leitura,,,,
RES-Q-TT,74.3694,C,OK,2026-06-28 10:51:32,308,leitura,,,,
RES-F-TT,13.0582,C,OK,2026-06-28 10:51:32,308,leitura,,,,
,28.0,,,2026-06-28 10:51:32,308,atuador,BOMBA-Q,PRINCIPAL,,
,28.0,,,2026-06-28 10:51:32,308,atuador,BOMBA-F,PRINCIPAL,,
TQ-MIX-TT,74.2438,C,OK,2026-06-28 10:51:35,309,leitura,,,,
TQ-MIX-LT,69.0723,%,OK,2026-06-28 10:51:35,309,leitura,,,,
TQ-MIX-PT,2.38145,BAR,OK,2026-06-28 10:51:35,309,leitura,,,,
RES-Q-TT,74.2438,C,OK,2026-06-28 10:51:35,309,leitura,,,,
RES-F-TT,13.1298,C,OK,2026-06-28 10:51:35,309,leitura,,,,
,28.0,,,2026-06-28 10:51:35,309,atuador,BOMBA-Q,PRINCIPAL,,
,28.0,,,2026-06-28 10:51:35,309,atuador,BOMBA-F,PRINCIPAL,,
TQ-MIX-TT,13.1253,C,OK,2026-06-28 10:51:38,310,leitura,,,,
TQ-MIX-LT,68.9283,%,OK,2026-06-28 10:51:38,310,leitura,,,,
TQ-MIX-PT,2.37857,BAR,OK,2026-06-28 10:51:38,310,leitura,,,,
RES-Q-TT,74.0303,C,OK,2026-06-28 10:51:38,310,leitura,,,,
RES-F-TT,13.1253,C,OK,2026-06-28 10:51:38,310,leitura,,,,
,28.0,,,2026-06-28 10:51:38,310,atuador,BOMBA-Q,PRINCIPAL,,
,28.0,,,2026-06-28 10:51:38,310,atuador,BOMBA-F,PRINCIPAL,,
TQ-MIX-TT,74.0004,C,OK,2026-06-28 10:51:41,311,leitura,,,,
TQ-MIX-LT,68.7843,%,OK,2026-06-28 10:51:41,311,leitura,,,,
TQ-MIX-PT,2.37569,BAR,OK,2026-06-28 10:51:41,311,leitura,,,,
RES-Q-TT,74.0004,C,OK,2026-06-28 10:51:41,311,leitura,,,,
RES-F-TT,12.9205,C,OK,2026-06-28 10:51:41,311,leitura,,,,
,28.0,,,2026-06-28 10:51:41,311,atuador,BOMBA-Q,PRINCIPAL,,
,28.0,,,2026-06-28 10:51:41,311,atuador,BOMBA-F,PRINCIPAL,,
TQ-MIX-TT,13.0364,C,OK,2026-06-28 10:51:44,312,leitura,,,,
TQ-MIX-LT,68.6403,%,OK,2026-06-28 10:51:44,312,leitura,,,,
TQ-MIX-PT,2.37281,BAR,OK,2026-06-28 10:51:44,312,leitura,,,,
RES-Q-TT,74.0031,C,OK,2026-06-28 10:51:44,312,leitura,,,,
RES-F-TT,13.0364,C,OK,2026-06-28 10:51:44,312,leitura,,,,
,28.0,,,2026-06-28 10:51:44,312,atuador,BOMBA-Q,PRINCIPAL,,
,28.0,,,2026-06-28 10:51:44,312,atuador,BOMBA-F,PRINCIPAL,,
TQ-MIX-TT,74.2127,C,OK,2026-06-28 10:51:47,313,leitura,,,,
TQ-MIX-LT,68.4963,%,OK,2026-06-28 10:51:47,313,leitura,,,,
TQ-MIX-PT,2.36993,BAR,OK,2026-06-28 10:51:47,313,leitura,,,,
RES-Q-TT,74.2127,C,OK,2026-06-28 10:51:47,313,leitura,,,,
RES-F-TT,12.928,C,OK,2026-06-28 10:51:47,313,leitura,,,,
,28.0,,,2026-06-28 10:51:47,313,atuador,BOMBA-Q,PRINCIPAL,,
,28.0,,,2026-06-28 10:51:47,313,atuador,BOMBA-F,PRINCIPAL,,
TQ-MIX-TT,13.1019,C,OK,2026-06-28 10:51:50,314,leitura,,,,
TQ-MIX-LT,68.3523,%,OK,2026-06-28 10:51:50,314,leitura,,,,
TQ-MIX-PT,2.36705,BAR,OK,2026-06-28 10:51:50,314,leitura,,,,
RES-Q-TT,74.1547,C,OK,2026-06-28 10:51:50,314,leitura,,,,
RES-F-TT,13.1019,C,OK,2026-06-28 10:51:50,314,leitura,,,,
,28.0,,,2026-06-28 10:51:50,314,atuador,BOMBA-Q,PRINCIPAL,,
,28.0,,,2026-06-28 10:51:50,314,atuador,BOMBA-F,PRINCIPAL,,
TQ-MIX-TT,73.8921,C,OK,2026-06-28 10:51:53,315,leitura,,,,
TQ-MIX-LT,68.2083,%,OK,2026-06-28 10:51:53,315,leitura,,,,
TQ-MIX-PT,2.36417,BAR,OK,2026-06-28 10:51:53,315,leitura,,,,
RES-Q-TT,73.8921,C,OK,2026-06-28 10:51:53,315,leitura,,,,
RES-F-TT,12.8879,C,OK,2026-06-28 10:51:53,315,leitura,,,,
,28.0,,,2026-06-28 10:51:53,315,atuador,BOMBA-Q,PRINCIPAL,,
,28.0,,,2026-06-28 10:51:53,315,atuador,BOMBA-F,PRINCIPAL,,
TQ-MIX-TT,12.6481,C,OK,2026-06-28 10:51:56,316,leitura,,,,
TQ-MIX-LT,68.0643,%,OK,2026-06-28 10:51:56,316,leitura,,,,
TQ-MIX-PT,2.36129,BAR,OK,2026-06-28 10:51:56,316,leitura,,,,
RES-Q-TT,73.9067,C,OK,2026-06-28 10:51:56,316,leitura,,,,
RES-F-TT,12.6481,C,OK,2026-06-28 10:51:56,316,leitura,,,,
,28.0,,,2026-06-28 10:51:56,316,atuador,BOMBA-Q,PRINCIPAL,,
,28.0,,,2026-06-28 10:51:56,316,atuador,BOMBA-F,PRINCIPAL,,
TQ-MIX-TT,74.0895,C,OK,2026-06-28 10:51:59,317,leitura,,,,
TQ-MIX-LT,67.9203,%,OK,2026-06-28 10:51:59,317,leitura,,,,
TQ-MIX-PT,2.35841,BAR,OK,2026-06-28 10:51:59,317,leitura,,,,
RES-Q-TT,74.0895,C,OK,2026-06-28 10:51:59,317,leitura,,,,
RES-F-TT,12.6114,C,OK,2026-06-28 10:51:59,317,leitura,,,,
,28.0,,,2026-06-28 10:51:59,317,atuador,BOMBA-Q,PRINCIPAL,,
,28.0,,,2026-06-28 10:51:59,317,atuador,BOMBA-F,PRINCIPAL,,
TQ-MIX-TT,12.8327,C,OK,2026-06-28 10:52:02,318,leitura,,,,
TQ-MIX-LT,67.7763,%,OK,2026-06-28 10:52:02,318,leitura,,,,
TQ-MIX-PT,2.35553,BAR,OK,2026-06-28 10:52:02,318,leitura,,,,
RES-Q-TT,74.1944,C,OK,2026-06-28 10:52:02,318,leitura,,,,
RES-F-TT,12.8327,C,OK,2026-06-28 10:52:02,318,leitura,,,,
,28.0,,,2026-06-28 10:52:02,318,atuador,BOMBA-Q,PRINCIPAL,,
,28.0,,,2026-06-28 10:52:02,318,atuador,BOMBA-F,PRINCIPAL,,
TQ-MIX-TT,74.3038,C,OK,2026-06-28 10:52:05,319,leitura,,,,
TQ-MIX-LT,67.6323,%,OK,2026-06-28 10:52:05,319,leitura,,,,
TQ-MIX-PT,2.35265,BAR,OK,2026-06-28 10:52:05,319,leitura,,,,
RES-Q-TT,74.3038,C,OK,2026-06-28 10:52:05,319,leitura,,,,
RES-F-TT,13.0241,C,OK,2026-06-28 10:52:05,319,leitura,,,,
,28.0,,,2026-06-28 10:52:05,319,atuador,BOMBA-Q,PRINCIPAL,,
,28.0,,,2026-06-28 10:52:05,319,atuador,BOMBA-F,PRINCIPAL,,
TQ-MIX-TT,12.8038,C,OK,2026-06-28 10:52:08,320,leitura,,,,
TQ-MIX-LT,67.4883,%,OK,2026-06-28 10:52:08,320,leitura,,,,
TQ-MIX-PT,2.34977,BAR,OK,2026-06-28 10:52:08,320,leitura,,,,
RES-Q-TT,74.2958,C,OK,2026-06-28 10:52:08,320,leitura,,,,
RES-F-TT,12.8038,C,OK,2026-06-28 10:52:08,320,leitura,,,,
,28.0,,,2026-06-28 10:52:08,320,atuador,BOMBA-Q,PRINCIPAL,,
,28.0,,,2026-06-28 10:52:08,320,atuador,BOMBA-F,PRINCIPAL,,
TQ-MIX-TT,74.0298,C,OK,2026-06-28 10:52:11,321,leitura,,,,
TQ-MIX-LT,67.3443,%,OK,2026-06-28 10:52:11,321,leitura,,,,
TQ-MIX-PT,2.34689,BAR,OK,2026-06-28 10:52:11,321,leitura,,,,
RES-Q-TT,74.0298,C,OK,2026-06-28 10:52:11,321,leitura,,,,
RES-F-TT,12.7785,C,OK,2026-06-28 10:52:11,321,leitura,,,,
,28.0,,,2026-06-28 10:52:11,321,atuador,BOMBA-Q,PRINCIPAL,,
,28.0,,,2026-06-28 10:52:11,321,atuador,BOMBA-F,PRINCIPAL,,
TQ-MIX-TT,12.8136,C,OK,2026-06-28 10:52:14,322,leitura,,,,
TQ-MIX-LT,67.2003,%,OK,2026-06-28 10:52:14,322,leitura,,,,
TQ-MIX-PT,2.34401,BAR,OK,2026-06-28 10:52:14,322,leitura,,,,
RES-Q-TT,74.1316,C,OK,2026-06-28 10:52:14,322,leitura,,,,
RES-F-TT,12.8136,C,OK,2026-06-28 10:52:14,322,leitura,,,,
,28.0,,,2026-06-28 10:52:14,322,atuador,BOMBA-Q,PRINCIPAL,,
,28.0,,,2026-06-28 10:52:14,322,atuador,BOMBA-F,PRINCIPAL,,
TQ-MIX-TT,74.3854,C,OK,2026-06-28 10:52:17,323,leitura,,,,
TQ-MIX-LT,67.0563,%,OK,2026-06-28 10:52:17,323,leitura,,,,
TQ-MIX-PT,2.34113,BAR,OK,2026-06-28 10:52:17,323,leitura,,,,
RES-Q-TT,74.3854,C,OK,2026-06-28 10:52:17,323,leitura,,,,
RES-F-TT,13.082,C,OK,2026-06-28 10:52:17,323,leitura,,,,
,28.0,,,2026-06-28 10:52:17,323,atuador,BOMBA-Q,PRINCIPAL,,
,28.0,,,2026-06-28 10:52:17,323,atuador,BOMBA-F,PRINCIPAL,,
TQ-MIX-TT,13.254,C,OK,2026-06-28 10:52:20,324,leitura,,,,
TQ-MIX-LT,66.9123,%,OK,2026-06-28 10:52:20,324,leitura,,,,
TQ-MIX-PT,2.33825,BAR,OK,2026-06-28 10:52:20,324,leitura,,,,
RES-Q-TT,74.1226,C,OK,2026-06-28 10:52:20,324,leitura,,,,
RES-F-TT,13.254,C,OK,2026-06-28 10:52:20,324,leitura,,,,
,28.0,,,2026-06-28 10:52:20,324,atuador,BOMBA-Q,PRINCIPAL,,
,28.0,,,2026-06-28 10:52:20,324,atuador,BOMBA-F,PRINCIPAL,,
TQ-MIX-TT,74.3393,C,OK,2026-06-28 10:52:23,325,leitura,,,,
TQ-MIX-LT,66.7683,%,OK,2026-06-28 10:52:23,325,leitura,,,,
TQ-MIX-PT,2.33537,BAR,OK,2026-06-28 10:52:23,325,leitura,,,,
RES-Q-TT,74.3393,C,OK,2026-06-28 10:52:23,325,leitura,,,,
RES-F-TT,13.1498,C,OK,2026-06-28 10:52:23,325,leitura,,,,
,28.0,,,2026-06-28 10:52:23,325,atuador,BOMBA-Q,PRINCIPAL,,
,28.0,,,2026-06-28 10:52:23,325,atuador,BOMBA-F,PRINCIPAL,,
TQ-MIX-TT,13.382,C,OK,2026-06-28 10:52:26,326,leitura,,,,
TQ-MIX-LT,66.6243,%,OK,2026-06-28 10:52:26,326,leitura,,,,
TQ-MIX-PT,2.33249,BAR,OK,2026-06-28 10:52:26,326,leitura,,,,
RES-Q-TT,74.4153,C,OK,2026-06-28 10:52:26,326,leitura,,,,
RES-F-TT,13.382,C,OK,2026-06-28 10:52:26,326,leitura,,,,
,28.0,,,2026-06-28 10:52:26,326,atuador,BOMBA-Q,PRINCIPAL,,
,28.0,,,2026-06-28 10:52:26,326,atuador,BOMBA-F,PRINCIPAL,,
TQ-MIX-TT,74.1351,C,OK,2026-06-28 10:52:29,327,leitura,,,,
TQ-MIX-LT,66.4803,%,OK,2026-06-28 10:52:29,327,leitura,,,,
TQ-MIX-PT,2.32961,BAR,OK,2026-06-28 10:52:29,327,leitura,,,,
RES-Q-TT,74.1351,C,OK,2026-06-28 10:52:29,327,leitura,,,,
RES-F-TT,13.5818,C,OK,2026-06-28 10:52:29,327,leitura,,,,
,28.0,,,2026-06-28 10:52:29,327,atuador,BOMBA-Q,PRINCIPAL,,
,28.0,,,2026-06-28 10:52:29,327,atuador,BOMBA-F,PRINCIPAL,,
TQ-MIX-TT,13.4263,C,OK,2026-06-28 10:52:32,328,leitura,,,,
TQ-MIX-LT,66.3363,%,OK,2026-06-28 10:52:32,328,leitura,,,,
TQ-MIX-PT,2.32673,BAR,OK,2026-06-28 10:52:32,328,leitura,,,,
RES-Q-TT,73.849,C,OK,2026-06-28 10:52:32,328,leitura,,,,
RES-F-TT,13.4263,C,OK,2026-06-28 10:52:32,328,leitura,,,,
,28.0,,,2026-06-28 10:52:32,328,atuador,BOMBA-Q,PRINCIPAL,,
,28.0,,,2026-06-28 10:52:32,328,atuador,BOMBA-F,PRINCIPAL,,
TQ-MIX-TT,74.0129,C,OK,2026-06-28 10:52:35,329,leitura,,,,
TQ-MIX-LT,66.1923,%,OK,2026-06-28 10:52:35,329,leitura,,,,
TQ-MIX-PT,2.32385,BAR,OK,2026-06-28 10:52:35,329,leitura,,,,
RES-Q-TT,74.0129,C,OK,2026-06-28 10:52:35,329,leitura,,,,
RES-F-TT,13.1789,C,OK,2026-06-28 10:52:35,329,leitura,,,,
,28.0,,,2026-06-28 10:52:35,329,atuador,BOMBA-Q,PRINCIPAL,,
,28.0,,,2026-06-28 10:52:35,329,atuador,BOMBA-F,PRINCIPAL,,
TQ-MIX-TT,12.9434,C,OK,2026-06-28 10:52:38,330,leitura,,,,
TQ-MIX-LT,66.0483,%,OK,2026-06-28 10:52:38,330,leitura,,,,
TQ-MIX-PT,2.32097,BAR,OK,2026-06-28 10:52:38,330,leitura,,,,
RES-Q-TT,74.0346,C,OK,2026-06-28 10:52:38,330,leitura,,,,
RES-F-TT,12.9434,C,OK,2026-06-28 10:52:38,330,leitura,,,,
,28.0,,,2026-06-28 10:52:38,330,atuador,BOMBA-Q,PRINCIPAL,,
,28.0,,,2026-06-28 10:52:38,330,atuador,BOMBA-F,PRINCIPAL,,
TQ-MIX-TT,73.9485,C,OK,2026-06-28 10:52:41,331,leitura,,,,
TQ-MIX-LT,65.9043,%,OK,2026-06-28 10:52:41,331,leitura,,,,
TQ-MIX-PT,2.31809,BAR,OK,2026-06-28 10:52:41,331,leitura,,,,
RES-Q-TT,73.9485,C,OK,2026-06-28 10:52:41,331,leitura,,,,
RES-F-TT,12.7946,C,OK,2026-06-28 10:52:41,331,leitura,,,,
,28.0,,,2026-06-28 10:52:41,331,atuador,BOMBA-Q,PRINCIPAL,,
,28.0,,,2026-06-28 10:52:41,331,atuador,BOMBA-F,PRINCIPAL,,
TQ-MIX-TT,13.0464,C,OK,2026-06-28 10:52:44,332,leitura,,,,
TQ-MIX-LT,65.7603,%,OK,2026-06-28 10:52:44,332,leitura,,,,
TQ-MIX-PT,2.31521,BAR,OK,2026-06-28 10:52:44,332,leitura,,,,
RES-Q-TT,74.0911,C,OK,2026-06-28 10:52:44,332,leitura,,,,
RES-F-TT,13.0464,C,OK,2026-06-28 10:52:44,332,leitura,,,,
,28.0,,,2026-06-28 10:52:44,332,atuador,BOMBA-Q,PRINCIPAL,,
,28.0,,,2026-06-28 10:52:44,332,atuador,BOMBA-F,PRINCIPAL,,
TQ-MIX-TT,74.0722,C,OK,2026-06-28 10:52:47,333,leitura,,,,
TQ-MIX-LT,65.6163,%,OK,2026-06-28 10:52:47,333,leitura,,,,
TQ-MIX-PT,2.31233,BAR,OK,2026-06-28 10:52:47,333,leitura,,,,
RES-Q-TT,74.0722,C,OK,2026-06-28 10:52:47,333,leitura,,,,
RES-F-TT,12.8016,C,OK,2026-06-28 10:52:47,333,leitura,,,,
,28.0,,,2026-06-28 10:52:47,333,atuador,BOMBA-Q,PRINCIPAL,,
,28.0,,,2026-06-28 10:52:47,333,atuador,BOMBA-F,PRINCIPAL,,
TQ-MIX-TT,12.7408,C,OK,2026-06-28 10:52:50,334,leitura,,,,
TQ-MIX-LT,65.4723,%,OK,2026-06-28 10:52:50,334,leitura,,,,
TQ-MIX-PT,2.30945,BAR,OK,2026-06-28 10:52:50,334,leitura,,,,
RES-Q-TT,74.0268,C,OK,2026-06-28 10:52:50,334,leitura,,,,
RES-F-TT,12.7408,C,OK,2026-06-28 10:52:50,334,leitura,,,,
,28.0,,,2026-06-28 10:52:50,334,atuador,BOMBA-Q,PRINCIPAL,,
,28.0,,,2026-06-28 10:52:50,334,atuador,BOMBA-F,PRINCIPAL,,
TQ-MIX-TT,74.2522,C,OK,2026-06-28 10:52:53,335,leitura,,,,
TQ-MIX-LT,65.3283,%,OK,2026-06-28 10:52:53,335,leitura,,,,
TQ-MIX-PT,2.30657,BAR,OK,2026-06-28 10:52:53,335,leitura,,,,
RES-Q-TT,74.2522,C,OK,2026-06-28 10:52:53,335,leitura,,,,
RES-F-TT,13.0029,C,OK,2026-06-28 10:52:53,335,leitura,,,,
,28.0,,,2026-06-28 10:52:53,335,atuador,BOMBA-Q,PRINCIPAL,,
,28.0,,,2026-06-28 10:52:53,335,atuador,BOMBA-F,PRINCIPAL,,
TQ-MIX-TT,13.0013,C,OK,2026-06-28 10:52:56,336,leitura,,,,
TQ-MIX-LT,65.1843,%,OK,2026-06-28 10:52:56,336,leitura,,,,
TQ-MIX-PT,2.30369,BAR,OK,2026-06-28 10:52:56,336,leitura,,,,
RES-Q-TT,74.391,C,OK,2026-06-28 10:52:56,336,leitura,,,,
RES-F-TT,13.0013,C,OK,2026-06-28 10:52:56,336,leitura,,,,
,28.0,,,2026-06-28 10:52:56,336,atuador,BOMBA-Q,PRINCIPAL,,
,28.0,,,2026-06-28 10:52:56,336,atuador,BOMBA-F,PRINCIPAL,,
TQ-MIX-TT,74.1081,C,OK,2026-06-28 10:52:59,337,leitura,,,,
TQ-MIX-LT,65.0403,%,OK,2026-06-28 10:52:59,337,leitura,,,,
TQ-MIX-PT,2.30081,BAR,OK,2026-06-28 10:52:59,337,leitura,,,,
RES-Q-TT,74.1081,C,OK,2026-06-28 10:52:59,337,leitura,,,,
RES-F-TT,13.2127,C,OK,2026-06-28 10:52:59,337,leitura,,,,
,28.0,,,2026-06-28 10:52:59,337,atuador,BOMBA-Q,PRINCIPAL,,
,28.0,,,2026-06-28 10:52:59,337,atuador,BOMBA-F,PRINCIPAL,,
TQ-MIX-TT,13.137,C,OK,2026-06-28 10:53:02,338,leitura,,,,
TQ-MIX-LT,64.8963,%,OK,2026-06-28 10:53:02,338,leitura,,,,
TQ-MIX-PT,2.29793,BAR,OK,2026-06-28 10:53:02,338,leitura,,,,
RES-Q-TT,74.2748,C,OK,2026-06-28 10:53:02,338,leitura,,,,
RES-F-TT,13.137,C,OK,2026-06-28 10:53:02,338,leitura,,,,
,28.0,,,2026-06-28 10:53:02,338,atuador,BOMBA-Q,PRINCIPAL,,
,28.0,,,2026-06-28 10:53:02,338,atuador,BOMBA-F,PRINCIPAL,,
TQ-MIX-TT,74.1159,C,OK,2026-06-28 10:53:05,339,leitura,,,,
TQ-MIX-LT,64.7523,%,OK,2026-06-28 10:53:05,339,leitura,,,,
TQ-MIX-PT,2.29505,BAR,OK,2026-06-28 10:53:05,339,leitura,,,,
RES-Q-TT,74.1159,C,OK,2026-06-28 10:53:05,339,leitura,,,,
RES-F-TT,12.9824,C,OK,2026-06-28 10:53:05,339,leitura,,,,
,28.0,,,2026-06-28 10:53:05,339,atuador,BOMBA-Q,PRINCIPAL,,
,28.0,,,2026-06-28 10:53:05,339,atuador,BOMBA-F,PRINCIPAL,,
TQ-MIX-TT,12.8641,C,OK,2026-06-28 10:53:08,340,leitura,,,,
TQ-MIX-LT,64.6083,%,OK,2026-06-28 10:53:08,340,leitura,,,,
TQ-MIX-PT,2.29217,BAR,OK,2026-06-28 10:53:08,340,leitura,,,,
RES-Q-TT,74.023,C,OK,2026-06-28 10:53:08,340,leitura,,,,
RES-F-TT,12.8641,C,OK,2026-06-28 10:53:08,340,leitura,,,,
,28.0,,,2026-06-28 10:53:08,340,atuador,BOMBA-Q,PRINCIPAL,,
,28.0,,,2026-06-28 10:53:08,340,atuador,BOMBA-F,PRINCIPAL,,
TQ-MIX-TT,73.9467,C,OK,2026-06-28 10:53:11,341,leitura,,,,
TQ-MIX-LT,64.4643,%,OK,2026-06-28 10:53:11,341,leitura,,,,
TQ-MIX-PT,2.2892900000000003,BAR,OK,2026-06-28 10:53:11,341,leitura,,,,
RES-Q-TT,73.9467,C,OK,2026-06-28 10:53:11,341,leitura,,,,
RES-F-TT,12.6209,C,OK,2026-06-28 10:53:11,341,leitura,,,,
,28.0,,,2026-06-28 10:53:11,341,atuador,BOMBA-Q,PRINCIPAL,,
,28.0,,,2026-06-28 10:53:11,341,atuador,BOMBA-F,PRINCIPAL,,
TQ-MIX-TT,12.7994,C,OK,2026-06-28 10:53:14,342,leitura,,,,
TQ-MIX-LT,64.3203,%,OK,2026-06-28 10:53:14,342,leitura,,,,
TQ-MIX-PT,2.28641,BAR,OK,2026-06-28 10:53:14,342,leitura,,,,
RES-Q-TT,73.8478,C,OK,2026-06-28 10:53:14,342,leitura,,,,
RES-F-TT,12.7994,C,OK,2026-06-28 10:53:14,342,leitura,,,,
,28.0,,,2026-06-28 10:53:14,342,atuador,BOMBA-Q,PRINCIPAL,,
,28.0,,,2026-06-28 10:53:14,342,atuador,BOMBA-F,PRINCIPAL,,
TQ-MIX-TT,73.8319,C,OK,2026-06-28 10:53:17,343,leitura,,,,
TQ-MIX-LT,64.1763,%,OK,2026-06-28 10:53:17,343,leitura,,,,
TQ-MIX-PT,2.28353,BAR,OK,2026-06-28 10:53:17,343,leitura,,,,
RES-Q-TT,73.8319,C,OK,2026-06-28 10:53:17,343,leitura,,,,
RES-F-TT,12.9108,C,OK,2026-06-28 10:53:17,343,leitura,,,,
,28.0,,,2026-06-28 10:53:17,343,atuador,BOMBA-Q,PRINCIPAL,,
,28.0,,,2026-06-28 10:53:17,343,atuador,BOMBA-F,PRINCIPAL,,
TQ-MIX-TT,12.7671,C,OK,2026-06-28 10:53:20,344,leitura,,,,
TQ-MIX-LT,64.0323,%,OK,2026-06-28 10:53:20,344,leitura,,,,
TQ-MIX-PT,2.28065,BAR,OK,2026-06-28 10:53:20,344,leitura,,,,
RES-Q-TT,74.0192,C,OK,2026-06-28 10:53:20,344,leitura,,,,
RES-F-TT,12.7671,C,OK,2026-06-28 10:53:20,344,leitura,,,,
,28.0,,,2026-06-28 10:53:20,344,atuador,BOMBA-Q,PRINCIPAL,,
,28.0,,,2026-06-28 10:53:20,344,atuador,BOMBA-F,PRINCIPAL,,
TQ-MIX-TT,74.1503,C,OK,2026-06-28 10:53:23,345,leitura,,,,
TQ-MIX-LT,63.8883,%,OK,2026-06-28 10:53:23,345,leitura,,,,
TQ-MIX-PT,2.27777,BAR,OK,2026-06-28 10:53:23,345,leitura,,,,
RES-Q-TT,74.1503,C,OK,2026-06-28 10:53:23,345,leitura,,,,
RES-F-TT,12.8849,C,OK,2026-06-28 10:53:23,345,leitura,,,,
,28.0,,,2026-06-28 10:53:23,345,atuador,BOMBA-Q,PRINCIPAL,,
,28.0,,,2026-06-28 10:53:23,345,atuador,BOMBA-F,PRINCIPAL,,
TQ-MIX-TT,12.606,C,OK,2026-06-28 10:53:26,346,leitura,,,,
TQ-MIX-LT,63.7443,%,OK,2026-06-28 10:53:26,346,leitura,,,,
TQ-MIX-PT,2.27489,BAR,OK,2026-06-28 10:53:26,346,leitura,,,,
RES-Q-TT,74.3302,C,OK,2026-06-28 10:53:26,346,leitura,,,,
RES-F-TT,12.606,C,OK,2026-06-28 10:53:26,346,leitura,,,,
,28.0,,,2026-06-28 10:53:26,346,atuador,BOMBA-Q,PRINCIPAL,,
,28.0,,,2026-06-28 10:53:26,346,atuador,BOMBA-F,PRINCIPAL,,
TQ-MIX-TT,74.1134,C,OK,2026-06-28 10:53:29,347,leitura,,,,
TQ-MIX-LT,63.6003,%,OK,2026-06-28 10:53:29,347,leitura,,,,
TQ-MIX-PT,2.27201,BAR,OK,2026-06-28 10:53:29,347,leitura,,,,
RES-Q-TT,74.1134,C,OK,2026-06-28 10:53:29,347,leitura,,,,
RES-F-TT,12.7447,C,OK,2026-06-28 10:53:29,347,leitura,,,,
,28.0,,,2026-06-28 10:53:29,347,atuador,BOMBA-Q,PRINCIPAL,,
,28.0,,,2026-06-28 10:53:29,347,atuador,BOMBA-F,PRINCIPAL,,
TQ-MIX-TT,12.7214,C,OK,2026-06-28 10:53:32,348,leitura,,,,
TQ-MIX-LT,63.4563,%,OK,2026-06-28 10:53:32,348,leitura,,,,
TQ-MIX-PT,2.26913,BAR,OK,2026-06-28 10:53:32,348,leitura,,,,
RES-Q-TT,74.1799,C,OK,2026-06-28 10:53:32,348,leitura,,,,
RES-F-TT,12.7214,C,OK,2026-06-28 10:53:32,348,leitura,,,,
,28.0,,,2026-06-28 10:53:32,348,atuador,BOMBA-Q,PRINCIPAL,,
,28.0,,,2026-06-28 10:53:32,348,atuador,BOMBA-F,PRINCIPAL,,
TQ-MIX-TT,73.9674,C,OK,2026-06-28 10:53:35,349,leitura,,,,
TQ-MIX-LT,63.3123,%,OK,2026-06-28 10:53:35,349,leitura,,,,
TQ-MIX-PT,2.26625,BAR,OK,2026-06-28 10:53:35,349,leitura,,,,
RES-Q-TT,73.9674,C,OK,2026-06-28 10:53:35,349,leitura,,,,
RES-F-TT,12.8245,C,OK,2026-06-28 10:53:35,349,leitura,,,,
,28.0,,,2026-06-28 10:53:35,349,atuador,BOMBA-Q,PRINCIPAL,,
,28.0,,,2026-06-28 10:53:35,349,atuador,BOMBA-F,PRINCIPAL,,
TQ-MIX-TT,13.0317,C,OK,2026-06-28 10:53:38,350,leitura,,,,
TQ-MIX-LT,63.1683,%,OK,2026-06-28 10:53:38,350,leitura,,,,
TQ-MIX-PT,2.26337,BAR,OK,2026-06-28 10:53:38,350,leitura,,,,
RES-Q-TT,73.8488,C,OK,2026-06-28 10:53:38,350,leitura,,,,
RES-F-TT,13.0317,C,OK,2026-06-28 10:53:38,350,leitura,,,,
,28.0,,,2026-06-28 10:53:38,350,atuador,BOMBA-Q,PRINCIPAL,,
,28.0,,,2026-06-28 10:53:38,350,atuador,BOMBA-F,PRINCIPAL,,
TQ-MIX-TT,73.9701,C,OK,2026-06-28 10:53:41,351,leitura,,,,
TQ-MIX-LT,63.0243,%,OK,2026-06-28 10:53:41,351,leitura,,,,
TQ-MIX-PT,2.26049,BAR,OK,2026-06-28 10:53:41,351,leitura,,,,
RES-Q-TT,73.9701,C,OK,2026-06-28 10:53:41,351,leitura,,,,
RES-F-TT,12.7813,C,OK,2026-06-28 10:53:41,351,leitura,,,,
,28.0,,,2026-06-28 10:53:41,351,atuador,BOMBA-Q,PRINCIPAL,,
,28.0,,,2026-06-28 10:53:41,351,atuador,BOMBA-F,PRINCIPAL,,
TQ-MIX-TT,12.7603,C,OK,2026-06-28 10:53:44,352,leitura,,,,
TQ-MIX-LT,62.8803,%,OK,2026-06-28 10:53:44,352,leitura,,,,
TQ-MIX-PT,2.25761,BAR,OK,2026-06-28 10:53:44,352,leitura,,,,
RES-Q-TT,73.9114,C,OK,2026-06-28 10:53:44,352,leitura,,,,
RES-F-TT,12.7603,C,OK,2026-06-28 10:53:44,352,leitura,,,,
,28.0,,,2026-06-28 10:53:44,352,atuador,BOMBA-Q,PRINCIPAL,,
,28.0,,,2026-06-28 10:53:44,352,atuador,BOMBA-F,PRINCIPAL,,
TQ-MIX-TT,74.1584,C,OK,2026-06-28 10:53:47,353,leitura,,,,
TQ-MIX-LT,62.7363,%,OK,2026-06-28 10:53:47,353,leitura,,,,
TQ-MIX-PT,2.25473,BAR,OK,2026-06-28 10:53:47,353,leitura,,,,
RES-Q-TT,74.1584,C,OK,2026-06-28 10:53:47,353,leitura,,,,
RES-F-TT,13.0262,C,OK,2026-06-28 10:53:47,353,leitura,,,,
,28.0,,,2026-06-28 10:53:47,353,atuador,BOMBA-Q,PRINCIPAL,,
,28.0,,,2026-06-28 10:53:47,353,atuador,BOMBA-F,PRINCIPAL,,
TQ-MIX-TT,13.2009,C,OK,2026-06-28 10:53:50,354,leitura,,,,
TQ-MIX-LT,62.5923,%,OK,2026-06-28 10:53:50,354,leitura,,,,
TQ-MIX-PT,2.25185,BAR,OK,2026-06-28 10:53:50,354,leitura,,,,
RES-Q-TT,74.4473,C,OK,2026-06-28 10:53:50,354,leitura,,,,
RES-F-TT,13.2009,C,OK,2026-06-28 10:53:50,354,leitura,,,,
,28.0,,,2026-06-28 10:53:50,354,atuador,BOMBA-Q,PRINCIPAL,,
,28.0,,,2026-06-28 10:53:50,354,atuador,BOMBA-F,PRINCIPAL,,
TQ-MIX-TT,74.2233,C,OK,2026-06-28 10:53:53,355,leitura,,,,
TQ-MIX-LT,62.4483,%,OK,2026-06-28 10:53:53,355,leitura,,,,
TQ-MIX-PT,2.24897,BAR,OK,2026-06-28 10:53:53,355,leitura,,,,
RES-Q-TT,74.2233,C,OK,2026-06-28 10:53:53,355,leitura,,,,
RES-F-TT,12.9838,C,OK,2026-06-28 10:53:53,355,leitura,,,,
,28.0,,,2026-06-28 10:53:53,355,atuador,BOMBA-Q,PRINCIPAL,,
,28.0,,,2026-06-28 10:53:53,355,atuador,BOMBA-F,PRINCIPAL,,
TQ-MIX-TT,13.0175,C,OK,2026-06-28 10:53:56,356,leitura,,,,
TQ-MIX-LT,62.3043,%,OK,2026-06-28 10:53:56,356,leitura,,,,
TQ-MIX-PT,2.24609,BAR,OK,2026-06-28 10:53:56,356,leitura,,,,
RES-Q-TT,74.1723,C,OK,2026-06-28 10:53:56,356,leitura,,,,
RES-F-TT,13.0175,C,OK,2026-06-28 10:53:56,356,leitura,,,,
,28.0,,,2026-06-28 10:53:56,356,atuador,BOMBA-Q,PRINCIPAL,,
,28.0,,,2026-06-28 10:53:56,356,atuador,BOMBA-F,PRINCIPAL,,
TQ-MIX-TT,74.2535,C,OK,2026-06-28 10:53:59,357,leitura,,,,
TQ-MIX-LT,62.1603,%,OK,2026-06-28 10:53:59,357,leitura,,,,
TQ-MIX-PT,2.24321,BAR,OK,2026-06-28 10:53:59,357,leitura,,,,
RES-Q-TT,74.2535,C,OK,2026-06-28 10:53:59,357,leitura,,,,
RES-F-TT,13.246,C,OK,2026-06-28 10:53:59,357,leitura,,,,
,28.0,,,2026-06-28 10:53:59,357,atuador,BOMBA-Q,PRINCIPAL,,
,28.0,,,2026-06-28 10:53:59,357,atuador,BOMBA-F,PRINCIPAL,,
TQ-MIX-TT,13.0719,C,OK,2026-06-28 10:54:02,358,leitura,,,,
TQ-MIX-LT,62.0163,%,OK,2026-06-28 10:54:02,358,leitura,,,,
TQ-MIX-PT,2.24033,BAR,OK,2026-06-28 10:54:02,358,leitura,,,,
RES-Q-TT,74.4826,C,OK,2026-06-28 10:54:02,358,leitura,,,,
RES-F-TT,13.0719,C,OK,2026-06-28 10:54:02,358,leitura,,,,
,28.0,,,2026-06-28 10:54:02,358,atuador,BOMBA-Q,PRINCIPAL,,
,28.0,,,2026-06-28 10:54:02,358,atuador,BOMBA-F,PRINCIPAL,,
TQ-MIX-TT,74.7439,C,OK,2026-06-28 10:54:05,359,leitura,,,,
TQ-MIX-LT,61.8723,%,OK,2026-06-28 10:54:05,359,leitura,,,,
TQ-MIX-PT,2.23745,BAR,OK,2026-06-28 10:54:05,359,leitura,,,,
RES-Q-TT,74.7439,C,OK,2026-06-28 10:54:05,359,leitura,,,,
RES-F-TT,13.296,C,OK,2026-06-28 10:54:05,359,leitura,,,,
,28.0,,,2026-06-28 10:54:05,359,atuador,BOMBA-Q,PRINCIPAL,,
,28.0,,,2026-06-28 10:54:05,359,atuador,BOMBA-F,PRINCIPAL,,
TQ-MIX-TT,13.0591,C,OK,2026-06-28 10:54:08,360,leitura,,,,
TQ-MIX-LT,61.7283,%,OK,2026-06-28 10:54:08,360,leitura,,,,
TQ-MIX-PT,2.23457,BAR,OK,2026-06-28 10:54:08,360,leitura,,,,
RES-Q-TT,74.4564,C,OK,2026-06-28 10:54:08,360,leitura,,,,
RES-F-TT,13.0591,C,OK,2026-06-28 10:54:08,360,leitura,,,,
,28.0,,,2026-06-28 10:54:08,360,atuador,BOMBA-Q,PRINCIPAL,,
,28.0,,,2026-06-28 10:54:08,360,atuador,BOMBA-F,PRINCIPAL,,
TQ-MIX-TT,74.5643,C,OK,2026-06-28 10:54:11,361,leitura,,,,
TQ-MIX-LT,61.5843,%,OK,2026-06-28 10:54:11,361,leitura,,,,
TQ-MIX-PT,2.23169,BAR,OK,2026-06-28 10:54:11,361,leitura,,,,
RES-Q-TT,74.5643,C,OK,2026-06-28 10:54:11,361,leitura,,,,
RES-F-TT,13.1114,C,OK,2026-06-28 10:54:11,361,leitura,,,,
,28.0,,,2026-06-28 10:54:11,361,atuador,BOMBA-Q,PRINCIPAL,,
,28.0,,,2026-06-28 10:54:11,361,atuador,BOMBA-F,PRINCIPAL,,
TQ-MIX-TT,12.9331,C,OK,2026-06-28 10:54:14,362,leitura,,,,
TQ-MIX-LT,61.4403,%,OK,2026-06-28 10:54:14,362,leitura,,,,
TQ-MIX-PT,2.22881,BAR,OK,2026-06-28 10:54:14,362,leitura,,,,
RES-Q-TT,74.8615,C,OK,2026-06-28 10:54:14,362,leitura,,,,
RES-F-TT,12.9331,C,OK,2026-06-28 10:54:14,362,leitura,,,,
,28.0,,,2026-06-28 10:54:14,362,atuador,BOMBA-Q,PRINCIPAL,,
,28.0,,,2026-06-28 10:54:14,362,atuador,BOMBA-F,PRINCIPAL,,
TQ-MIX-TT,74.5969,C,OK,2026-06-28 10:54:17,363,leitura,,,,
TQ-MIX-LT,61.2963,%,OK,2026-06-28 10:54:17,363,leitura,,,,
TQ-MIX-PT,2.22593,BAR,OK,2026-06-28 10:54:17,363,leitura,,,,
RES-Q-TT,74.5969,C,OK,2026-06-28 10:54:17,363,leitura,,,,
RES-F-TT,13.1894,C,OK,2026-06-28 10:54:17,363,leitura,,,,
,28.0,,,2026-06-28 10:54:17,363,atuador,BOMBA-Q,PRINCIPAL,,
,28.0,,,2026-06-28 10:54:17,363,atuador,BOMBA-F,PRINCIPAL,,
TQ-MIX-TT,13.0225,C,OK,2026-06-28 10:54:20,364,leitura,,,,
TQ-MIX-LT,61.1523,%,OK,2026-06-28 10:54:20,364,leitura,,,,
TQ-MIX-PT,2.22305,BAR,OK,2026-06-28 10:54:20,364,leitura,,,,
RES-Q-TT,74.5791,C,OK,2026-06-28 10:54:20,364,leitura,,,,
RES-F-TT,13.0225,C,OK,2026-06-28 10:54:20,364,leitura,,,,
,28.0,,,2026-06-28 10:54:20,364,atuador,BOMBA-Q,PRINCIPAL,,
,28.0,,,2026-06-28 10:54:20,364,atuador,BOMBA-F,PRINCIPAL,,
TQ-MIX-TT,74.4171,C,OK,2026-06-28 10:54:23,365,leitura,,,,
TQ-MIX-LT,61.0083,%,OK,2026-06-28 10:54:23,365,leitura,,,,
TQ-MIX-PT,2.22017,BAR,OK,2026-06-28 10:54:23,365,leitura,,,,
RES-Q-TT,74.4171,C,OK,2026-06-28 10:54:23,365,leitura,,,,
RES-F-TT,12.9591,C,OK,2026-06-28 10:54:23,365,leitura,,,,
,28.0,,,2026-06-28 10:54:23,365,atuador,BOMBA-Q,PRINCIPAL,,
,28.0,,,2026-06-28 10:54:23,365,atuador,BOMBA-F,PRINCIPAL,,
TQ-MIX-TT,12.7916,C,OK,2026-06-28 10:54:26,366,leitura,,,,
TQ-MIX-LT,60.8643,%,OK,2026-06-28 10:54:26,366,leitura,,,,
TQ-MIX-PT,2.21729,BAR,OK,2026-06-28 10:54:26,366,leitura,,,,
RES-Q-TT,74.6835,C,OK,2026-06-28 10:54:26,366,leitura,,,,
RES-F-TT,12.7916,C,OK,2026-06-28 10:54:26,366,leitura,,,,
,28.0,,,2026-06-28 10:54:26,366,atuador,BOMBA-Q,PRINCIPAL,,
,28.0,,,2026-06-28 10:54:26,366,atuador,BOMBA-F,PRINCIPAL,,
TQ-MIX-TT,74.9337,C,OK,2026-06-28 10:54:29,367,leitura,,,,
TQ-MIX-LT,60.7203,%,OK,2026-06-28 10:54:29,367,leitura,,,,
TQ-MIX-PT,2.21441,BAR,OK,2026-06-28 10:54:29,367,leitura,,,,
RES-Q-TT,74.9337,C,OK,2026-06-28 10:54:29,367,leitura,,,,
RES-F-TT,12.931,C,OK,2026-06-28 10:54:29,367,leitura,,,,
,28.0,,,2026-06-28 10:54:29,367,atuador,BOMBA-Q,PRINCIPAL,,
,28.0,,,2026-06-28 10:54:29,367,atuador,BOMBA-F,PRINCIPAL,,
TQ-MIX-TT,13.1849,C,OK,2026-06-28 10:54:32,368,leitura,,,,
TQ-MIX-LT,60.5763,%,OK,2026-06-28 10:54:32,368,leitura,,,,
TQ-MIX-PT,2.21153,BAR,OK,2026-06-28 10:54:32,368,leitura,,,,
RES-Q-TT,75.1195,C,OK,2026-06-28 10:54:32,368,leitura,,,,
RES-F-TT,13.1849,C,OK,2026-06-28 10:54:32,368,leitura,,,,
,28.0,,,2026-06-28 10:54:32,368,atuador,BOMBA-Q,PRINCIPAL,,
,28.0,,,2026-06-28 10:54:32,368,atuador,BOMBA-F,PRINCIPAL,,
TQ-MIX-TT,74.8886,C,OK,2026-06-28 10:54:35,369,leitura,,,,
TQ-MIX-LT,60.4323,%,OK,2026-06-28 10:54:35,369,leitura,,,,
TQ-MIX-PT,2.20865,BAR,OK,2026-06-28 10:54:35,369,leitura,,,,
RES-Q-TT,74.8886,C,OK,2026-06-28 10:54:35,369,leitura,,,,
RES-F-TT,13.034,C,OK,2026-06-28 10:54:35,369,leitura,,,,
,28.0,,,2026-06-28 10:54:35,369,atuador,BOMBA-Q,PRINCIPAL,,
,28.0,,,2026-06-28 10:54:35,369,atuador,BOMBA-F,PRINCIPAL,,
TQ-MIX-TT,12.8771,C,OK,2026-06-28 10:54:38,370,leitura,,,,
TQ-MIX-LT,60.2883,%,OK,2026-06-28 10:54:38,370,leitura,,,,
TQ-MIX-PT,2.20577,BAR,OK,2026-06-28 10:54:38,370,leitura,,,,
RES-Q-TT,75.1138,C,OK,2026-06-28 10:54:38,370,leitura,,,,
RES-F-TT,12.8771,C,OK,2026-06-28 10:54:38,370,leitura,,,,
,28.0,,,2026-06-28 10:54:38,370,atuador,BOMBA-Q,PRINCIPAL,,
,28.0,,,2026-06-28 10:54:38,370,atuador,BOMBA-F,PRINCIPAL,,
TQ-MIX-TT,75.1212,C,OK,2026-06-28 10:54:41,371,leitura,,,,
TQ-MIX-LT,60.1443,%,OK,2026-06-28 10:54:41,371,leitura,,,,
TQ-MIX-PT,2.20289,BAR,OK,2026-06-28 10:54:41,371,leitura,,,,
RES-Q-TT,75.1212,C,OK,2026-06-28 10:54:41,371,leitura,,,,
RES-F-TT,12.9659,C,OK,2026-06-28 10:54:41,371,leitura,,,,
,28.0,,,2026-06-28 10:54:41,371,atuador,BOMBA-Q,PRINCIPAL,,
,28.0,,,2026-06-28 10:54:41,371,atuador,BOMBA-F,PRINCIPAL,,
TQ-MIX-TT,13.114,C,OK,2026-06-28 10:54:44,372,leitura,,,,
TQ-MIX-LT,60.0003,%,OK,2026-06-28 10:54:44,372,leitura,,,,
TQ-MIX-PT,2.20001,BAR,OK,2026-06-28 10:54:44,372,leitura,,,,
RES-Q-TT,75.0669,C,OK,2026-06-28 10:54:44,372,leitura,,,,
RES-F-TT,13.114,C,OK,2026-06-28 10:54:44,372,leitura,,,,
,28.0,,,2026-06-28 10:54:44,372,atuador,BOMBA-Q,PRINCIPAL,,
,28.0,,,2026-06-28 10:54:44,372,atuador,BOMBA-F,PRINCIPAL,,
TQ-MIX-TT,75.199,C,OK,2026-06-28 10:54:47,373,leitura,,,,
TQ-MIX-LT,59.8563,%,OK,2026-06-28 10:54:47,373,leitura,,,,
TQ-MIX-PT,2.19713,BAR,OK,2026-06-28 10:54:47,373,leitura,,,,
RES-Q-TT,75.199,C,OK,2026-06-28 10:54:47,373,leitura,,,,
RES-F-TT,13.2589,C,OK,2026-06-28 10:54:47,373,leitura,,,,
,28.0,,,2026-06-28 10:54:47,373,atuador,BOMBA-Q,PRINCIPAL,,
,28.0,,,2026-06-28 10:54:47,373,atuador,BOMBA-F,PRINCIPAL,,
TQ-MIX-TT,13.2587,C,OK,2026-06-28 10:54:50,374,leitura,,,,
TQ-MIX-LT,59.7123,%,OK,2026-06-28 10:54:50,374,leitura,,,,
TQ-MIX-PT,2.19425,BAR,OK,2026-06-28 10:54:50,374,leitura,,,,
RES-Q-TT,74.7125,C,OK,2026-06-28 10:54:50,374,leitura,,,,
RES-F-TT,13.2587,C,OK,2026-06-28 10:54:50,374,leitura,,,,
,28.0,,,2026-06-28 10:54:50,374,atuador,BOMBA-Q,PRINCIPAL,,
,28.0,,,2026-06-28 10:54:50,374,atuador,BOMBA-F,PRINCIPAL,,
TQ-MIX-TT,74.6171,C,OK,2026-06-28 10:54:53,375,leitura,,,,
TQ-MIX-LT,59.5683,%,OK,2026-06-28 10:54:53,375,leitura,,,,
TQ-MIX-PT,2.19137,BAR,OK,2026-06-28 10:54:53,375,leitura,,,,
RES-Q-TT,74.6171,C,OK,2026-06-28 10:54:53,375,leitura,,,,
RES-F-TT,13.5116,C,OK,2026-06-28 10:54:53,375,leitura,,,,
,28.0,,,2026-06-28 10:54:53,375,atuador,BOMBA-Q,PRINCIPAL,,
,28.0,,,2026-06-28 10:54:53,375,atuador,BOMBA-F,PRINCIPAL,,
TQ-MIX-TT,13.2265,C,OK,2026-06-28 10:54:56,376,leitura,,,,
TQ-MIX-LT,59.4243,%,OK,2026-06-28 10:54:56,376,leitura,,,,
TQ-MIX-PT,2.18849,BAR,OK,2026-06-28 10:54:56,376,leitura,,,,
RES-Q-TT,74.8618,C,OK,2026-06-28 10:54:56,376,leitura,,,,
RES-F-TT,13.2265,C,OK,2026-06-28 10:54:56,376,leitura,,,,
,28.0,,,2026-06-28 10:54:56,376,atuador,BOMBA-Q,PRINCIPAL,,
,28.0,,,2026-06-28 10:54:56,376,atuador,BOMBA-F,PRINCIPAL,,
TQ-MIX-TT,75.1384,C,OK,2026-06-28 10:54:59,377,leitura,,,,
TQ-MIX-LT,59.2803,%,OK,2026-06-28 10:54:59,377,leitura,,,,
TQ-MIX-PT,2.18561,BAR,OK,2026-06-28 10:54:59,377,leitura,,,,
RES-Q-TT,75.1384,C,OK,2026-06-28 10:54:59,377,leitura,,,,
RES-F-TT,12.999,C,OK,2026-06-28 10:54:59,377,leitura,,,,
,28.0,,,2026-06-28 10:54:59,377,atuador,BOMBA-Q,PRINCIPAL,,
,28.0,,,2026-06-28 10:54:59,377,atuador,BOMBA-F,PRINCIPAL,,
TQ-MIX-TT,12.85,C,OK,2026-06-28 10:55:02,378,leitura,,,,
TQ-MIX-LT,59.1363,%,OK,2026-06-28 10:55:02,378,leitura,,,,
TQ-MIX-PT,2.18273,BAR,OK,2026-06-28 10:55:02,378,leitura,,,,
RES-Q-TT,75.2675,C,OK,2026-06-28 10:55:02,378,leitura,,,,
RES-F-TT,12.85,C,OK,2026-06-28 10:55:02,378,leitura,,,,
,28.0,,,2026-06-28 10:55:02,378,atuador,BOMBA-Q,PRINCIPAL,,
,28.0,,,2026-06-28 10:55:02,378,atuador,BOMBA-F,PRINCIPAL,,
TQ-MIX-TT,75.2292,C,OK,2026-06-28 10:55:05,379,leitura,,,,
TQ-MIX-LT,58.9923,%,OK,2026-06-28 10:55:05,379,leitura,,,,
TQ-MIX-PT,2.17985,BAR,OK,2026-06-28 10:55:05,379,leitura,,,,
RES-Q-TT,75.2292,C,OK,2026-06-28 10:55:05,379,leitura,,,,
RES-F-TT,13.0925,C,OK,2026-06-28 10:55:05,379,leitura,,,,
,28.0,,,2026-06-28 10:55:05,379,atuador,BOMBA-Q,PRINCIPAL,,
,28.0,,,2026-06-28 10:55:05,379,atuador,BOMBA-F,PRINCIPAL,,
TQ-MIX-TT,13.0134,C,OK,2026-06-28 10:55:08,380,leitura,,,,
TQ-MIX-LT,58.8483,%,OK,2026-06-28 10:55:08,380,leitura,,,,
TQ-MIX-PT,2.17697,BAR,OK,2026-06-28 10:55:08,380,leitura,,,,
RES-Q-TT,75.2318,C,OK,2026-06-28 10:55:08,380,leitura,,,,
RES-F-TT,13.0134,C,OK,2026-06-28 10:55:08,380,leitura,,,,
,28.0,,,2026-06-28 10:55:08,380,atuador,BOMBA-Q,PRINCIPAL,,
,28.0,,,2026-06-28 10:55:08,380,atuador,BOMBA-F,PRINCIPAL,,
TQ-MIX-TT,75.2491,C,OK,2026-06-28 10:55:11,381,leitura,,,,
TQ-MIX-LT,58.7043,%,OK,2026-06-28 10:55:11,381,leitura,,,,
TQ-MIX-PT,2.17409,BAR,OK,2026-06-28 10:55:11,381,leitura,,,,
RES-Q-TT,75.2491,C,OK,2026-06-28 10:55:11,381,leitura,,,,
RES-F-TT,12.8903,C,OK,2026-06-28 10:55:11,381,leitura,,,,
,28.0,,,2026-06-28 10:55:11,381,atuador,BOMBA-Q,PRINCIPAL,,
,28.0,,,2026-06-28 10:55:11,381,atuador,BOMBA-F,PRINCIPAL,,
TQ-MIX-TT,12.7055,C,OK,2026-06-28 10:55:14,382,leitura,,,,
TQ-MIX-LT,58.5603,%,OK,2026-06-28 10:55:14,382,leitura,,,,
TQ-MIX-PT,2.17121,BAR,OK,2026-06-28 10:55:14,382,leitura,,,,
RES-Q-TT,74.8424,C,OK,2026-06-28 10:55:14,382,leitura,,,,
RES-F-TT,12.7055,C,OK,2026-06-28 10:55:14,382,leitura,,,,
,28.0,,,2026-06-28 10:55:14,382,atuador,BOMBA-Q,PRINCIPAL,,
,28.0,,,2026-06-28 10:55:14,382,atuador,BOMBA-F,PRINCIPAL,,
TQ-MIX-TT,74.575,C,OK,2026-06-28 10:55:17,383,leitura,,,,
TQ-MIX-LT,58.4163,%,OK,2026-06-28 10:55:17,383,leitura,,,,
TQ-MIX-PT,2.16833,BAR,OK,2026-06-28 10:55:17,383,leitura,,,,
RES-Q-TT,74.575,C,OK,2026-06-28 10:55:17,383,leitura,,,,
RES-F-TT,12.671,C,OK,2026-06-28 10:55:17,383,leitura,,,,
,28.0,,,2026-06-28 10:55:17,383,atuador,BOMBA-Q,PRINCIPAL,,
,28.0,,,2026-06-28 10:55:17,383,atuador,BOMBA-F,PRINCIPAL,,
TQ-MIX-TT,12.7487,C,OK,2026-06-28 10:55:20,384,leitura,,,,
TQ-MIX-LT,58.2723,%,OK,2026-06-28 10:55:20,384,leitura,,,,
TQ-MIX-PT,2.16545,BAR,OK,2026-06-28 10:55:20,384,leitura,,,,
RES-Q-TT,74.6728,C,OK,2026-06-28 10:55:20,384,leitura,,,,
RES-F-TT,12.7487,C,OK,2026-06-28 10:55:20,384,leitura,,,,
,28.0,,,2026-06-28 10:55:20,384,atuador,BOMBA-Q,PRINCIPAL,,
,28.0,,,2026-06-28 10:55:20,384,atuador,BOMBA-F,PRINCIPAL,,
TQ-MIX-TT,74.4444,C,OK,2026-06-28 10:55:23,385,leitura,,,,
TQ-MIX-LT,58.1283,%,OK,2026-06-28 10:55:23,385,leitura,,,,
TQ-MIX-PT,2.16257,BAR,OK,2026-06-28 10:55:23,385,leitura,,,,
RES-Q-TT,74.4444,C,OK,2026-06-28 10:55:23,385,leitura,,,,
RES-F-TT,12.7004,C,OK,2026-06-28 10:55:23,385,leitura,,,,
,28.0,,,2026-06-28 10:55:23,385,atuador,BOMBA-Q,PRINCIPAL,,
,28.0,,,2026-06-28 10:55:23,385,atuador,BOMBA-F,PRINCIPAL,,
TQ-MIX-TT,12.7568,C,OK,2026-06-28 10:55:26,386,leitura,,,,
TQ-MIX-LT,57.9843,%,OK,2026-06-28 10:55:26,386,leitura,,,,
TQ-MIX-PT,2.15969,BAR,OK,2026-06-28 10:55:26,386,leitura,,,,
RES-Q-TT,74.5581,C,OK,2026-06-28 10:55:26,386,leitura,,,,
RES-F-TT,12.7568,C,OK,2026-06-28 10:55:26,386,leitura,,,,
,28.0,,,2026-06-28 10:55:26,386,atuador,BOMBA-Q,PRINCIPAL,,
,28.0,,,2026-06-28 10:55:26,386,atuador,BOMBA-F,PRINCIPAL,,
TQ-MIX-TT,74.3342,C,OK,2026-06-28 10:55:29,387,leitura,,,,
TQ-MIX-LT,57.8403,%,OK,2026-06-28 10:55:29,387,leitura,,,,
TQ-MIX-PT,2.15681,BAR,OK,2026-06-28 10:55:29,387,leitura,,,,
RES-Q-TT,74.3342,C,OK,2026-06-28 10:55:29,387,leitura,,,,
RES-F-TT,12.9975,C,OK,2026-06-28 10:55:29,387,leitura,,,,
,28.0,,,2026-06-28 10:55:29,387,atuador,BOMBA-Q,PRINCIPAL,,
,28.0,,,2026-06-28 10:55:29,387,atuador,BOMBA-F,PRINCIPAL,,
TQ-MIX-TT,12.9026,C,OK,2026-06-28 10:55:32,388,leitura,,,,
TQ-MIX-LT,57.6963,%,OK,2026-06-28 10:55:32,388,leitura,,,,
TQ-MIX-PT,2.15393,BAR,OK,2026-06-28 10:55:32,388,leitura,,,,
RES-Q-TT,74.4515,C,OK,2026-06-28 10:55:32,388,leitura,,,,
RES-F-TT,12.9026,C,OK,2026-06-28 10:55:32,388,leitura,,,,
,28.0,,,2026-06-28 10:55:32,388,atuador,BOMBA-Q,PRINCIPAL,,
,28.0,,,2026-06-28 10:55:32,388,atuador,BOMBA-F,PRINCIPAL,,
TQ-MIX-TT,74.3979,C,OK,2026-06-28 10:55:35,389,leitura,,,,
TQ-MIX-LT,57.5523,%,OK,2026-06-28 10:55:35,389,leitura,,,,
TQ-MIX-PT,2.15105,BAR,OK,2026-06-28 10:55:35,389,leitura,,,,
RES-Q-TT,74.3979,C,OK,2026-06-28 10:55:35,389,leitura,,,,
RES-F-TT,12.9064,C,OK,2026-06-28 10:55:35,389,leitura,,,,
,28.0,,,2026-06-28 10:55:35,389,atuador,BOMBA-Q,PRINCIPAL,,
,28.0,,,2026-06-28 10:55:35,389,atuador,BOMBA-F,PRINCIPAL,,
TQ-MIX-TT,12.7359,C,OK,2026-06-28 10:55:38,390,leitura,,,,
TQ-MIX-LT,57.4083,%,OK,2026-06-28 10:55:38,390,leitura,,,,
TQ-MIX-PT,2.14817,BAR,OK,2026-06-28 10:55:38,390,leitura,,,,
RES-Q-TT,74.2858,C,OK,2026-06-28 10:55:38,390,leitura,,,,
RES-F-TT,12.7359,C,OK,2026-06-28 10:55:38,390,leitura,,,,
,28.0,,,2026-06-28 10:55:38,390,atuador,BOMBA-Q,PRINCIPAL,,
,28.0,,,2026-06-28 10:55:38,390,atuador,BOMBA-F,PRINCIPAL,,
TQ-MIX-TT,74.5139,C,OK,2026-06-28 10:55:41,391,leitura,,,,
TQ-MIX-LT,57.2643,%,OK,2026-06-28 10:55:41,391,leitura,,,,
TQ-MIX-PT,2.14529,BAR,OK,2026-06-28 10:55:41,391,leitura,,,,
RES-Q-TT,74.5139,C,OK,2026-06-28 10:55:41,391,leitura,,,,
RES-F-TT,12.4489,C,OK,2026-06-28 10:55:41,391,leitura,,,,
,28.0,,,2026-06-28 10:55:41,391,atuador,BOMBA-Q,PRINCIPAL,,
,28.0,,,2026-06-28 10:55:41,391,atuador,BOMBA-F,PRINCIPAL,,
TQ-MIX-TT,12.5588,C,OK,2026-06-28 10:55:44,392,leitura,,,,
TQ-MIX-LT,57.1203,%,OK,2026-06-28 10:55:44,392,leitura,,,,
TQ-MIX-PT,2.14241,BAR,OK,2026-06-28 10:55:44,392,leitura,,,,
RES-Q-TT,74.3991,C,OK,2026-06-28 10:55:44,392,leitura,,,,
RES-F-TT,12.5588,C,OK,2026-06-28 10:55:44,392,leitura,,,,
,28.0,,,2026-06-28 10:55:44,392,atuador,BOMBA-Q,PRINCIPAL,,
,28.0,,,2026-06-28 10:55:44,392,atuador,BOMBA-F,PRINCIPAL,,
TQ-MIX-TT,74.3132,C,OK,2026-06-28 10:55:47,393,leitura,,,,
TQ-MIX-LT,56.9763,%,OK,2026-06-28 10:55:47,393,leitura,,,,
TQ-MIX-PT,2.13953,BAR,OK,2026-06-28 10:55:47,393,leitura,,,,
RES-Q-TT,74.3132,C,OK,2026-06-28 10:55:47,393,leitura,,,,
RES-F-TT,12.7772,C,OK,2026-06-28 10:55:47,393,leitura,,,,
,28.0,,,2026-06-28 10:55:47,393,atuador,BOMBA-Q,PRINCIPAL,,
,28.0,,,2026-06-28 10:55:47,393,atuador,BOMBA-F,PRINCIPAL,,
TQ-MIX-TT,12.5982,C,OK,2026-06-28 10:55:50,394,leitura,,,,
TQ-MIX-LT,56.8323,%,OK,2026-06-28 10:55:50,394,leitura,,,,
TQ-MIX-PT,2.13665,BAR,OK,2026-06-28 10:55:50,394,leitura,,,,
RES-Q-TT,74.0283,C,OK,2026-06-28 10:55:50,394,leitura,,,,
RES-F-TT,12.5982,C,OK,2026-06-28 10:55:50,394,leitura,,,,
,28.0,,,2026-06-28 10:55:50,394,atuador,BOMBA-Q,PRINCIPAL,,
,28.0,,,2026-06-28 10:55:50,394,atuador,BOMBA-F,PRINCIPAL,,
TQ-MIX-TT,74.3,C,OK,2026-06-28 10:55:53,395,leitura,,,,
TQ-MIX-LT,56.6883,%,OK,2026-06-28 10:55:53,395,leitura,,,,
TQ-MIX-PT,2.13377,BAR,OK,2026-06-28 10:55:53,395,leitura,,,,
RES-Q-TT,74.3,C,OK,2026-06-28 10:55:53,395,leitura,,,,
RES-F-TT,12.7608,C,OK,2026-06-28 10:55:53,395,leitura,,,,
,28.0,,,2026-06-28 10:55:53,395,atuador,BOMBA-Q,PRINCIPAL,,
,28.0,,,2026-06-28 10:55:53,395,atuador,BOMBA-F,PRINCIPAL,,
TQ-MIX-TT,12.5525,C,OK,2026-06-28 10:55:56,396,leitura,,,,
TQ-MIX-LT,56.5443,%,OK,2026-06-28 10:55:56,396,leitura,,,,
TQ-MIX-PT,2.13089,BAR,OK,2026-06-28 10:55:56,396,leitura,,,,
RES-Q-TT,74.1733,C,OK,2026-06-28 10:55:56,396,leitura,,,,
RES-F-TT,12.5525,C,OK,2026-06-28 10:55:56,396,leitura,,,,
,28.0,,,2026-06-28 10:55:56,396,atuador,BOMBA-Q,PRINCIPAL,,
,28.0,,,2026-06-28 10:55:56,396,atuador,BOMBA-F,PRINCIPAL,,
TQ-MIX-TT,74.1495,C,OK,2026-06-28 10:55:59,397,leitura,,,,
TQ-MIX-LT,56.4003,%,OK,2026-06-28 10:55:59,397,leitura,,,,
TQ-MIX-PT,2.12801,BAR,OK,2026-06-28 10:55:59,397,leitura,,,,
RES-Q-TT,74.1495,C,OK,2026-06-28 10:55:59,397,leitura,,,,
RES-F-TT,12.3579,C,OK,2026-06-28 10:55:59,397,leitura,,,,
,28.0,,,2026-06-28 10:55:59,397,atuador,BOMBA-Q,PRINCIPAL,,
,28.0,,,2026-06-28 10:55:59,397,atuador,BOMBA-F,PRINCIPAL,,
TQ-MIX-TT,12.4131,C,OK,2026-06-28 10:56:02,398,leitura,,,,
TQ-MIX-LT,56.2563,%,OK,2026-06-28 10:56:02,398,leitura,,,,
TQ-MIX-PT,2.12513,BAR,OK,2026-06-28 10:56:02,398,leitura,,,,
RES-Q-TT,74.3953,C,OK,2026-06-28 10:56:02,398,leitura,,,,
RES-F-TT,12.4131,C,OK,2026-06-28 10:56:02,398,leitura,,,,
,28.0,,,2026-06-28 10:56:02,398,atuador,BOMBA-Q,PRINCIPAL,,
,28.0,,,2026-06-28 10:56:02,398,atuador,BOMBA-F,PRINCIPAL,,
TQ-MIX-TT,74.6448,C,OK,2026-06-28 10:56:05,399,leitura,,,,
TQ-MIX-LT,56.1123,%,OK,2026-06-28 10:56:05,399,leitura,,,,
TQ-MIX-PT,2.12225,BAR,OK,2026-06-28 10:56:05,399,leitura,,,,
RES-Q-TT,74.6448,C,OK,2026-06-28 10:56:05,399,leitura,,,,
RES-F-TT,12.3425,C,OK,2026-06-28 10:56:05,399,leitura,,,,
,28.0,,,2026-06-28 10:56:05,399,atuador,BOMBA-Q,PRINCIPAL,,
,28.0,,,2026-06-28 10:56:05,399,atuador,BOMBA-F,PRINCIPAL,,
TQ-MIX-TT,12.6038,C,OK,2026-06-28 10:56:08,400,leitura,,,,
TQ-MIX-LT,55.9683,%,OK,2026-06-28 10:56:08,400,leitura,,,,
TQ-MIX-PT,2.11937,BAR,OK,2026-06-28 10:56:08,400,leitura,,,,
RES-Q-TT,74.3453,C,OK,2026-06-28 10:56:08,400,leitura,,,,
RES-F-TT,12.6038,C,OK,2026-06-28 10:56:08,400,leitura,,,,
,28.0,,,2026-06-28 10:56:08,400,atuador,BOMBA-Q,PRINCIPAL,,
,28.0,,,2026-06-28 10:56:08,400,atuador,BOMBA-F,PRINCIPAL,,
TQ-MIX-TT,74.276,C,OK,2026-06-28 10:56:11,401,leitura,,,,
TQ-MIX-LT,55.8243,%,OK,2026-06-28 10:56:11,401,leitura,,,,
TQ-MIX-PT,2.11649,BAR,OK,2026-06-28 10:56:11,401,leitura,,,,
RES-Q-TT,74.276,C,OK,2026-06-28 10:56:11,401,leitura,,,,
RES-F-TT,12.5985,C,OK,2026-06-28 10:56:11,401,leitura,,,,
,28.0,,,2026-06-28 10:56:11,401,atuador,BOMBA-Q,PRINCIPAL,,
,28.0,,,2026-06-28 10:56:11,401,atuador,BOMBA-F,PRINCIPAL,,
TQ-MIX-TT,12.6071,C,OK,2026-06-28 10:56:14,402,leitura,,,,
TQ-MIX-LT,55.6803,%,OK,2026-06-28 10:56:14,402,leitura,,,,
TQ-MIX-PT,2.11361,BAR,OK,2026-06-28 10:56:14,402,leitura,,,,
RES-Q-TT,74.1879,C,OK,2026-06-28 10:56:14,402,leitura,,,,
RES-F-TT,12.6071,C,OK,2026-06-28 10:56:14,402,leitura,,,,
,28.0,,,2026-06-28 10:56:14,402,atuador,BOMBA-Q,PRINCIPAL,,
,28.0,,,2026-06-28 10:56:14,402,atuador,BOMBA-F,PRINCIPAL,,
TQ-MIX-TT,74.4722,C,OK,2026-06-28 10:56:17,403,leitura,,,,
TQ-MIX-LT,55.5363,%,OK,2026-06-28 10:56:17,403,leitura,,,,
TQ-MIX-PT,2.11073,BAR,OK,2026-06-28 10:56:17,403,leitura,,,,
RES-Q-TT,74.4722,C,OK,2026-06-28 10:56:17,403,leitura,,,,
RES-F-TT,12.3858,C,OK,2026-06-28 10:56:17,403,leitura,,,,
,28.0,,,2026-06-28 10:56:17,403,atuador,BOMBA-Q,PRINCIPAL,,
,28.0,,,2026-06-28 10:56:17,403,atuador,BOMBA-F,PRINCIPAL,,
TQ-MIX-TT,12.134,C,OK,2026-06-28 10:56:20,404,leitura,,,,
TQ-MIX-LT,55.3923,%,OK,2026-06-28 10:56:20,404,leitura,,,,
TQ-MIX-PT,2.10785,BAR,OK,2026-06-28 10:56:20,404,leitura,,,,
RES-Q-TT,74.253,C,OK,2026-06-28 10:56:20,404,leitura,,,,
RES-F-TT,12.134,C,OK,2026-06-28 10:56:20,404,leitura,,,,
,28.0,,,2026-06-28 10:56:20,404,atuador,BOMBA-Q,PRINCIPAL,,
,28.0,,,2026-06-28 10:56:20,404,atuador,BOMBA-F,PRINCIPAL,,
TQ-MIX-TT,74.5518,C,OK,2026-06-28 10:56:23,405,leitura,,,,
TQ-MIX-LT,55.2483,%,OK,2026-06-28 10:56:23,405,leitura,,,,
TQ-MIX-PT,2.10497,BAR,OK,2026-06-28 10:56:23,405,leitura,,,,
RES-Q-TT,74.5518,C,OK,2026-06-28 10:56:23,405,leitura,,,,
RES-F-TT,12.1336,C,OK,2026-06-28 10:56:23,405,leitura,,,,
,28.0,,,2026-06-28 10:56:23,405,atuador,BOMBA-Q,PRINCIPAL,,
,28.0,,,2026-06-28 10:56:23,405,atuador,BOMBA-F,PRINCIPAL,,
TQ-MIX-TT,11.945,C,OK,2026-06-28 10:56:26,406,leitura,,,,
TQ-MIX-LT,55.1043,%,OK,2026-06-28 10:56:26,406,leitura,,,,
TQ-MIX-PT,2.10209,BAR,OK,2026-06-28 10:56:26,406,leitura,,,,
RES-Q-TT,74.5133,C,OK,2026-06-28 10:56:26,406,leitura,,,,
RES-F-TT,11.945,C,OK,2026-06-28 10:56:26,406,leitura,,,,
,28.0,,,2026-06-28 10:56:26,406,atuador,BOMBA-Q,PRINCIPAL,,
,28.0,,,2026-06-28 10:56:26,406,atuador,BOMBA-F,PRINCIPAL,,
TQ-MIX-TT,74.3944,C,OK,2026-06-28 10:56:29,407,leitura,,,,
TQ-MIX-LT,54.9603,%,OK,2026-06-28 10:56:29,407,leitura,,,,
TQ-MIX-PT,2.09921,BAR,OK,2026-06-28 10:56:29,407,leitura,,,,
RES-Q-TT,74.3944,C,OK,2026-06-28 10:56:29,407,leitura,,,,
RES-F-TT,11.8367,C,OK,2026-06-28 10:56:29,407,leitura,,,,
,28.0,,,2026-06-28 10:56:29,407,atuador,BOMBA-Q,PRINCIPAL,,
,28.0,,,2026-06-28 10:56:29,407,atuador,BOMBA-F,PRINCIPAL,,
TQ-MIX-TT,11.5756,C,OK,2026-06-28 10:56:32,408,leitura,,,,
TQ-MIX-LT,54.8163,%,OK,2026-06-28 10:56:32,408,leitura,,,,
TQ-MIX-PT,2.09633,BAR,OK,2026-06-28 10:56:32,408,leitura,,,,
RES-Q-TT,74.1844,C,OK,2026-06-28 10:56:32,408,leitura,,,,
RES-F-TT,11.5756,C,OK,2026-06-28 10:56:32,408,leitura,,,,
,28.0,,,2026-06-28 10:56:32,408,atuador,BOMBA-Q,PRINCIPAL,,
,28.0,,,2026-06-28 10:56:32,408,atuador,BOMBA-F,PRINCIPAL,,
TQ-MIX-TT,74.3792,C,OK,2026-06-28 10:56:35,409,leitura,,,,
TQ-MIX-LT,54.6723,%,OK,2026-06-28 10:56:35,409,leitura,,,,
TQ-MIX-PT,2.09345,BAR,OK,2026-06-28 10:56:35,409,leitura,,,,
RES-Q-TT,74.3792,C,OK,2026-06-28 10:56:35,409,leitura,,,,
RES-F-TT,11.6032,C,OK,2026-06-28 10:56:35,409,leitura,,,,
,28.0,,,2026-06-28 10:56:35,409,atuador,BOMBA-Q,PRINCIPAL,,
,28.0,,,2026-06-28 10:56:35,409,atuador,BOMBA-F,PRINCIPAL,,
TQ-MIX-TT,11.8204,C,OK,2026-06-28 10:56:38,410,leitura,,,,
TQ-MIX-LT,54.5283,%,OK,2026-06-28 10:56:38,410,leitura,,,,
TQ-MIX-PT,2.09057,BAR,OK,2026-06-28 10:56:38,410,leitura,,,,
RES-Q-TT,74.1228,C,OK,2026-06-28 10:56:38,410,leitura,,,,
RES-F-TT,11.8204,C,OK,2026-06-28 10:56:38,410,leitura,,,,
,28.0,,,2026-06-28 10:56:38,410,atuador,BOMBA-Q,PRINCIPAL,,
,28.0,,,2026-06-28 10:56:38,410,atuador,BOMBA-F,PRINCIPAL,,
TQ-MIX-TT,74.0714,C,OK,2026-06-28 10:56:41,411,leitura,,,,
TQ-MIX-LT,54.3843,%,OK,2026-06-28 10:56:41,411,leitura,,,,
TQ-MIX-PT,2.08769,BAR,OK,2026-06-28 10:56:41,411,leitura,,,,
RES-Q-TT,74.0714,C,OK,2026-06-28 10:56:41,411,leitura,,,,
RES-F-TT,11.7064,C,OK,2026-06-28 10:56:41,411,leitura,,,,
,28.0,,,2026-06-28 10:56:41,411,atuador,BOMBA-Q,PRINCIPAL,,
,28.0,,,2026-06-28 10:56:41,411,atuador,BOMBA-F,PRINCIPAL,,
TQ-MIX-TT,11.6979,C,OK,2026-06-28 10:56:44,412,leitura,,,,
TQ-MIX-LT,54.2403,%,OK,2026-06-28 10:56:44,412,leitura,,,,
TQ-MIX-PT,2.08481,BAR,OK,2026-06-28 10:56:44,412,leitura,,,,
RES-Q-TT,74.0897,C,OK,2026-06-28 10:56:44,412,leitura,,,,
RES-F-TT,11.6979,C,OK,2026-06-28 10:56:44,412,leitura,,,,
,28.0,,,2026-06-28 10:56:44,412,atuador,BOMBA-Q,PRINCIPAL,,
,28.0,,,2026-06-28 10:56:44,412,atuador,BOMBA-F,PRINCIPAL,,
TQ-MIX-TT,74.1474,C,OK,2026-06-28 10:56:47,413,leitura,,,,
TQ-MIX-LT,54.0963,%,OK,2026-06-28 10:56:47,413,leitura,,,,
TQ-MIX-PT,2.08193,BAR,OK,2026-06-28 10:56:47,413,leitura,,,,
RES-Q-TT,74.1474,C,OK,2026-06-28 10:56:47,413,leitura,,,,
RES-F-TT,11.8222,C,OK,2026-06-28 10:56:47,413,leitura,,,,
,28.0,,,2026-06-28 10:56:47,413,atuador,BOMBA-Q,PRINCIPAL,,
,28.0,,,2026-06-28 10:56:47,413,atuador,BOMBA-F,PRINCIPAL,,
TQ-MIX-TT,11.788,C,OK,2026-06-28 10:56:50,414,leitura,,,,
TQ-MIX-LT,53.9523,%,OK,2026-06-28 10:56:50,414,leitura,,,,
TQ-MIX-PT,2.07905,BAR,OK,2026-06-28 10:56:50,414,leitura,,,,
RES-Q-TT,74.4072,C,OK,2026-06-28 10:56:50,414,leitura,,,,
RES-F-TT,11.788,C,OK,2026-06-28 10:56:50,414,leitura,,,,
,28.0,,,2026-06-28 10:56:50,414,atuador,BOMBA-Q,PRINCIPAL,,
,28.0,,,2026-06-28 10:56:50,414,atuador,BOMBA-F,PRINCIPAL,,
TQ-MIX-TT,74.1736,C,OK,2026-06-28 10:56:53,415,leitura,,,,
TQ-MIX-LT,53.8083,%,OK,2026-06-28 10:56:53,415,leitura,,,,
TQ-MIX-PT,2.07617,BAR,OK,2026-06-28 10:56:53,415,leitura,,,,
RES-Q-TT,74.1736,C,OK,2026-06-28 10:56:53,415,leitura,,,,
RES-F-TT,11.8106,C,OK,2026-06-28 10:56:53,415,leitura,,,,
,28.0,,,2026-06-28 10:56:53,415,atuador,BOMBA-Q,PRINCIPAL,,
,28.0,,,2026-06-28 10:56:53,415,atuador,BOMBA-F,PRINCIPAL,,
TQ-MIX-TT,11.672,C,OK,2026-06-28 10:56:56,416,leitura,,,,
TQ-MIX-LT,53.6643,%,OK,2026-06-28 10:56:56,416,leitura,,,,
TQ-MIX-PT,2.07329,BAR,OK,2026-06-28 10:56:56,416,leitura,,,,
RES-Q-TT,74.1918,C,OK,2026-06-28 10:56:56,416,leitura,,,,
RES-F-TT,11.672,C,OK,2026-06-28 10:56:56,416,leitura,,,,
,28.0,,,2026-06-28 10:56:56,416,atuador,BOMBA-Q,PRINCIPAL,,
,28.0,,,2026-06-28 10:56:56,416,atuador,BOMBA-F,PRINCIPAL,,
TQ-MIX-TT,74.1006,C,OK,2026-06-28 10:56:59,417,leitura,,,,
TQ-MIX-LT,53.5203,%,OK,2026-06-28 10:56:59,417,leitura,,,,
TQ-MIX-PT,2.07041,BAR,OK,2026-06-28 10:56:59,417,leitura,,,,
RES-Q-TT,74.1006,C,OK,2026-06-28 10:56:59,417,leitura,,,,
RES-F-TT,11.8997,C,OK,2026-06-28 10:56:59,417,leitura,,,,
,28.0,,,2026-06-28 10:56:59,417,atuador,BOMBA-Q,PRINCIPAL,,
,28.0,,,2026-06-28 10:56:59,417,atuador,BOMBA-F,PRINCIPAL,,
TQ-MIX-TT,11.9384,C,OK,2026-06-28 10:57:02,418,leitura,,,,
TQ-MIX-LT,53.3763,%,OK,2026-06-28 10:57:02,418,leitura,,,,
TQ-MIX-PT,2.06753,BAR,OK,2026-06-28 10:57:02,418,leitura,,,,
RES-Q-TT,74.0663,C,OK,2026-06-28 10:57:02,418,leitura,,,,
RES-F-TT,11.9384,C,OK,2026-06-28 10:57:02,418,leitura,,,,
,28.0,,,2026-06-28 10:57:02,418,atuador,BOMBA-Q,PRINCIPAL,,
,28.0,,,2026-06-28 10:57:02,418,atuador,BOMBA-F,PRINCIPAL,,
TQ-MIX-TT,74.0582,C,OK,2026-06-28 10:57:05,419,leitura,,,,
TQ-MIX-LT,53.2323,%,OK,2026-06-28 10:57:05,419,leitura,,,,
TQ-MIX-PT,2.06465,BAR,OK,2026-06-28 10:57:05,419,leitura,,,,
RES-Q-TT,74.0582,C,OK,2026-06-28 10:57:05,419,leitura,,,,
RES-F-TT,11.7636,C,OK,2026-06-28 10:57:05,419,leitura,,,,
,28.0,,,2026-06-28 10:57:05,419,atuador,BOMBA-Q,PRINCIPAL,,
,28.0,,,2026-06-28 10:57:05,419,atuador,BOMBA-F,PRINCIPAL,,
TQ-MIX-TT,11.7091,C,OK,2026-06-28 10:57:08,420,leitura,,,,
TQ-MIX-LT,53.0883,%,OK,2026-06-28 10:57:08,420,leitura,,,,
TQ-MIX-PT,2.06177,BAR,OK,2026-06-28 10:57:08,420,leitura,,,,
RES-Q-TT,74.2843,C,OK,2026-06-28 10:57:08,420,leitura,,,,
RES-F-TT,11.7091,C,OK,2026-06-28 10:57:08,420,leitura,,,,
,28.0,,,2026-06-28 10:57:08,420,atuador,BOMBA-Q,PRINCIPAL,,
,28.0,,,2026-06-28 10:57:08,420,atuador,BOMBA-F,PRINCIPAL,,
TQ-MIX-TT,74.4247,C,OK,2026-06-28 10:57:11,421,leitura,,,,
TQ-MIX-LT,52.9443,%,OK,2026-06-28 10:57:11,421,leitura,,,,
TQ-MIX-PT,2.05889,BAR,OK,2026-06-28 10:57:11,421,leitura,,,,
RES-Q-TT,74.4247,C,OK,2026-06-28 10:57:11,421,leitura,,,,
RES-F-TT,11.8019,C,OK,2026-06-28 10:57:11,421,leitura,,,,
,28.0,,,2026-06-28 10:57:11,421,atuador,BOMBA-Q,PRINCIPAL,,
,28.0,,,2026-06-28 10:57:11,421,atuador,BOMBA-F,PRINCIPAL,,
TQ-MIX-TT,11.5645,C,OK,2026-06-28 10:57:14,422,leitura,,,,
TQ-MIX-LT,52.8003,%,OK,2026-06-28 10:57:14,422,leitura,,,,
TQ-MIX-PT,2.05601,BAR,OK,2026-06-28 10:57:14,422,leitura,,,,
RES-Q-TT,74.5622,C,OK,2026-06-28 10:57:14,422,leitura,,,,
RES-F-TT,11.5645,C,OK,2026-06-28 10:57:14,422,leitura,,,,
,28.0,,,2026-06-28 10:57:14,422,atuador,BOMBA-Q,PRINCIPAL,,
,28.0,,,2026-06-28 10:57:14,422,atuador,BOMBA-F,PRINCIPAL,,
TQ-MIX-TT,74.3291,C,OK,2026-06-28 10:57:17,423,leitura,,,,
TQ-MIX-LT,52.6563,%,OK,2026-06-28 10:57:17,423,leitura,,,,
TQ-MIX-PT,2.05313,BAR,OK,2026-06-28 10:57:17,423,leitura,,,,
RES-Q-TT,74.3291,C,OK,2026-06-28 10:57:17,423,leitura,,,,
RES-F-TT,11.6991,C,OK,2026-06-28 10:57:17,423,leitura,,,,
,28.0,,,2026-06-28 10:57:17,423,atuador,BOMBA-Q,PRINCIPAL,,
,28.0,,,2026-06-28 10:57:17,423,atuador,BOMBA-F,PRINCIPAL,,
TQ-MIX-TT,11.9852,C,OK,2026-06-28 10:57:20,424,leitura,,,,
TQ-MIX-LT,52.5123,%,OK,2026-06-28 10:57:20,424,leitura,,,,
TQ-MIX-PT,2.05025,BAR,OK,2026-06-28 10:57:20,424,leitura,,,,
RES-Q-TT,74.4686,C,OK,2026-06-28 10:57:20,424,leitura,,,,
RES-F-TT,11.9852,C,OK,2026-06-28 10:57:20,424,leitura,,,,
,28.0,,,2026-06-28 10:57:20,424,atuador,BOMBA-Q,PRINCIPAL,,
,28.0,,,2026-06-28 10:57:20,424,atuador,BOMBA-F,PRINCIPAL,,
TQ-MIX-TT,74.6028,C,OK,2026-06-28 10:57:23,425,leitura,,,,
TQ-MIX-LT,52.3683,%,OK,2026-06-28 10:57:23,425,leitura,,,,
TQ-MIX-PT,2.04737,BAR,OK,2026-06-28 10:57:23,425,leitura,,,,
RES-Q-TT,74.6028,C,OK,2026-06-28 10:57:23,425,leitura,,,,
RES-F-TT,12.211,C,OK,2026-06-28 10:57:23,425,leitura,,,,
,28.0,,,2026-06-28 10:57:23,425,atuador,BOMBA-Q,PRINCIPAL,,
,28.0,,,2026-06-28 10:57:23,425,atuador,BOMBA-F,PRINCIPAL,,
TQ-MIX-TT,12.17,C,OK,2026-06-28 10:57:26,426,leitura,,,,
TQ-MIX-LT,52.2243,%,OK,2026-06-28 10:57:26,426,leitura,,,,
TQ-MIX-PT,2.04449,BAR,OK,2026-06-28 10:57:26,426,leitura,,,,
RES-Q-TT,74.543,C,OK,2026-06-28 10:57:26,426,leitura,,,,
RES-F-TT,12.17,C,OK,2026-06-28 10:57:26,426,leitura,,,,
,28.0,,,2026-06-28 10:57:26,426,atuador,BOMBA-Q,PRINCIPAL,,
,28.0,,,2026-06-28 10:57:26,426,atuador,BOMBA-F,PRINCIPAL,,
TQ-MIX-TT,74.706,C,OK,2026-06-28 10:57:29,427,leitura,,,,
TQ-MIX-LT,52.0803,%,OK,2026-06-28 10:57:29,427,leitura,,,,
TQ-MIX-PT,2.04161,BAR,OK,2026-06-28 10:57:29,427,leitura,,,,
RES-Q-TT,74.706,C,OK,2026-06-28 10:57:29,427,leitura,,,,
RES-F-TT,12.1258,C,OK,2026-06-28 10:57:29,427,leitura,,,,
,28.0,,,2026-06-28 10:57:29,427,atuador,BOMBA-Q,PRINCIPAL,,
,28.0,,,2026-06-28 10:57:29,427,atuador,BOMBA-F,PRINCIPAL,,
TQ-MIX-TT,12.153,C,OK,2026-06-28 10:57:32,428,leitura,,,,
TQ-MIX-LT,51.9363,%,OK,2026-06-28 10:57:32,428,leitura,,,,
TQ-MIX-PT,2.03873,BAR,OK,2026-06-28 10:57:32,428,leitura,,,,
RES-Q-TT,74.5615,C,OK,2026-06-28 10:57:32,428,leitura,,,,
RES-F-TT,12.153,C,OK,2026-06-28 10:57:32,428,leitura,,,,
,28.0,,,2026-06-28 10:57:32,428,atuador,BOMBA-Q,PRINCIPAL,,
,28.0,,,2026-06-28 10:57:32,428,atuador,BOMBA-F,PRINCIPAL,,
TQ-MIX-TT,74.4689,C,OK,2026-06-28 10:57:35,429,leitura,,,,
TQ-MIX-LT,51.7923,%,OK,2026-06-28 10:57:35,429,leitura,,,,
TQ-MIX-PT,2.03585,BAR,OK,2026-06-28 10:57:35,429,leitura,,,,
RES-Q-TT,74.4689,C,OK,2026-06-28 10:57:35,429,leitura,,,,
RES-F-TT,12.2289,C,OK,2026-06-28 10:57:35,429,leitura,,,,
,28.0,,,2026-06-28 10:57:35,429,atuador,BOMBA-Q,PRINCIPAL,,
,28.0,,,2026-06-28 10:57:35,429,atuador,BOMBA-F,PRINCIPAL,,
TQ-MIX-TT,12.0913,C,OK,2026-06-28 10:57:38,430,leitura,,,,
TQ-MIX-LT,51.6483,%,OK,2026-06-28 10:57:38,430,leitura,,,,
TQ-MIX-PT,2.03297,BAR,OK,2026-06-28 10:57:38,430,leitura,,,,
RES-Q-TT,74.6908,C,OK,2026-06-28 10:57:38,430,leitura,,,,
RES-F-TT,12.0913,C,OK,2026-06-28 10:57:38,430,leitura,,,,
,28.0,,,2026-06-28 10:57:38,430,atuador,BOMBA-Q,PRINCIPAL,,
,28.0,,,2026-06-28 10:57:38,430,atuador,BOMBA-F,PRINCIPAL,,
TQ-MIX-TT,74.5037,C,OK,2026-06-28 10:57:41,431,leitura,,,,
TQ-MIX-LT,51.5043,%,OK,2026-06-28 10:57:41,431,leitura,,,,
TQ-MIX-PT,2.03009,BAR,OK,2026-06-28 10:57:41,431,leitura,,,,
RES-Q-TT,74.5037,C,OK,2026-06-28 10:57:41,431,leitura,,,,
RES-F-TT,12.3758,C,OK,2026-06-28 10:57:41,431,leitura,,,,
,28.0,,,2026-06-28 10:57:41,431,atuador,BOMBA-Q,PRINCIPAL,,
,28.0,,,2026-06-28 10:57:41,431,atuador,BOMBA-F,PRINCIPAL,,
TQ-MIX-TT,12.3661,C,OK,2026-06-28 10:57:44,432,leitura,,,,
TQ-MIX-LT,51.3603,%,OK,2026-06-28 10:57:44,432,leitura,,,,
TQ-MIX-PT,2.02721,BAR,OK,2026-06-28 10:57:44,432,leitura,,,,
RES-Q-TT,74.5446,C,OK,2026-06-28 10:57:44,432,leitura,,,,
RES-F-TT,12.3661,C,OK,2026-06-28 10:57:44,432,leitura,,,,
,28.0,,,2026-06-28 10:57:44,432,atuador,BOMBA-Q,PRINCIPAL,,
,28.0,,,2026-06-28 10:57:44,432,atuador,BOMBA-F,PRINCIPAL,,
TQ-MIX-TT,74.2681,C,OK,2026-06-28 10:57:47,433,leitura,,,,
TQ-MIX-LT,51.2163,%,OK,2026-06-28 10:57:47,433,leitura,,,,
TQ-MIX-PT,2.02433,BAR,OK,2026-06-28 10:57:47,433,leitura,,,,
RES-Q-TT,74.2681,C,OK,2026-06-28 10:57:47,433,leitura,,,,
RES-F-TT,12.6043,C,OK,2026-06-28 10:57:47,433,leitura,,,,
,28.0,,,2026-06-28 10:57:47,433,atuador,BOMBA-Q,PRINCIPAL,,
,28.0,,,2026-06-28 10:57:47,433,atuador,BOMBA-F,PRINCIPAL,,
TQ-MIX-TT,12.4897,C,OK,2026-06-28 10:57:50,434,leitura,,,,
TQ-MIX-LT,51.0723,%,OK,2026-06-28 10:57:50,434,leitura,,,,
TQ-MIX-PT,2.02145,BAR,OK,2026-06-28 10:57:50,434,leitura,,,,
RES-Q-TT,74.1986,C,OK,2026-06-28 10:57:50,434,leitura,,,,
RES-F-TT,12.4897,C,OK,2026-06-28 10:57:50,434,leitura,,,,
,28.0,,,2026-06-28 10:57:50,434,atuador,BOMBA-Q,PRINCIPAL,,
,28.0,,,2026-06-28 10:57:50,434,atuador,BOMBA-F,PRINCIPAL,,
TQ-MIX-TT,74.4467,C,OK,2026-06-28 10:57:53,435,leitura,,,,
TQ-MIX-LT,50.9283,%,OK,2026-06-28 10:57:53,435,leitura,,,,
TQ-MIX-PT,2.01857,BAR,OK,2026-06-28 10:57:53,435,leitura,,,,
RES-Q-TT,74.4467,C,OK,2026-06-28 10:57:53,435,leitura,,,,
RES-F-TT,12.569,C,OK,2026-06-28 10:57:53,435,leitura,,,,
,28.0,,,2026-06-28 10:57:53,435,atuador,BOMBA-Q,PRINCIPAL,,
,28.0,,,2026-06-28 10:57:53,435,atuador,BOMBA-F,PRINCIPAL,,
TQ-MIX-TT,12.3544,C,OK,2026-06-28 10:57:56,436,leitura,,,,
TQ-MIX-LT,50.7843,%,OK,2026-06-28 10:57:56,436,leitura,,,,
TQ-MIX-PT,2.01569,BAR,OK,2026-06-28 10:57:56,436,leitura,,,,
RES-Q-TT,74.5457,C,OK,2026-06-28 10:57:56,436,leitura,,,,
RES-F-TT,12.3544,C,OK,2026-06-28 10:57:56,436,leitura,,,,
,28.0,,,2026-06-28 10:57:56,436,atuador,BOMBA-Q,PRINCIPAL,,
,28.0,,,2026-06-28 10:57:56,436,atuador,BOMBA-F,PRINCIPAL,,
TQ-MIX-TT,74.4717,C,OK,2026-06-28 10:57:59,437,leitura,,,,
TQ-MIX-LT,50.6403,%,OK,2026-06-28 10:57:59,437,leitura,,,,
TQ-MIX-PT,2.01281,BAR,OK,2026-06-28 10:57:59,437,leitura,,,,
RES-Q-TT,74.4717,C,OK,2026-06-28 10:57:59,437,leitura,,,,
RES-F-TT,12.4516,C,OK,2026-06-28 10:57:59,437,leitura,,,,
,28.0,,,2026-06-28 10:57:59,437,atuador,BOMBA-Q,PRINCIPAL,,
,28.0,,,2026-06-28 10:57:59,437,atuador,BOMBA-F,PRINCIPAL,,
TQ-MIX-TT,12.6857,C,OK,2026-06-28 10:58:02,438,leitura,,,,
TQ-MIX-LT,50.4963,%,OK,2026-06-28 10:58:02,438,leitura,,,,
TQ-MIX-PT,2.00993,BAR,OK,2026-06-28 10:58:02,438,leitura,,,,
RES-Q-TT,74.5587,C,OK,2026-06-28 10:58:02,438,leitura,,,,
RES-F-TT,12.6857,C,OK,2026-06-28 10:58:02,438,leitura,,,,
,28.0,,,2026-06-28 10:58:02,438,atuador,BOMBA-Q,PRINCIPAL,,
,28.0,,,2026-06-28 10:58:02,438,atuador,BOMBA-F,PRINCIPAL,,
TQ-MIX-TT,74.4058,C,OK,2026-06-28 10:58:05,439,leitura,,,,
TQ-MIX-LT,50.3523,%,OK,2026-06-28 10:58:05,439,leitura,,,,
TQ-MIX-PT,2.00705,BAR,OK,2026-06-28 10:58:05,439,leitura,,,,
RES-Q-TT,74.4058,C,OK,2026-06-28 10:58:05,439,leitura,,,,
RES-F-TT,12.7651,C,OK,2026-06-28 10:58:05,439,leitura,,,,
,28.0,,,2026-06-28 10:58:05,439,atuador,BOMBA-Q,PRINCIPAL,,
,28.0,,,2026-06-28 10:58:05,439,atuador,BOMBA-F,PRINCIPAL,,
TQ-MIX-TT,12.691,C,OK,2026-06-28 10:58:08,440,leitura,,,,
TQ-MIX-LT,50.2083,%,OK,2026-06-28 10:58:08,440,leitura,,,,
TQ-MIX-PT,2.00417,BAR,OK,2026-06-28 10:58:08,440,leitura,,,,
RES-Q-TT,74.2466,C,OK,2026-06-28 10:58:08,440,leitura,,,,
RES-F-TT,12.691,C,OK,2026-06-28 10:58:08,440,leitura,,,,
,28.0,,,2026-06-28 10:58:08,440,atuador,BOMBA-Q,PRINCIPAL,,
,28.0,,,2026-06-28 10:58:08,440,atuador,BOMBA-F,PRINCIPAL,,
TQ-MIX-TT,73.9923,C,OK,2026-06-28 10:58:11,441,leitura,,,,
TQ-MIX-LT,50.0643,%,OK,2026-06-28 10:58:11,441,leitura,,,,
TQ-MIX-PT,2.00129,BAR,OK,2026-06-28 10:58:11,441,leitura,,,,
RES-Q-TT,73.9923,C,OK,2026-06-28 10:58:11,441,leitura,,,,
RES-F-TT,12.9558,C,OK,2026-06-28 10:58:11,441,leitura,,,,
,28.0,,,2026-06-28 10:58:11,441,atuador,BOMBA-Q,PRINCIPAL,,
,28.0,,,2026-06-28 10:58:11,441,atuador,BOMBA-F,PRINCIPAL,,
TQ-MIX-TT,13.0904,C,OK,2026-06-28 10:58:14,442,leitura,,,,
TQ-MIX-LT,49.9203,%,OK,2026-06-28 10:58:14,442,leitura,,,,
TQ-MIX-PT,1.99841,BAR,OK,2026-06-28 10:58:14,442,leitura,,,,
RES-Q-TT,73.7728,C,OK,2026-06-28 10:58:14,442,leitura,,,,
RES-F-TT,13.0904,C,OK,2026-06-28 10:58:14,442,leitura,,,,
,28.0,,,2026-06-28 10:58:14,442,atuador,BOMBA-Q,PRINCIPAL,,
,28.0,,,2026-06-28 10:58:14,442,atuador,BOMBA-F,PRINCIPAL,,
TQ-MIX-TT,73.7306,C,OK,2026-06-28 10:58:17,443,leitura,,,,
TQ-MIX-LT,49.7763,%,OK,2026-06-28 10:58:17,443,leitura,,,,
TQ-MIX-PT,1.99553,BAR,OK,2026-06-28 10:58:17,443,leitura,,,,
RES-Q-TT,73.7306,C,OK,2026-06-28 10:58:17,443,leitura,,,,
RES-F-TT,12.8339,C,OK,2026-06-28 10:58:17,443,leitura,,,,
,28.0,,,2026-06-28 10:58:17,443,atuador,BOMBA-Q,PRINCIPAL,,
,28.0,,,2026-06-28 10:58:17,443,atuador,BOMBA-F,PRINCIPAL,,
TQ-MIX-TT,12.9496,C,OK,2026-06-28 10:58:20,444,leitura,,,,
TQ-MIX-LT,49.6323,%,OK,2026-06-28 10:58:20,444,leitura,,,,
TQ-MIX-PT,1.99265,BAR,OK,2026-06-28 10:58:20,444,leitura,,,,
RES-Q-TT,73.6963,C,OK,2026-06-28 10:58:20,444,leitura,,,,
RES-F-TT,12.9496,C,OK,2026-06-28 10:58:20,444,leitura,,,,
,28.0,,,2026-06-28 10:58:20,444,atuador,BOMBA-Q,PRINCIPAL,,
,28.0,,,2026-06-28 10:58:20,444,atuador,BOMBA-F,PRINCIPAL,,
TQ-MIX-TT,73.7177,C,OK,2026-06-28 10:58:23,445,leitura,,,,
TQ-MIX-LT,49.4883,%,OK,2026-06-28 10:58:23,445,leitura,,,,
TQ-MIX-PT,1.98977,BAR,OK,2026-06-28 10:58:23,445,leitura,,,,
RES-Q-TT,73.7177,C,OK,2026-06-28 10:58:23,445,leitura,,,,
RES-F-TT,13.023,C,OK,2026-06-28 10:58:23,445,leitura,,,,
,28.0,,,2026-06-28 10:58:23,445,atuador,BOMBA-Q,PRINCIPAL,,
,28.0,,,2026-06-28 10:58:23,445,atuador,BOMBA-F,PRINCIPAL,,
TQ-MIX-TT,13.0399,C,OK,2026-06-28 10:58:26,446,leitura,,,,
TQ-MIX-LT,49.3443,%,OK,2026-06-28 10:58:26,446,leitura,,,,
TQ-MIX-PT,1.98689,BAR,OK,2026-06-28 10:58:26,446,leitura,,,,
RES-Q-TT,73.5114,C,OK,2026-06-28 10:58:26,446,leitura,,,,
RES-F-TT,13.0399,C,OK,2026-06-28 10:58:26,446,leitura,,,,
,28.0,,,2026-06-28 10:58:26,446,atuador,BOMBA-Q,PRINCIPAL,,
,28.0,,,2026-06-28 10:58:26,446,atuador,BOMBA-F,PRINCIPAL,,
TQ-MIX-TT,61.5616,C,OK,2026-06-28 10:58:29,447,leitura,,,,
TQ-MIX-LT,49.4643,%,OK,2026-06-28 10:58:29,447,leitura,,,,
TQ-MIX-PT,1.98929,BAR,OK,2026-06-28 10:58:29,447,leitura,,,,
RES-Q-TT,73.6679,C,OK,2026-06-28 10:58:29,447,leitura,,,,
RES-F-TT,13.1364,C,OK,2026-06-28 10:58:29,447,leitura,,,,
,8.0,,,2026-06-28 10:58:29,447,atuador,BOMBA-Q,PRINCIPAL,,
,28.0,,,2026-06-28 10:58:29,447,atuador,BOMBA-F,PRINCIPAL,,
TQ-MIX-TT,41.0574,C,OK,2026-06-28 10:58:32,448,leitura,,,,
TQ-MIX-LT,49.7843,%,OK,2026-06-28 10:58:32,448,leitura,,,,
TQ-MIX-PT,1.99569,BAR,OK,2026-06-28 10:58:32,448,leitura,,,,
RES-Q-TT,73.6525,C,OK,2026-06-28 10:58:32,448,leitura,,,,
RES-F-TT,13.1187,C,OK,2026-06-28 10:58:32,448,leitura,,,,
,28.0,,,2026-06-28 10:58:32,448,atuador,BOMBA-Q,PRINCIPAL,,
,28.0,,,2026-06-28 10:58:32,448,atuador,BOMBA-F,PRINCIPAL,,
TQ-MIX-TT,61.6329,C,OK,2026-06-28 10:58:35,449,leitura,,,,
TQ-MIX-LT,50.7043,%,OK,2026-06-28 10:58:35,449,leitura,,,,
TQ-MIX-PT,2.01409,BAR,OK,2026-06-28 10:58:35,449,leitura,,,,
RES-Q-TT,73.7196,C,OK,2026-06-28 10:58:35,449,leitura,,,,
RES-F-TT,13.2861,C,OK,2026-06-28 10:58:35,449,leitura,,,,
,28.0,,,2026-06-28 10:58:35,449,atuador,BOMBA-Q,PRINCIPAL,,
,28.0,,,2026-06-28 10:58:35,449,atuador,BOMBA-F,PRINCIPAL,,
TQ-MIX-TT,58.7472,C,OK,2026-06-28 10:58:38,450,leitura,,,,
TQ-MIX-LT,51.6243,%,OK,2026-06-28 10:58:38,450,leitura,,,,
TQ-MIX-PT,2.03249,BAR,OK,2026-06-28 10:58:38,450,leitura,,,,
RES-Q-TT,73.8238,C,OK,2026-06-28 10:58:38,450,leitura,,,,
RES-F-TT,13.5173,C,OK,2026-06-28 10:58:38,450,leitura,,,,
,28.0,,,2026-06-28 10:58:38,450,atuador,BOMBA-Q,PRINCIPAL,,
,28.0,,,2026-06-28 10:58:38,450,atuador,BOMBA-F,PRINCIPAL,,
TQ-MIX-TT,61.8381,C,OK,2026-06-28 10:58:41,451,leitura,,,,
TQ-MIX-LT,52.5443,%,OK,2026-06-28 10:58:41,451,leitura,,,,
TQ-MIX-PT,2.05089,BAR,OK,2026-06-28 10:58:41,451,leitura,,,,
RES-Q-TT,73.8581,C,OK,2026-06-28 10:58:41,451,leitura,,,,
RES-F-TT,13.7578,C,OK,2026-06-28 10:58:41,451,leitura,,,,
,28.0,,,2026-06-28 10:58:41,451,atuador,BOMBA-Q,PRINCIPAL,,
,28.0,,,2026-06-28 10:58:41,451,atuador,BOMBA-F,PRINCIPAL,,
TQ-MIX-TT,58.7958,C,OK,2026-06-28 10:58:44,452,leitura,,,,
TQ-MIX-LT,53.4643,%,OK,2026-06-28 10:58:44,452,leitura,,,,
TQ-MIX-PT,2.06929,BAR,OK,2026-06-28 10:58:44,452,leitura,,,,
RES-Q-TT,73.8138,C,OK,2026-06-28 10:58:44,452,leitura,,,,
RES-F-TT,13.7418,C,OK,2026-06-28 10:58:44,452,leitura,,,,
,28.0,,,2026-06-28 10:58:44,452,atuador,BOMBA-Q,PRINCIPAL,,
,28.0,,,2026-06-28 10:58:44,452,atuador,BOMBA-F,PRINCIPAL,,
TQ-MIX-TT,61.6242,C,OK,2026-06-28 10:58:47,453,leitura,,,,
TQ-MIX-LT,54.3843,%,OK,2026-06-28 10:58:47,453,leitura,,,,
TQ-MIX-PT,2.08769,BAR,OK,2026-06-28 10:58:47,453,leitura,,,,
RES-Q-TT,73.6023,C,OK,2026-06-28 10:58:47,453,leitura,,,,
RES-F-TT,13.7115,C,OK,2026-06-28 10:58:47,453,leitura,,,,
,28.0,,,2026-06-28 10:58:47,453,atuador,BOMBA-Q,PRINCIPAL,,
,28.0,,,2026-06-28 10:58:47,453,atuador,BOMBA-F,PRINCIPAL,,
TQ-MIX-TT,58.5524,C,OK,2026-06-28 10:58:50,454,leitura,,,,
TQ-MIX-LT,55.3043,%,OK,2026-06-28 10:58:50,454,leitura,,,,
TQ-MIX-PT,2.10609,BAR,OK,2026-06-28 10:58:50,454,leitura,,,,
RES-Q-TT,73.5978,C,OK,2026-06-28 10:58:50,454,leitura,,,,
RES-F-TT,13.4162,C,OK,2026-06-28 10:58:50,454,leitura,,,,
,28.0,,,2026-06-28 10:58:50,454,atuador,BOMBA-Q,PRINCIPAL,,
,28.0,,,2026-06-28 10:58:50,454,atuador,BOMBA-F,PRINCIPAL,,
TQ-MIX-TT,61.7608,C,OK,2026-06-28 10:58:53,455,leitura,,,,
TQ-MIX-LT,56.2243,%,OK,2026-06-28 10:58:53,455,leitura,,,,
TQ-MIX-PT,2.12449,BAR,OK,2026-06-28 10:58:53,455,leitura,,,,
RES-Q-TT,73.8854,C,OK,2026-06-28 10:58:53,455,leitura,,,,
RES-F-TT,13.2625,C,OK,2026-06-28 10:58:53,455,leitura,,,,
,28.0,,,2026-06-28 10:58:53,455,atuador,BOMBA-Q,PRINCIPAL,,
,28.0,,,2026-06-28 10:58:53,455,atuador,BOMBA-F,PRINCIPAL,,
TQ-MIX-TT,58.4786,C,OK,2026-06-28 10:58:56,456,leitura,,,,
TQ-MIX-LT,57.1443,%,OK,2026-06-28 10:58:56,456,leitura,,,,
TQ-MIX-PT,2.14289,BAR,OK,2026-06-28 10:58:56,456,leitura,,,,
RES-Q-TT,73.6093,C,OK,2026-06-28 10:58:56,456,leitura,,,,
RES-F-TT,13.0864,C,OK,2026-06-28 10:58:56,456,leitura,,,,
,28.0,,,2026-06-28 10:58:56,456,atuador,BOMBA-Q,PRINCIPAL,,
,28.0,,,2026-06-28 10:58:56,456,atuador,BOMBA-F,PRINCIPAL,,
TQ-MIX-TT,61.4886,C,OK,2026-06-28 10:58:59,457,leitura,,,,
TQ-MIX-LT,58.0643,%,OK,2026-06-28 10:58:59,457,leitura,,,,
TQ-MIX-PT,2.16129,BAR,OK,2026-06-28 10:58:59,457,leitura,,,,
RES-Q-TT,73.6145,C,OK,2026-06-28 10:58:59,457,leitura,,,,
RES-F-TT,12.9848,C,OK,2026-06-28 10:58:59,457,leitura,,,,
,28.0,,,2026-06-28 10:58:59,457,atuador,BOMBA-Q,PRINCIPAL,,
,28.0,,,2026-06-28 10:58:59,457,atuador,BOMBA-F,PRINCIPAL,,
TQ-MIX-TT,58.6357,C,OK,2026-06-28 10:59:02,458,leitura,,,,
TQ-MIX-LT,58.9843,%,OK,2026-06-28 10:59:02,458,leitura,,,,
TQ-MIX-PT,2.17969,BAR,OK,2026-06-28 10:59:02,458,leitura,,,,
RES-Q-TT,73.8483,C,OK,2026-06-28 10:59:02,458,leitura,,,,
RES-F-TT,12.9977,C,OK,2026-06-28 10:59:02,458,leitura,,,,
,28.0,,,2026-06-28 10:59:02,458,atuador,BOMBA-Q,PRINCIPAL,,
,28.0,,,2026-06-28 10:59:02,458,atuador,BOMBA-F,PRINCIPAL,,
TQ-MIX-TT,61.5812,C,OK,2026-06-28 10:59:05,459,leitura,,,,
TQ-MIX-LT,59.9043,%,OK,2026-06-28 10:59:05,459,leitura,,,,
TQ-MIX-PT,2.19809,BAR,OK,2026-06-28 10:59:05,459,leitura,,,,
RES-Q-TT,73.7811,C,OK,2026-06-28 10:59:05,459,leitura,,,,
RES-F-TT,12.7817,C,OK,2026-06-28 10:59:05,459,leitura,,,,
,28.0,,,2026-06-28 10:59:05,459,atuador,BOMBA-Q,PRINCIPAL,,
,28.0,,,2026-06-28 10:59:05,459,atuador,BOMBA-F,PRINCIPAL,,
TQ-MIX-TT,58.6577,C,OK,2026-06-28 10:59:08,460,leitura,,,,
TQ-MIX-LT,60.8243,%,OK,2026-06-28 10:59:08,460,leitura,,,,
TQ-MIX-PT,2.21649,BAR,OK,2026-06-28 10:59:08,460,leitura,,,,
RES-Q-TT,74.0403,C,OK,2026-06-28 10:59:08,460,leitura,,,,
RES-F-TT,12.5097,C,OK,2026-06-28 10:59:08,460,leitura,,,,
,28.0,,,2026-06-28 10:59:08,460,atuador,BOMBA-Q,PRINCIPAL,,
,28.0,,,2026-06-28 10:59:08,460,atuador,BOMBA-F,PRINCIPAL,,
TQ-MIX-TT,61.584,C,OK,2026-06-28 10:59:11,461,leitura,,,,
TQ-MIX-LT,61.7443,%,OK,2026-06-28 10:59:11,461,leitura,,,,
TQ-MIX-PT,2.23489,BAR,OK,2026-06-28 10:59:11,461,leitura,,,,
RES-Q-TT,73.857,C,OK,2026-06-28 10:59:11,461,leitura,,,,
RES-F-TT,12.492,C,OK,2026-06-28 10:59:11,461,leitura,,,,
,28.0,,,2026-06-28 10:59:11,461,atuador,BOMBA-Q,PRINCIPAL,,
,28.0,,,2026-06-28 10:59:11,461,atuador,BOMBA-F,PRINCIPAL,,
TQ-MIX-TT,58.2628,C,OK,2026-06-28 10:59:14,462,leitura,,,,
TQ-MIX-LT,62.6643,%,OK,2026-06-28 10:59:14,462,leitura,,,,
TQ-MIX-PT,2.25329,BAR,OK,2026-06-28 10:59:14,462,leitura,,,,
RES-Q-TT,73.5642,C,OK,2026-06-28 10:59:14,462,leitura,,,,
RES-F-TT,12.3587,C,OK,2026-06-28 10:59:14,462,leitura,,,,
,28.0,,,2026-06-28 10:59:14,462,atuador,BOMBA-Q,PRINCIPAL,,
,28.0,,,2026-06-28 10:59:14,462,atuador,BOMBA-F,PRINCIPAL,,
TQ-MIX-TT,61.4365,C,OK,2026-06-28 10:59:17,463,leitura,,,,
TQ-MIX-LT,63.5843,%,OK,2026-06-28 10:59:17,463,leitura,,,,
TQ-MIX-PT,2.27169,BAR,OK,2026-06-28 10:59:17,463,leitura,,,,
RES-Q-TT,73.7473,C,OK,2026-06-28 10:59:17,463,leitura,,,,
RES-F-TT,12.1933,C,OK,2026-06-28 10:59:17,463,leitura,,,,
,28.0,,,2026-06-28 10:59:17,463,atuador,BOMBA-Q,PRINCIPAL,,
,28.0,,,2026-06-28 10:59:17,463,atuador,BOMBA-F,PRINCIPAL,,
TQ-MIX-TT,58.1751,C,OK,2026-06-28 10:59:20,464,leitura,,,,
TQ-MIX-LT,64.5043,%,OK,2026-06-28 10:59:20,464,leitura,,,,
TQ-MIX-PT,2.29009,BAR,OK,2026-06-28 10:59:20,464,leitura,,,,
RES-Q-TT,73.5505,C,OK,2026-06-28 10:59:20,464,leitura,,,,
RES-F-TT,12.0488,C,OK,2026-06-28 10:59:20,464,leitura,,,,
,28.0,,,2026-06-28 10:59:20,464,atuador,BOMBA-Q,PRINCIPAL,,
,28.0,,,2026-06-28 10:59:20,464,atuador,BOMBA-F,PRINCIPAL,,
TQ-MIX-TT,61.3179,C,OK,2026-06-28 10:59:23,465,leitura,,,,
TQ-MIX-LT,65.4243,%,OK,2026-06-28 10:59:23,465,leitura,,,,
TQ-MIX-PT,2.30849,BAR,OK,2026-06-28 10:59:23,465,leitura,,,,
RES-Q-TT,73.6797,C,OK,2026-06-28 10:59:23,465,leitura,,,,
RES-F-TT,11.8706,C,OK,2026-06-28 10:59:23,465,leitura,,,,
,28.0,,,2026-06-28 10:59:23,465,atuador,BOMBA-Q,PRINCIPAL,,
,28.0,,,2026-06-28 10:59:23,465,atuador,BOMBA-F,PRINCIPAL,,
TQ-MIX-TT,58.4612,C,OK,2026-06-28 10:59:26,466,leitura,,,,
TQ-MIX-LT,66.3443,%,OK,2026-06-28 10:59:26,466,leitura,,,,
TQ-MIX-PT,2.32689,BAR,OK,2026-06-28 10:59:26,466,leitura,,,,
RES-Q-TT,73.9507,C,OK,2026-06-28 10:59:26,466,leitura,,,,
RES-F-TT,11.9929,C,OK,2026-06-28 10:59:26,466,leitura,,,,
,28.0,,,2026-06-28 10:59:26,466,atuador,BOMBA-Q,PRINCIPAL,,
,28.0,,,2026-06-28 10:59:26,466,atuador,BOMBA-F,PRINCIPAL,,
TQ-MIX-TT,61.6891,C,OK,2026-06-28 10:59:29,467,leitura,,,,
TQ-MIX-LT,67.2643,%,OK,2026-06-28 10:59:29,467,leitura,,,,
TQ-MIX-PT,2.34529,BAR,OK,2026-06-28 10:59:29,467,leitura,,,,
RES-Q-TT,74.0476,C,OK,2026-06-28 10:59:29,467,leitura,,,,
RES-F-TT,12.2549,C,OK,2026-06-28 10:59:29,467,leitura,,,,
,28.0,,,2026-06-28 10:59:29,467,atuador,BOMBA-Q,PRINCIPAL,,
,28.0,,,2026-06-28 10:59:29,467,atuador,BOMBA-F,PRINCIPAL,,
TQ-MIX-TT,58.7224,C,OK,2026-06-28 10:59:32,468,leitura,,,,
TQ-MIX-LT,68.1843,%,OK,2026-06-28 10:59:32,468,leitura,,,,
TQ-MIX-PT,2.36369,BAR,OK,2026-06-28 10:59:32,468,leitura,,,,
RES-Q-TT,74.228,C,OK,2026-06-28 10:59:32,468,leitura,,,,
RES-F-TT,12.2058,C,OK,2026-06-28 10:59:32,468,leitura,,,,
,28.0,,,2026-06-28 10:59:32,468,atuador,BOMBA-Q,PRINCIPAL,,
,28.0,,,2026-06-28 10:59:32,468,atuador,BOMBA-F,PRINCIPAL,,
TQ-MIX-TT,61.975,C,OK,2026-06-28 10:59:35,469,leitura,,,,
TQ-MIX-LT,69.1043,%,OK,2026-06-28 10:59:35,469,leitura,,,,
TQ-MIX-PT,2.38209,BAR,OK,2026-06-28 10:59:35,469,leitura,,,,
RES-Q-TT,74.4559,C,OK,2026-06-28 10:59:35,469,leitura,,,,
RES-F-TT,12.0516,C,OK,2026-06-28 10:59:35,469,leitura,,,,
,28.0,,,2026-06-28 10:59:35,469,atuador,BOMBA-Q,PRINCIPAL,,
,28.0,,,2026-06-28 10:59:35,469,atuador,BOMBA-F,PRINCIPAL,,
TQ-MIX-TT,58.7606,C,OK,2026-06-28 10:59:38,470,leitura,,,,
TQ-MIX-LT,70.0243,%,OK,2026-06-28 10:59:38,470,leitura,,,,
TQ-MIX-PT,2.40049,BAR,OK,2026-06-28 10:59:38,470,leitura,,,,
RES-Q-TT,74.4049,C,OK,2026-06-28 10:59:38,470,leitura,,,,
RES-F-TT,11.8277,C,OK,2026-06-28 10:59:38,470,leitura,,,,
,28.0,,,2026-06-28 10:59:38,470,atuador,BOMBA-Q,PRINCIPAL,,
,28.0,,,2026-06-28 10:59:38,470,atuador,BOMBA-F,PRINCIPAL,,
TQ-MIX-TT,62.0184,C,OK,2026-06-28 10:59:41,471,leitura,,,,
TQ-MIX-LT,70.9443,%,OK,2026-06-28 10:59:41,471,leitura,,,,
TQ-MIX-PT,2.41889,BAR,OK,2026-06-28 10:59:41,471,leitura,,,,
RES-Q-TT,74.6324,C,OK,2026-06-28 10:59:41,471,leitura,,,,
RES-F-TT,11.562,C,OK,2026-06-28 10:59:41,471,leitura,,,,
,28.0,,,2026-06-28 10:59:41,471,atuador,BOMBA-Q,PRINCIPAL,,
,28.0,,,2026-06-28 10:59:41,471,atuador,BOMBA-F,PRINCIPAL,,
TQ-MIX-TT,59.0239,C,OK,2026-06-28 10:59:44,472,leitura,,,,
TQ-MIX-LT,71.8643,%,OK,2026-06-28 10:59:44,472,leitura,,,,
TQ-MIX-PT,2.43729,BAR,OK,2026-06-28 10:59:44,472,leitura,,,,
RES-Q-TT,74.8619,C,OK,2026-06-28 10:59:44,472,leitura,,,,
RES-F-TT,11.5101,C,OK,2026-06-28 10:59:44,472,leitura,,,,
,28.0,,,2026-06-28 10:59:44,472,atuador,BOMBA-Q,PRINCIPAL,,
,28.0,,,2026-06-28 10:59:44,472,atuador,BOMBA-F,PRINCIPAL,,
TQ-MIX-TT,59.1506,C,OK,2026-06-28 10:59:47,473,leitura,,,,
TQ-MIX-LT,72.7843,%,OK,2026-06-28 10:59:47,473,leitura,,,,
TQ-MIX-PT,2.45569,BAR,OK,2026-06-28 10:59:47,473,leitura,,,,
RES-Q-TT,74.9409,C,OK,2026-06-28 10:59:47,473,leitura,,,,
RES-F-TT,11.7799,C,OK,2026-06-28 10:59:47,473,leitura,,,,
,28.0,,,2026-06-28 10:59:47,473,atuador,BOMBA-Q,PRINCIPAL,,
,28.0,,,2026-06-28 10:59:47,473,atuador,BOMBA-F,PRINCIPAL,,
TQ-MIX-TT,59.1509,C,OK,2026-06-28 10:59:50,474,leitura,,,,
TQ-MIX-LT,73.7043,%,OK,2026-06-28 10:59:50,474,leitura,,,,
TQ-MIX-PT,2.47409,BAR,OK,2026-06-28 10:59:50,474,leitura,,,,
RES-Q-TT,74.9541,C,OK,2026-06-28 10:59:50,474,leitura,,,,
RES-F-TT,11.7415,C,OK,2026-06-28 10:59:50,474,leitura,,,,
,28.0,,,2026-06-28 10:59:50,474,atuador,BOMBA-Q,PRINCIPAL,,
,28.0,,,2026-06-28 10:59:50,474,atuador,BOMBA-F,PRINCIPAL,,
TQ-MIX-TT,59.1454,C,OK,2026-06-28 10:59:53,475,leitura,,,,
TQ-MIX-LT,74.6243,%,OK,2026-06-28 10:59:53,475,leitura,,,,
TQ-MIX-PT,2.49249,BAR,OK,2026-06-28 10:59:53,475,leitura,,,,
RES-Q-TT,75.027,C,OK,2026-06-28 10:59:53,475,leitura,,,,
RES-F-TT,11.5007,C,OK,2026-06-28 10:59:53,475,leitura,,,,
,28.0,,,2026-06-28 10:59:53,475,atuador,BOMBA-Q,PRINCIPAL,,
,28.0,,,2026-06-28 10:59:53,475,atuador,BOMBA-F,PRINCIPAL,,
TQ-MIX-TT,59.1751,C,OK,2026-06-28 10:59:56,476,leitura,,,,
TQ-MIX-LT,75.5443,%,OK,2026-06-28 10:59:56,476,leitura,,,,
TQ-MIX-PT,2.51089,BAR,OK,2026-06-28 10:59:56,476,leitura,,,,
RES-Q-TT,74.9883,C,OK,2026-06-28 10:59:56,476,leitura,,,,
RES-F-TT,11.7354,C,OK,2026-06-28 10:59:56,476,leitura,,,,
,28.0,,,2026-06-28 10:59:56,476,atuador,BOMBA-Q,PRINCIPAL,,
,28.0,,,2026-06-28 10:59:56,476,atuador,BOMBA-F,PRINCIPAL,,
TQ-MIX-TT,59.0819,C,OK,2026-06-28 10:59:59,477,leitura,,,,
TQ-MIX-LT,76.4643,%,OK,2026-06-28 10:59:59,477,leitura,,,,
TQ-MIX-PT,2.52929,BAR,OK,2026-06-28 10:59:59,477,leitura,,,,
RES-Q-TT,74.9427,C,OK,2026-06-28 10:59:59,477,leitura,,,,
RES-F-TT,11.4994,C,OK,2026-06-28 10:59:59,477,leitura,,,,
,28.0,,,2026-06-28 10:59:59,477,atuador,BOMBA-Q,PRINCIPAL,,
,28.0,,,2026-06-28 10:59:59,477,atuador,BOMBA-F,PRINCIPAL,,
TQ-MIX-TT,64.5529,C,OK,2026-06-28 11:00:02,478,leitura,,,,
TQ-MIX-LT,77.2243,%,OK,2026-06-28 11:00:02,478,leitura,,,,
TQ-MIX-PT,2.54449,BAR,OK,2026-06-28 11:00:02,478,leitura,,,,
RES-Q-TT,75.2176,C,OK,2026-06-28 11:00:02,478,leitura,,,,
RES-F-TT,11.2292,C,OK,2026-06-28 11:00:02,478,leitura,,,,
,40.0,,,2026-06-28 11:00:02,478,atuador,BOMBA-Q,PRINCIPAL,,
,28.0,,,2026-06-28 11:00:02,478,atuador,BOMBA-F,PRINCIPAL,,
TQ-MIX-TT,45.4601,C,OK,2026-06-28 11:00:05,479,leitura,,,,
TQ-MIX-LT,78.3603,%,OK,2026-06-28 11:00:05,479,leitura,,,,
TQ-MIX-PT,2.56721,BAR,OK,2026-06-28 11:00:05,479,leitura,,,,
RES-Q-TT,74.9464,C,OK,2026-06-28 11:00:05,479,leitura,,,,
RES-F-TT,10.9956,C,OK,2026-06-28 11:00:05,479,leitura,,,,
,40.0,,,2026-06-28 11:00:05,479,atuador,BOMBA-Q,PRINCIPAL,,
,28.0,,,2026-06-28 11:00:05,479,atuador,BOMBA-F,PRINCIPAL,,
TQ-MIX-TT,45.5974,C,OK,2026-06-28 11:00:08,480,leitura,,,,
TQ-MIX-LT,79.4963,%,OK,2026-06-28 11:00:08,480,leitura,,,,
TQ-MIX-PT,2.58993,BAR,OK,2026-06-28 11:00:08,480,leitura,,,,
RES-Q-TT,75.2032,C,OK,2026-06-28 11:00:08,480,leitura,,,,
RES-F-TT,10.9933,C,OK,2026-06-28 11:00:08,480,leitura,,,,
,40.0,,,2026-06-28 11:00:08,480,atuador,BOMBA-Q,PRINCIPAL,,
,28.0,,,2026-06-28 11:00:08,480,atuador,BOMBA-F,PRINCIPAL,,
TQ-MIX-TT,45.5173,C,OK,2026-06-28 11:00:11,481,leitura,,,,
TQ-MIX-LT,80.6323,%,OK,2026-06-28 11:00:11,481,leitura,,,,
TQ-MIX-PT,2.61265,BAR,OK,2026-06-28 11:00:11,481,leitura,,,,
RES-Q-TT,75.2553,C,OK,2026-06-28 11:00:11,481,leitura,,,,
RES-F-TT,10.7587,C,OK,2026-06-28 11:00:11,481,leitura,,,,
,40.0,,,2026-06-28 11:00:11,481,atuador,BOMBA-Q,PRINCIPAL,,
,28.0,,,2026-06-28 11:00:11,481,atuador,BOMBA-F,PRINCIPAL,,
TQ-MIX-TT,45.5173,C,OK,2026-06-28 11:00:14,482,leitura,,,,
TQ-MIX-LT,80.4323,%,OK,2026-06-28 11:00:14,482,leitura,,,,
TQ-MIX-PT,2.60865,BAR,OK,2026-06-28 11:00:14,482,leitura,,,,
RES-Q-TT,75.0082,C,OK,2026-06-28 11:00:14,482,leitura,,,,
RES-F-TT,10.9418,C,OK,2026-06-28 11:00:14,482,leitura,,,,
,0.0,,,2026-06-28 11:00:14,482,atuador,BOMBA-Q,PRINCIPAL,,
,0.0,,,2026-06-28 11:00:14,482,atuador,BOMBA-F,PRINCIPAL,,
TQ-MIX-TT,45.5173,C,OK,2026-06-28 11:00:17,483,leitura,,,,
TQ-MIX-LT,80.2323,%,OK,2026-06-28 11:00:17,483,leitura,,,,
TQ-MIX-PT,2.60465,BAR,OK,2026-06-28 11:00:17,483,leitura,,,,
RES-Q-TT,74.8279,C,OK,2026-06-28 11:00:17,483,leitura,,,,
RES-F-TT,11.082,C,OK,2026-06-28 11:00:17,483,leitura,,,,
,0.0,,,2026-06-28 11:00:17,483,atuador,BOMBA-Q,PRINCIPAL,,
,0.0,,,2026-06-28 11:00:17,483,atuador,BOMBA-F,PRINCIPAL,,
TQ-MIX-TT,45.5173,C,OK,2026-06-28 11:00:20,484,leitura,,,,
TQ-MIX-LT,80.0323,%,OK,2026-06-28 11:00:20,484,leitura,,,,
TQ-MIX-PT,2.60065,BAR,OK,2026-06-28 11:00:20,484,leitura,,,,
RES-Q-TT,74.7924,C,OK,2026-06-28 11:00:20,484,leitura,,,,
RES-F-TT,11.0421,C,OK,2026-06-28 11:00:20,484,leitura,,,,
,0.0,,,2026-06-28 11:00:20,484,atuador,BOMBA-Q,PRINCIPAL,,
,0.0,,,2026-06-28 11:00:20,484,atuador,BOMBA-F,PRINCIPAL,,
TQ-MIX-TT,45.5173,C,OK,2026-06-28 11:00:23,485,leitura,,,,
TQ-MIX-LT,79.8323,%,OK,2026-06-28 11:00:23,485,leitura,,,,
TQ-MIX-PT,2.59665,BAR,OK,2026-06-28 11:00:23,485,leitura,,,,
RES-Q-TT,75.0039,C,OK,2026-06-28 11:00:23,485,leitura,,,,
RES-F-TT,10.8272,C,OK,2026-06-28 11:00:23,485,leitura,,,,
,0.0,,,2026-06-28 11:00:23,485,atuador,BOMBA-Q,PRINCIPAL,,
,0.0,,,2026-06-28 11:00:23,485,atuador,BOMBA-F,PRINCIPAL,,
TQ-MIX-TT,45.5173,C,OK,2026-06-28 11:00:26,486,leitura,,,,
TQ-MIX-LT,79.6323,%,OK,2026-06-28 11:00:26,486,leitura,,,,
TQ-MIX-PT,2.59265,BAR,OK,2026-06-28 11:00:26,486,leitura,,,,
RES-Q-TT,75.268,C,OK,2026-06-28 11:00:26,486,leitura,,,,
RES-F-TT,10.6338,C,OK,2026-06-28 11:00:26,486,leitura,,,,
,0.0,,,2026-06-28 11:00:26,486,atuador,BOMBA-Q,PRINCIPAL,,
,0.0,,,2026-06-28 11:00:26,486,atuador,BOMBA-F,PRINCIPAL,,
TQ-MIX-TT,45.5173,C,OK,2026-06-28 11:00:29,487,leitura,,,,
TQ-MIX-LT,79.4323,%,OK,2026-06-28 11:00:29,487,leitura,,,,
TQ-MIX-PT,2.58865,BAR,OK,2026-06-28 11:00:29,487,leitura,,,,
RES-Q-TT,74.8768,C,OK,2026-06-28 11:00:29,487,leitura,,,,
RES-F-TT,10.7313,C,OK,2026-06-28 11:00:29,487,leitura,,,,
,0.0,,,2026-06-28 11:00:29,487,atuador,BOMBA-Q,PRINCIPAL,,
,0.0,,,2026-06-28 11:00:29,487,atuador,BOMBA-F,PRINCIPAL,,
TQ-MIX-TT,45.5173,C,OK,2026-06-28 11:00:32,488,leitura,,,,
TQ-MIX-LT,79.2323,%,OK,2026-06-28 11:00:32,488,leitura,,,,
TQ-MIX-PT,2.58465,BAR,OK,2026-06-28 11:00:32,488,leitura,,,,
RES-Q-TT,75.0731,C,OK,2026-06-28 11:00:32,488,leitura,,,,
RES-F-TT,10.9817,C,OK,2026-06-28 11:00:32,488,leitura,,,,
,0.0,,,2026-06-28 11:00:32,488,atuador,BOMBA-Q,PRINCIPAL,,
,0.0,,,2026-06-28 11:00:32,488,atuador,BOMBA-F,PRINCIPAL,,
TQ-MIX-TT,45.5173,C,OK,2026-06-28 11:00:35,489,leitura,,,,
TQ-MIX-LT,79.0323,%,OK,2026-06-28 11:00:35,489,leitura,,,,
TQ-MIX-PT,2.58065,BAR,OK,2026-06-28 11:00:35,489,leitura,,,,
RES-Q-TT,75.0907,C,OK,2026-06-28 11:00:35,489,leitura,,,,
RES-F-TT,11.2403,C,OK,2026-06-28 11:00:35,489,leitura,,,,
,0.0,,,2026-06-28 11:00:35,489,atuador,BOMBA-Q,PRINCIPAL,,
,0.0,,,2026-06-28 11:00:35,489,atuador,BOMBA-F,PRINCIPAL,,
TQ-MIX-TT,45.5173,C,OK,2026-06-28 11:00:38,490,leitura,,,,
TQ-MIX-LT,78.8323,%,OK,2026-06-28 11:00:38,490,leitura,,,,
TQ-MIX-PT,2.57665,BAR,OK,2026-06-28 11:00:38,490,leitura,,,,
RES-Q-TT,74.7158,C,OK,2026-06-28 11:00:38,490,leitura,,,,
RES-F-TT,11.3361,C,OK,2026-06-28 11:00:38,490,leitura,,,,
,0.0,,,2026-06-28 11:00:38,490,atuador,BOMBA-Q,PRINCIPAL,,
,0.0,,,2026-06-28 11:00:38,490,atuador,BOMBA-F,PRINCIPAL,,
TQ-MIX-TT,62.1114,C,OK,2026-06-28 11:00:41,491,leitura,,,,
TQ-MIX-LT,78.9523,%,OK,2026-06-28 11:00:41,491,leitura,,,,
TQ-MIX-PT,2.57905,BAR,OK,2026-06-28 11:00:41,491,leitura,,,,
RES-Q-TT,74.7692,C,OK,2026-06-28 11:00:41,491,leitura,,,,
RES-F-TT,11.4802,C,OK,2026-06-28 11:00:41,491,leitura,,,,
,8.0,,,2026-06-28 11:00:41,491,atuador,BOMBA-Q,PRINCIPAL,,
,28.0,,,2026-06-28 11:00:41,491,atuador,BOMBA-F,PRINCIPAL,,
TQ-MIX-TT,40.6128,C,OK,2026-06-28 11:00:44,492,leitura,,,,
TQ-MIX-LT,79.2723,%,OK,2026-06-28 11:00:44,492,leitura,,,,
TQ-MIX-PT,2.58545,BAR,OK,2026-06-28 11:00:44,492,leitura,,,,
RES-Q-TT,74.6788,C,OK,2026-06-28 11:00:44,492,leitura,,,,
RES-F-TT,11.4133,C,OK,2026-06-28 11:00:44,492,leitura,,,,
,28.0,,,2026-06-28 11:00:44,492,atuador,BOMBA-Q,PRINCIPAL,,
,28.0,,,2026-06-28 11:00:44,492,atuador,BOMBA-F,PRINCIPAL,,
TQ-MIX-TT,62.2356,C,OK,2026-06-28 11:00:47,493,leitura,,,,
TQ-MIX-LT,80.1923,%,OK,2026-06-28 11:00:47,493,leitura,,,,
TQ-MIX-PT,2.60385,BAR,OK,2026-06-28 11:00:47,493,leitura,,,,
RES-Q-TT,74.9095,C,OK,2026-06-28 11:00:47,493,leitura,,,,
RES-F-TT,11.5401,C,OK,2026-06-28 11:00:47,493,leitura,,,,
,28.0,,,2026-06-28 11:00:47,493,atuador,BOMBA-Q,PRINCIPAL,,
,28.0,,,2026-06-28 11:00:47,493,atuador,BOMBA-F,PRINCIPAL,,
TQ-MIX-TT,59.0634,C,OK,2026-06-28 11:00:50,494,leitura,,,,
TQ-MIX-LT,81.1123,%,OK,2026-06-28 11:00:50,494,leitura,,,,
TQ-MIX-PT,2.62225,BAR,OK,2026-06-28 11:00:50,494,leitura,,,,
RES-Q-TT,74.9175,C,OK,2026-06-28 11:00:50,494,leitura,,,,
RES-F-TT,11.5013,C,OK,2026-06-28 11:00:50,494,leitura,,,,
,28.0,,,2026-06-28 11:00:50,494,atuador,BOMBA-Q,PRINCIPAL,,
,28.0,,,2026-06-28 11:00:50,494,atuador,BOMBA-F,PRINCIPAL,,
TQ-MIX-TT,58.972,C,OK,2026-06-28 11:00:53,495,leitura,,,,
TQ-MIX-LT,82.0323,%,OK,2026-06-28 11:00:53,495,leitura,,,,
TQ-MIX-PT,2.64065,BAR,OK,2026-06-28 11:00:53,495,leitura,,,,
RES-Q-TT,74.7516,C,OK,2026-06-28 11:00:53,495,leitura,,,,
RES-F-TT,11.6333,C,OK,2026-06-28 11:00:53,495,leitura,,,,
,28.0,,,2026-06-28 11:00:53,495,atuador,BOMBA-Q,PRINCIPAL,,
,28.0,,,2026-06-28 11:00:53,495,atuador,BOMBA-F,PRINCIPAL,,
TQ-MIX-TT,62.2118,C,ALARME,2026-06-28 11:00:56,496,leitura,,,,
TQ-MIX-LT,82.9523,%,ALARME,2026-06-28 11:00:56,496,leitura,,,,
TQ-MIX-PT,2.65905,BAR,OK,2026-06-28 11:00:56,496,leitura,,,,
RES-Q-TT,74.9097,C,OK,2026-06-28 11:00:56,496,leitura,,,,
RES-F-TT,11.4199,C,OK,2026-06-28 11:00:56,496,leitura,,,,
,28.0,,,2026-06-28 11:00:56,496,atuador,BOMBA-Q,PRINCIPAL,,
,28.0,,,2026-06-28 11:00:56,496,atuador,BOMBA-F,PRINCIPAL,,
,,,,2026-06-28 11:00:56,496,alarme,,,NIVEL_ALTO,media
TQ-MIX-TT,60.747,C,ALARME,2026-06-28 11:00:59,497,leitura,,,,
TQ-MIX-LT,83.7603,%,ALARME,2026-06-28 11:00:59,497,leitura,,,,
TQ-MIX-PT,2.67521,BAR,OK,2026-06-28 11:00:59,497,leitura,,,,
RES-Q-TT,74.769,C,OK,2026-06-28 11:00:59,497,leitura,,,,
RES-F-TT,11.6699,C,OK,2026-06-28 11:00:59,497,leitura,,,,
,28.0,,,2026-06-28 11:00:59,497,atuador,BOMBA-Q,PRINCIPAL,,
,28.0,,,2026-06-28 11:00:59,497,atuador,BOMBA-F,PRINCIPAL,,
,,,,2026-06-28 11:00:59,497,alarme,,,NIVEL_ALTO,media
TQ-MIX-TT,62.8835,C,ALARME,2026-06-28 11:01:02,498,leitura,,,,
TQ-MIX-LT,84.4563,%,ALARME,2026-06-28 11:01:02,498,leitura,,,,
TQ-MIX-PT,2.68913,BAR,OK,2026-06-28 11:01:02,498,leitura,,,,
RES-Q-TT,74.6328,C,OK,2026-06-28 11:01:02,498,leitura,,,,
RES-F-TT,11.9696,C,OK,2026-06-28 11:01:02,498,leitura,,,,
,28.0,,,2026-06-28 11:01:02,498,atuador,BOMBA-Q,PRINCIPAL,,
,28.0,,,2026-06-28 11:01:02,498,atuador,BOMBA-F,PRINCIPAL,,
,,,,2026-06-28 11:01:02,498,alarme,,,NIVEL_ALTO,media
TQ-MIX-TT,60.9703,C,ALARME,2026-06-28 11:01:05,499,leitura,,,,
TQ-MIX-LT,85.0403,%,ALARME,2026-06-28 11:01:05,499,leitura,,,,
TQ-MIX-PT,2.70081,BAR,OK,2026-06-28 11:01:05,499,leitura,,,,
RES-Q-TT,74.3756,C,OK,2026-06-28 11:01:05,499,leitura,,,,
RES-F-TT,11.8174,C,OK,2026-06-28 11:01:05,499,leitura,,,,
,28.0,,,2026-06-28 11:01:05,499,atuador,BOMBA-Q,PRINCIPAL,,
,28.0,,,2026-06-28 11:01:05,499,atuador,BOMBA-F,PRINCIPAL,,
,,,,2026-06-28 11:01:05,499,alarme,,,NIVEL_ALTO,media
TQ-MIX-TT,63.9941,C,ALARME,2026-06-28 11:01:08,500,leitura,,,,
TQ-MIX-LT,85.5123,%,ALARME,2026-06-28 11:01:08,500,leitura,,,,
TQ-MIX-PT,2.7102500000000003,BAR,OK,2026-06-28 11:01:08,500,leitura,,,,
RES-Q-TT,74.4099,C,OK,2026-06-28 11:01:08,500,leitura,,,,
RES-F-TT,11.9149,C,OK,2026-06-28 11:01:08,500,leitura,,,,
,28.0,,,2026-06-28 11:01:08,500,atuador,BOMBA-Q,PRINCIPAL,,
,28.0,,,2026-06-28 11:01:08,500,atuador,BOMBA-F,PRINCIPAL,,
,,,,2026-06-28 11:01:08,500,alarme,,,NIVEL_ALTO,media
TQ-MIX-TT,61.9674,C,ALARME,2026-06-28 11:01:11,501,leitura,,,,
TQ-MIX-LT,85.8723,%,ALARME,2026-06-28 11:01:11,501,leitura,,,,
TQ-MIX-PT,2.71745,BAR,OK,2026-06-28 11:01:11,501,leitura,,,,
RES-Q-TT,74.4668,C,OK,2026-06-28 11:01:11,501,leitura,,,,
RES-F-TT,11.9701,C,OK,2026-06-28 11:01:11,501,leitura,,,,
,28.0,,,2026-06-28 11:01:11,501,atuador,BOMBA-Q,PRINCIPAL,,
,28.0,,,2026-06-28 11:01:11,501,atuador,BOMBA-F,PRINCIPAL,,
,,,,2026-06-28 11:01:11,501,alarme,,,NIVEL_ALTO,media
TQ-MIX-TT,58.6955,C,ALARME,2026-06-28 11:01:14,502,leitura,,,,
TQ-MIX-LT,86.1203,%,ALARME,2026-06-28 11:01:14,502,leitura,,,,
TQ-MIX-PT,2.72241,BAR,OK,2026-06-28 11:01:14,502,leitura,,,,
RES-Q-TT,74.3138,C,OK,2026-06-28 11:01:14,502,leitura,,,,
RES-F-TT,11.8408,C,OK,2026-06-28 11:01:14,502,leitura,,,,
,28.0,,,2026-06-28 11:01:14,502,atuador,BOMBA-Q,PRINCIPAL,,
,28.0,,,2026-06-28 11:01:14,502,atuador,BOMBA-F,PRINCIPAL,,
,,,,2026-06-28 11:01:14,502,alarme,,,NIVEL_ALTO,media
TQ-MIX-TT,74.5243,C,ALARME,2026-06-28 11:01:17,503,leitura,,,,
TQ-MIX-LT,86.2563,%,ALARME,2026-06-28 11:01:17,503,leitura,,,,
TQ-MIX-PT,2.72513,BAR,OK,2026-06-28 11:01:17,503,leitura,,,,
RES-Q-TT,74.5243,C,OK,2026-06-28 11:01:17,503,leitura,,,,
RES-F-TT,11.7312,C,OK,2026-06-28 11:01:17,503,leitura,,,,
,28.0,,,2026-06-28 11:01:17,503,atuador,BOMBA-Q,PRINCIPAL,,
,28.0,,,2026-06-28 11:01:17,503,atuador,BOMBA-F,PRINCIPAL,,
,,,,2026-06-28 11:01:17,503,alarme,,,NIVEL_ALTO,media
TQ-MIX-TT,62.1914,C,ALARME,2026-06-28 11:01:20,504,leitura,,,,
TQ-MIX-LT,86.3363,%,ALARME,2026-06-28 11:01:20,504,leitura,,,,
TQ-MIX-PT,2.72673,BAR,OK,2026-06-28 11:01:20,504,leitura,,,,
RES-Q-TT,74.7961,C,OK,2026-06-28 11:01:20,504,leitura,,,,
RES-F-TT,11.7724,C,OK,2026-06-28 11:01:20,504,leitura,,,,
,28.0,,,2026-06-28 11:01:20,504,atuador,BOMBA-Q,PRINCIPAL,,
,28.0,,,2026-06-28 11:01:20,504,atuador,BOMBA-F,PRINCIPAL,,
,,,,2026-06-28 11:01:20,504,alarme,,,NIVEL_ALTO,media
TQ-MIX-TT,53.9446,C,ALARME,2026-06-28 11:01:23,505,leitura,,,,
TQ-MIX-LT,86.3043,%,ALARME,2026-06-28 11:01:23,505,leitura,,,,
TQ-MIX-PT,2.72609,BAR,OK,2026-06-28 11:01:23,505,leitura,,,,
RES-Q-TT,75.0879,C,OK,2026-06-28 11:01:23,505,leitura,,,,
RES-F-TT,11.658,C,OK,2026-06-28 11:01:23,505,leitura,,,,
,28.0,,,2026-06-28 11:01:23,505,atuador,BOMBA-Q,PRINCIPAL,,
,28.0,,,2026-06-28 11:01:23,505,atuador,BOMBA-F,PRINCIPAL,,
,,,,2026-06-28 11:01:23,505,alarme,,,NIVEL_ALTO,media
TQ-MIX-TT,74.8718,C,ALARME,2026-06-28 11:01:26,506,leitura,,,,
TQ-MIX-LT,86.2163,%,ALARME,2026-06-28 11:01:26,506,leitura,,,,
TQ-MIX-PT,2.72433,BAR,OK,2026-06-28 11:01:26,506,leitura,,,,
RES-Q-TT,74.8718,C,OK,2026-06-28 11:01:26,506,leitura,,,,
RES-F-TT,11.475,C,OK,2026-06-28 11:01:26,506,leitura,,,,
,28.0,,,2026-06-28 11:01:26,506,atuador,BOMBA-Q,PRINCIPAL,,
,28.0,,,2026-06-28 11:01:26,506,atuador,BOMBA-F,PRINCIPAL,,
,,,,2026-06-28 11:01:26,506,alarme,,,NIVEL_ALTO,media
TQ-MIX-TT,11.6597,C,ALARME,2026-06-28 11:01:29,507,leitura,,,,
TQ-MIX-LT,86.0723,%,ALARME,2026-06-28 11:01:29,507,leitura,,,,
TQ-MIX-PT,2.72145,BAR,OK,2026-06-28 11:01:29,507,leitura,,,,
RES-Q-TT,74.6676,C,OK,2026-06-28 11:01:29,507,leitura,,,,
RES-F-TT,11.6597,C,OK,2026-06-28 11:01:29,507,leitura,,,,
,28.0,,,2026-06-28 11:01:29,507,atuador,BOMBA-Q,PRINCIPAL,,
,28.0,,,2026-06-28 11:01:29,507,atuador,BOMBA-F,PRINCIPAL,,
,,,,2026-06-28 11:01:29,507,alarme,,,NIVEL_ALTO,media
TQ-MIX-TT,74.7497,C,ALARME,2026-06-28 11:01:32,508,leitura,,,,
TQ-MIX-LT,85.9283,%,ALARME,2026-06-28 11:01:32,508,leitura,,,,
TQ-MIX-PT,2.71857,BAR,OK,2026-06-28 11:01:32,508,leitura,,,,
RES-Q-TT,74.7497,C,OK,2026-06-28 11:01:32,508,leitura,,,,
RES-F-TT,11.3814,C,OK,2026-06-28 11:01:32,508,leitura,,,,
,28.0,,,2026-06-28 11:01:32,508,atuador,BOMBA-Q,PRINCIPAL,,
,28.0,,,2026-06-28 11:01:32,508,atuador,BOMBA-F,PRINCIPAL,,
,,,,2026-06-28 11:01:32,508,alarme,,,NIVEL_ALTO,media
TQ-MIX-TT,11.6609,C,ALARME,2026-06-28 11:01:35,509,leitura,,,,
TQ-MIX-LT,85.7843,%,ALARME,2026-06-28 11:01:35,509,leitura,,,,
TQ-MIX-PT,2.71569,BAR,OK,2026-06-28 11:01:35,509,leitura,,,,
RES-Q-TT,74.4951,C,OK,2026-06-28 11:01:35,509,leitura,,,,
RES-F-TT,11.6609,C,OK,2026-06-28 11:01:35,509,leitura,,,,
,28.0,,,2026-06-28 11:01:35,509,atuador,BOMBA-Q,PRINCIPAL,,
,28.0,,,2026-06-28 11:01:35,509,atuador,BOMBA-F,PRINCIPAL,,
,,,,2026-06-28 11:01:35,509,alarme,,,NIVEL_ALTO,media
TQ-MIX-TT,74.234,C,ALARME,2026-06-28 11:01:38,510,leitura,,,,
TQ-MIX-LT,85.6403,%,ALARME,2026-06-28 11:01:38,510,leitura,,,,
TQ-MIX-PT,2.71281,BAR,OK,2026-06-28 11:01:38,510,leitura,,,,
RES-Q-TT,74.234,C,OK,2026-06-28 11:01:38,510,leitura,,,,
RES-F-TT,11.4665,C,OK,2026-06-28 11:01:38,510,leitura,,,,
,28.0,,,2026-06-28 11:01:38,510,atuador,BOMBA-Q,PRINCIPAL,,
,28.0,,,2026-06-28 11:01:38,510,atuador,BOMBA-F,PRINCIPAL,,
,,,,2026-06-28 11:01:38,510,alarme,,,NIVEL_ALTO,media
TQ-MIX-TT,51.6347,C,ALARME,2026-06-28 11:01:41,511,leitura,,,,
TQ-MIX-LT,85.7603,%,ALARME,2026-06-28 11:01:41,511,leitura,,,,
TQ-MIX-PT,2.71521,BAR,OK,2026-06-28 11:01:41,511,leitura,,,,
RES-Q-TT,74.2494,C,OK,2026-06-28 11:01:41,511,leitura,,,,
RES-F-TT,11.4308,C,OK,2026-06-28 11:01:41,511,leitura,,,,
,8.0,,,2026-06-28 11:01:41,511,atuador,BOMBA-Q,PRINCIPAL,,
,8.0,,,2026-06-28 11:01:41,511,atuador,BOMBA-F,PRINCIPAL,,
,,,,2026-06-28 11:01:41,511,alarme,,,NIVEL_ALTO,media
TQ-MIX-TT,52.5693,C,ALARME,2026-06-28 11:01:44,512,leitura,,,,
TQ-MIX-LT,85.8483,%,ALARME,2026-06-28 11:01:44,512,leitura,,,,
TQ-MIX-PT,2.71697,BAR,OK,2026-06-28 11:01:44,512,leitura,,,,
RES-Q-TT,74.3228,C,OK,2026-06-28 11:01:44,512,leitura,,,,
RES-F-TT,11.1673,C,OK,2026-06-28 11:01:44,512,leitura,,,,
,8.0,,,2026-06-28 11:01:44,512,atuador,BOMBA-Q,PRINCIPAL,,
,8.0,,,2026-06-28 11:01:44,512,atuador,BOMBA-F,PRINCIPAL,,
,,,,2026-06-28 11:01:44,512,alarme,,,NIVEL_ALTO,media
TQ-MIX-TT,53.7649,C,ALARME,2026-06-28 11:01:47,513,leitura,,,,
TQ-MIX-LT,85.9043,%,ALARME,2026-06-28 11:01:47,513,leitura,,,,
TQ-MIX-PT,2.71809,BAR,OK,2026-06-28 11:01:47,513,leitura,,,,
RES-Q-TT,74.387,C,OK,2026-06-28 11:01:47,513,leitura,,,,
RES-F-TT,10.9343,C,OK,2026-06-28 11:01:47,513,leitura,,,,
,8.0,,,2026-06-28 11:01:47,513,atuador,BOMBA-Q,PRINCIPAL,,
,28.0,,,2026-06-28 11:01:47,513,atuador,BOMBA-F,PRINCIPAL,,
,,,,2026-06-28 11:01:47,513,alarme,,,NIVEL_ALTO,media
TQ-MIX-TT,31.4483,C,ALARME,2026-06-28 11:01:50,514,leitura,,,,
TQ-MIX-LT,86.1363,%,ALARME,2026-06-28 11:01:50,514,leitura,,,,
TQ-MIX-PT,2.7227300000000003,BAR,OK,2026-06-28 11:01:50,514,leitura,,,,
RES-Q-TT,74.2998,C,OK,2026-06-28 11:01:50,514,leitura,,,,
RES-F-TT,10.729,C,OK,2026-06-28 11:01:50,514,leitura,,,,
,28.0,,,2026-06-28 11:01:50,514,atuador,BOMBA-Q,PRINCIPAL,,
,28.0,,,2026-06-28 11:01:50,514,atuador,BOMBA-F,PRINCIPAL,,
,,,,2026-06-28 11:01:50,514,alarme,,,NIVEL_ALTO,media
TQ-MIX-TT,57.2464,C,ALARME,2026-06-28 11:01:53,515,leitura,,,,
TQ-MIX-LT,86.6083,%,ALARME,2026-06-28 11:01:53,515,leitura,,,,
TQ-MIX-PT,2.73217,BAR,OK,2026-06-28 11:01:53,515,leitura,,,,
RES-Q-TT,74.1223,C,OK,2026-06-28 11:01:53,515,leitura,,,,
RES-F-TT,10.8376,C,OK,2026-06-28 11:01:53,515,leitura,,,,
,28.0,,,2026-06-28 11:01:53,515,atuador,BOMBA-Q,PRINCIPAL,,
,28.0,,,2026-06-28 11:01:53,515,atuador,BOMBA-F,PRINCIPAL,,
,,,,2026-06-28 11:01:53,515,alarme,,,NIVEL_ALTO,media
TQ-MIX-TT,54.0756,C,ALARME,2026-06-28 11:01:56,516,leitura,,,,
TQ-MIX-LT,86.9683,%,ALARME,2026-06-28 11:01:56,516,leitura,,,,
TQ-MIX-PT,2.73937,BAR,OK,2026-06-28 11:01:56,516,leitura,,,,
RES-Q-TT,74.3602,C,OK,2026-06-28 11:01:56,516,leitura,,,,
RES-F-TT,10.9708,C,OK,2026-06-28 11:01:56,516,leitura,,,,
,28.0,,,2026-06-28 11:01:56,516,atuador,BOMBA-Q,PRINCIPAL,,
,28.0,,,2026-06-28 11:01:56,516,atuador,BOMBA-F,PRINCIPAL,,
,,,,2026-06-28 11:01:56,516,alarme,,,NIVEL_ALTO,media
TQ-MIX-TT,49.1403,C,ALARME,2026-06-28 11:01:59,517,leitura,,,,
TQ-MIX-LT,87.2163,%,ALARME,2026-06-28 11:01:59,517,leitura,,,,
TQ-MIX-PT,2.74433,BAR,OK,2026-06-28 11:01:59,517,leitura,,,,
RES-Q-TT,74.5836,C,OK,2026-06-28 11:01:59,517,leitura,,,,
RES-F-TT,10.9753,C,OK,2026-06-28 11:01:59,517,leitura,,,,
,28.0,,,2026-06-28 11:01:59,517,atuador,BOMBA-Q,PRINCIPAL,,
,28.0,,,2026-06-28 11:01:59,517,atuador,BOMBA-F,PRINCIPAL,,
,,,,2026-06-28 11:01:59,517,alarme,,,NIVEL_ALTO,media
TQ-MIX-TT,61.9373,C,ALARME,2026-06-28 11:02:02,518,leitura,,,,
TQ-MIX-LT,87.3523,%,ALARME,2026-06-28 11:02:02,518,leitura,,,,
TQ-MIX-PT,2.74705,BAR,OK,2026-06-28 11:02:02,518,leitura,,,,
RES-Q-TT,74.707,C,OK,2026-06-28 11:02:02,518,leitura,,,,
RES-F-TT,10.8584,C,OK,2026-06-28 11:02:02,518,leitura,,,,
,28.0,,,2026-06-28 11:02:02,518,atuador,BOMBA-Q,PRINCIPAL,,
,28.0,,,2026-06-28 11:02:02,518,atuador,BOMBA-F,PRINCIPAL,,
,,,,2026-06-28 11:02:02,518,alarme,,,NIVEL_ALTO,media
TQ-MIX-TT,55.3682,C,ALARME,2026-06-28 11:02:05,519,leitura,,,,
TQ-MIX-LT,87.3763,%,ALARME,2026-06-28 11:02:05,519,leitura,,,,
TQ-MIX-PT,2.74753,BAR,OK,2026-06-28 11:02:05,519,leitura,,,,
RES-Q-TT,74.4382,C,OK,2026-06-28 11:02:05,519,leitura,,,,
RES-F-TT,10.8714,C,OK,2026-06-28 11:02:05,519,leitura,,,,
,28.0,,,2026-06-28 11:02:05,519,atuador,BOMBA-Q,PRINCIPAL,,
,28.0,,,2026-06-28 11:02:05,519,atuador,BOMBA-F,PRINCIPAL,,
,,,,2026-06-28 11:02:05,519,alarme,,,NIVEL_ALTO,media
TQ-MIX-TT,36.2661,C,ALARME,2026-06-28 11:02:08,520,leitura,,,,
TQ-MIX-LT,87.2883,%,ALARME,2026-06-28 11:02:08,520,leitura,,,,
TQ-MIX-PT,2.7457700000000003,BAR,OK,2026-06-28 11:02:08,520,leitura,,,,
RES-Q-TT,74.6983,C,OK,2026-06-28 11:02:08,520,leitura,,,,
RES-F-TT,10.6447,C,OK,2026-06-28 11:02:08,520,leitura,,,,
,28.0,,,2026-06-28 11:02:08,520,atuador,BOMBA-Q,PRINCIPAL,,
,28.0,,,2026-06-28 11:02:08,520,atuador,BOMBA-F,PRINCIPAL,,
,,,,2026-06-28 11:02:08,520,alarme,,,NIVEL_ALTO,media
TQ-MIX-TT,74.9163,C,ALARME,2026-06-28 11:02:11,521,leitura,,,,
TQ-MIX-LT,87.1443,%,ALARME,2026-06-28 11:02:11,521,leitura,,,,
TQ-MIX-PT,2.74289,BAR,OK,2026-06-28 11:02:11,521,leitura,,,,
RES-Q-TT,74.9163,C,OK,2026-06-28 11:02:11,521,leitura,,,,
RES-F-TT,10.539,C,OK,2026-06-28 11:02:11,521,leitura,,,,
,28.0,,,2026-06-28 11:02:11,521,atuador,BOMBA-Q,PRINCIPAL,,
,28.0,,,2026-06-28 11:02:11,521,atuador,BOMBA-F,PRINCIPAL,,
,,,,2026-06-28 11:02:11,521,alarme,,,NIVEL_ALTO,media
TQ-MIX-TT,10.5125,C,ALARME,2026-06-28 11:02:14,522,leitura,,,,
TQ-MIX-LT,87.0003,%,ALARME,2026-06-28 11:02:14,522,leitura,,,,
TQ-MIX-PT,2.74001,BAR,OK,2026-06-28 11:02:14,522,leitura,,,,
RES-Q-TT,74.6914,C,OK,2026-06-28 11:02:14,522,leitura,,,,
RES-F-TT,10.5125,C,OK,2026-06-28 11:02:14,522,leitura,,,,
,28.0,,,2026-06-28 11:02:14,522,atuador,BOMBA-Q,PRINCIPAL,,
,28.0,,,2026-06-28 11:02:14,522,atuador,BOMBA-F,PRINCIPAL,,
,,,,2026-06-28 11:02:14,522,alarme,,,NIVEL_ALTO,media
TQ-MIX-TT,74.6457,C,ALARME,2026-06-28 11:02:17,523,leitura,,,,
TQ-MIX-LT,86.8563,%,ALARME,2026-06-28 11:02:17,523,leitura,,,,
TQ-MIX-PT,2.73713,BAR,OK,2026-06-28 11:02:17,523,leitura,,,,
RES-Q-TT,74.6457,C,OK,2026-06-28 11:02:17,523,leitura,,,,
RES-F-TT,10.5653,C,OK,2026-06-28 11:02:17,523,leitura,,,,
,28.0,,,2026-06-28 11:02:17,523,atuador,BOMBA-Q,PRINCIPAL,,
,28.0,,,2026-06-28 11:02:17,523,atuador,BOMBA-F,PRINCIPAL,,
,,,,2026-06-28 11:02:17,523,alarme,,,NIVEL_ALTO,media
TQ-MIX-TT,10.7962,C,ALARME,2026-06-28 11:02:20,524,leitura,,,,
TQ-MIX-LT,86.7123,%,ALARME,2026-06-28 11:02:20,524,leitura,,,,
TQ-MIX-PT,2.7342500000000003,BAR,OK,2026-06-28 11:02:20,524,leitura,,,,
RES-Q-TT,74.7513,C,OK,2026-06-28 11:02:20,524,leitura,,,,
RES-F-TT,10.7962,C,OK,2026-06-28 11:02:20,524,leitura,,,,
,28.0,,,2026-06-28 11:02:20,524,atuador,BOMBA-Q,PRINCIPAL,,
,28.0,,,2026-06-28 11:02:20,524,atuador,BOMBA-F,PRINCIPAL,,
,,,,2026-06-28 11:02:20,524,alarme,,,NIVEL_ALTO,media
TQ-MIX-TT,74.9003,C,ALARME,2026-06-28 11:02:23,525,leitura,,,,
TQ-MIX-LT,86.5683,%,ALARME,2026-06-28 11:02:23,525,leitura,,,,
TQ-MIX-PT,2.73137,BAR,OK,2026-06-28 11:02:23,525,leitura,,,,
RES-Q-TT,74.9003,C,OK,2026-06-28 11:02:23,525,leitura,,,,
RES-F-TT,10.6369,C,OK,2026-06-28 11:02:23,525,leitura,,,,
,28.0,,,2026-06-28 11:02:23,525,atuador,BOMBA-Q,PRINCIPAL,,
,28.0,,,2026-06-28 11:02:23,525,atuador,BOMBA-F,PRINCIPAL,,
,,,,2026-06-28 11:02:23,525,alarme,,,NIVEL_ALTO,media
TQ-MIX-TT,10.8722,C,ALARME,2026-06-28 11:02:26,526,leitura,,,,
TQ-MIX-LT,86.4243,%,ALARME,2026-06-28 11:02:26,526,leitura,,,,
TQ-MIX-PT,2.72849,BAR,OK,2026-06-28 11:02:26,526,leitura,,,,
RES-Q-TT,74.7998,C,OK,2026-06-28 11:02:26,526,leitura,,,,
RES-F-TT,10.8722,C,OK,2026-06-28 11:02:26,526,leitura,,,,
,28.0,,,2026-06-28 11:02:26,526,atuador,BOMBA-Q,PRINCIPAL,,
,28.0,,,2026-06-28 11:02:26,526,atuador,BOMBA-F,PRINCIPAL,,
,,,,2026-06-28 11:02:26,526,alarme,,,NIVEL_ALTO,media
TQ-MIX-TT,74.6955,C,ALARME,2026-06-28 11:02:29,527,leitura,,,,
TQ-MIX-LT,86.2803,%,ALARME,2026-06-28 11:02:29,527,leitura,,,,
TQ-MIX-PT,2.72561,BAR,OK,2026-06-28 11:02:29,527,leitura,,,,
RES-Q-TT,74.6955,C,OK,2026-06-28 11:02:29,527,leitura,,,,
RES-F-TT,11.1557,C,OK,2026-06-28 11:02:29,527,leitura,,,,
,28.0,,,2026-06-28 11:02:29,527,atuador,BOMBA-Q,PRINCIPAL,,
,28.0,,,2026-06-28 11:02:29,527,atuador,BOMBA-F,PRINCIPAL,,
,,,,2026-06-28 11:02:29,527,alarme,,,NIVEL_ALTO,media
TQ-MIX-TT,11.1842,C,ALARME,2026-06-28 11:02:32,528,leitura,,,,
TQ-MIX-LT,86.1363,%,ALARME,2026-06-28 11:02:32,528,leitura,,,,
TQ-MIX-PT,2.7227300000000003,BAR,OK,2026-06-28 11:02:32,528,leitura,,,,
RES-Q-TT,74.5655,C,OK,2026-06-28 11:02:32,528,leitura,,,,
RES-F-TT,11.1842,C,OK,2026-06-28 11:02:32,528,leitura,,,,
,28.0,,,2026-06-28 11:02:32,528,atuador,BOMBA-Q,PRINCIPAL,,
,28.0,,,2026-06-28 11:02:32,528,atuador,BOMBA-F,PRINCIPAL,,
,,,,2026-06-28 11:02:32,528,alarme,,,NIVEL_ALTO,media
TQ-MIX-TT,74.7017,C,ALARME,2026-06-28 11:02:35,529,leitura,,,,
TQ-MIX-LT,85.9923,%,ALARME,2026-06-28 11:02:35,529,leitura,,,,
TQ-MIX-PT,2.71985,BAR,OK,2026-06-28 11:02:35,529,leitura,,,,
RES-Q-TT,74.7017,C,OK,2026-06-28 11:02:35,529,leitura,,,,
RES-F-TT,11.353,C,OK,2026-06-28 11:02:35,529,leitura,,,,
,28.0,,,2026-06-28 11:02:35,529,atuador,BOMBA-Q,PRINCIPAL,,
,28.0,,,2026-06-28 11:02:35,529,atuador,BOMBA-F,PRINCIPAL,,
,,,,2026-06-28 11:02:35,529,alarme,,,NIVEL_ALTO,media
TQ-MIX-TT,11.5974,C,ALARME,2026-06-28 11:02:38,530,leitura,,,,
TQ-MIX-LT,85.8483,%,ALARME,2026-06-28 11:02:38,530,leitura,,,,
TQ-MIX-PT,2.71697,BAR,OK,2026-06-28 11:02:38,530,leitura,,,,
RES-Q-TT,74.995,C,OK,2026-06-28 11:02:38,530,leitura,,,,
RES-F-TT,11.5974,C,OK,2026-06-28 11:02:38,530,leitura,,,,
,28.0,,,2026-06-28 11:02:38,530,atuador,BOMBA-Q,PRINCIPAL,,
,28.0,,,2026-06-28 11:02:38,530,atuador,BOMBA-F,PRINCIPAL,,
,,,,2026-06-28 11:02:38,530,alarme,,,NIVEL_ALTO,media
TQ-MIX-TT,22.2278,C,ALARME,2026-06-28 11:02:41,531,leitura,,,,
TQ-MIX-LT,86.6083,%,ALARME,2026-06-28 11:02:41,531,leitura,,,,
TQ-MIX-PT,2.73217,BAR,OK,2026-06-28 11:02:41,531,leitura,,,,
RES-Q-TT,75.0374,C,OK,2026-06-28 11:02:41,531,leitura,,,,
RES-F-TT,11.6659,C,OK,2026-06-28 11:02:41,531,leitura,,,,
,28.0,,,2026-06-28 11:02:41,531,atuador,BOMBA-Q,PRINCIPAL,,
,40.0,,,2026-06-28 11:02:41,531,atuador,BOMBA-F,PRINCIPAL,,
,,,,2026-06-28 11:02:41,531,alarme,,,NIVEL_ALTO,media
TQ-MIX-TT,41.3841,C,ALARME,2026-06-28 11:02:44,532,leitura,,,,
TQ-MIX-LT,87.6083,%,ALARME,2026-06-28 11:02:44,532,leitura,,,,
TQ-MIX-PT,2.75217,BAR,OK,2026-06-28 11:02:44,532,leitura,,,,
RES-Q-TT,75.1541,C,OK,2026-06-28 11:02:44,532,leitura,,,,
RES-F-TT,11.8353,C,OK,2026-06-28 11:02:44,532,leitura,,,,
,28.0,,,2026-06-28 11:02:44,532,atuador,BOMBA-Q,PRINCIPAL,,
,40.0,,,2026-06-28 11:02:44,532,atuador,BOMBA-F,PRINCIPAL,,
,,,,2026-06-28 11:02:44,532,alarme,,,NIVEL_ALTO,media
TQ-MIX-TT,45.7003,C,ALARME,2026-06-28 11:02:47,533,leitura,,,,
TQ-MIX-LT,88.4483,%,ALARME,2026-06-28 11:02:47,533,leitura,,,,
TQ-MIX-PT,2.76897,BAR,OK,2026-06-28 11:02:47,533,leitura,,,,
RES-Q-TT,74.9734,C,OK,2026-06-28 11:02:47,533,leitura,,,,
RES-F-TT,11.5483,C,OK,2026-06-28 11:02:47,533,leitura,,,,
,28.0,,,2026-06-28 11:02:47,533,atuador,BOMBA-Q,PRINCIPAL,,
,40.0,,,2026-06-28 11:02:47,533,atuador,BOMBA-F,PRINCIPAL,,
,,,,2026-06-28 11:02:47,533,alarme,,,NIVEL_ALTO,media
TQ-MIX-TT,46.9481,C,ALARME,2026-06-28 11:02:50,534,leitura,,,,
TQ-MIX-LT,89.1523,%,ALARME,2026-06-28 11:02:50,534,leitura,,,,
TQ-MIX-PT,2.78305,BAR,OK,2026-06-28 11:02:50,534,leitura,,,,
RES-Q-TT,74.8662,C,OK,2026-06-28 11:02:50,534,leitura,,,,
RES-F-TT,11.7712,C,OK,2026-06-28 11:02:50,534,leitura,,,,
,28.0,,,2026-06-28 11:02:50,534,atuador,BOMBA-Q,PRINCIPAL,,
,28.0,,,2026-06-28 11:02:50,534,atuador,BOMBA-F,PRINCIPAL,,
,,,,2026-06-28 11:02:50,534,alarme,,,NIVEL_ALTO,media
TQ-MIX-TT,42.8188,C,ALARME,2026-06-28 11:02:53,535,leitura,,,,
TQ-MIX-LT,89.7443,%,ALARME,2026-06-28 11:02:53,535,leitura,,,,
TQ-MIX-PT,2.79489,BAR,OK,2026-06-28 11:02:53,535,leitura,,,,
RES-Q-TT,74.7339,C,OK,2026-06-28 11:02:53,535,leitura,,,,
RES-F-TT,11.5421,C,OK,2026-06-28 11:02:53,535,leitura,,,,
,28.0,,,2026-06-28 11:02:53,535,atuador,BOMBA-Q,PRINCIPAL,,
,40.0,,,2026-06-28 11:02:53,535,atuador,BOMBA-F,PRINCIPAL,,
,,,,2026-06-28 11:02:53,535,alarme,,,NIVEL_ALTO,media
TQ-MIX-TT,50.5917,C,ALARME,2026-06-28 11:02:56,536,leitura,,,,
TQ-MIX-LT,90.1763,%,ALARME,2026-06-28 11:02:56,536,leitura,,,,
TQ-MIX-PT,2.8035300000000003,BAR,OK,2026-06-28 11:02:56,536,leitura,,,,
RES-Q-TT,74.6037,C,OK,2026-06-28 11:02:56,536,leitura,,,,
RES-F-TT,11.3722,C,OK,2026-06-28 11:02:56,536,leitura,,,,
,28.0,,,2026-06-28 11:02:56,536,atuador,BOMBA-Q,PRINCIPAL,,
,28.0,,,2026-06-28 11:02:56,536,atuador,BOMBA-F,PRINCIPAL,,
,,,,2026-06-28 11:02:56,536,alarme,,,NIVEL_ALTO,media
TQ-MIX-TT,45.3377,C,ALARME,2026-06-28 11:02:59,537,leitura,,,,
TQ-MIX-LT,90.4963,%,ALARME,2026-06-28 11:02:59,537,leitura,,,,
TQ-MIX-PT,2.80993,BAR,OK,2026-06-28 11:02:59,537,leitura,,,,
RES-Q-TT,74.6561,C,OK,2026-06-28 11:02:59,537,leitura,,,,
RES-F-TT,11.133,C,OK,2026-06-28 11:02:59,537,leitura,,,,
,28.0,,,2026-06-28 11:02:59,537,atuador,BOMBA-Q,PRINCIPAL,,
,40.0,,,2026-06-28 11:02:59,537,atuador,BOMBA-F,PRINCIPAL,,
,,,,2026-06-28 11:02:59,537,alarme,,,NIVEL_ALTO,media
TQ-MIX-TT,47.9981,C,ALARME,2026-06-28 11:03:02,538,leitura,,,,
TQ-MIX-LT,90.6803,%,ALARME,2026-06-28 11:03:02,538,leitura,,,,
TQ-MIX-PT,2.81361,BAR,OK,2026-06-28 11:03:02,538,leitura,,,,
RES-Q-TT,74.3818,C,OK,2026-06-28 11:03:02,538,leitura,,,,
RES-F-TT,11.0609,C,OK,2026-06-28 11:03:02,538,leitura,,,,
,28.0,,,2026-06-28 11:03:02,538,atuador,BOMBA-Q,PRINCIPAL,,
,28.0,,,2026-06-28 11:03:02,538,atuador,BOMBA-F,PRINCIPAL,,
,,,,2026-06-28 11:03:02,538,alarme,,,NIVEL_ALTO,media
TQ-MIX-TT,37.2127,C,ALARME,2026-06-28 11:03:05,539,leitura,,,,
TQ-MIX-LT,90.7523,%,ALARME,2026-06-28 11:03:05,539,leitura,,,,
TQ-MIX-PT,2.8150500000000003,BAR,OK,2026-06-28 11:03:05,539,leitura,,,,
RES-Q-TT,74.4626,C,OK,2026-06-28 11:03:05,539,leitura,,,,
RES-F-TT,11.1377,C,OK,2026-06-28 11:03:05,539,leitura,,,,
,28.0,,,2026-06-28 11:03:05,539,atuador,BOMBA-Q,PRINCIPAL,,
,40.0,,,2026-06-28 11:03:05,539,atuador,BOMBA-F,PRINCIPAL,,
,,,,2026-06-28 11:03:05,539,alarme,,,NIVEL_ALTO,media
TQ-MIX-TT,74.4953,C,ALARME,2026-06-28 11:03:08,540,leitura,,,,
TQ-MIX-LT,90.6643,%,ALARME,2026-06-28 11:03:08,540,leitura,,,,
TQ-MIX-PT,2.8132900000000003,BAR,OK,2026-06-28 11:03:08,540,leitura,,,,
RES-Q-TT,74.4953,C,OK,2026-06-28 11:03:08,540,leitura,,,,
RES-F-TT,10.9537,C,OK,2026-06-28 11:03:08,540,leitura,,,,
,28.0,,,2026-06-28 11:03:08,540,atuador,BOMBA-Q,PRINCIPAL,,
,28.0,,,2026-06-28 11:03:08,540,atuador,BOMBA-F,PRINCIPAL,,
,,,,2026-06-28 11:03:08,540,alarme,,,NIVEL_ALTO,media
TQ-MIX-TT,11.0169,C,ALARME,2026-06-28 11:03:11,541,leitura,,,,
TQ-MIX-LT,90.5443,%,ALARME,2026-06-28 11:03:11,541,leitura,,,,
TQ-MIX-PT,2.81089,BAR,OK,2026-06-28 11:03:11,541,leitura,,,,
RES-Q-TT,74.5734,C,OK,2026-06-28 11:03:11,541,leitura,,,,
RES-F-TT,11.0169,C,OK,2026-06-28 11:03:11,541,leitura,,,,
,28.0,,,2026-06-28 11:03:11,541,atuador,BOMBA-Q,PRINCIPAL,,
,40.0,,,2026-06-28 11:03:11,541,atuador,BOMBA-F,PRINCIPAL,,
,,,,2026-06-28 11:03:11,541,alarme,,,NIVEL_ALTO,media
TQ-MIX-TT,74.3962,C,ALARME,2026-06-28 11:03:14,542,leitura,,,,
TQ-MIX-LT,90.4003,%,ALARME,2026-06-28 11:03:14,542,leitura,,,,
TQ-MIX-PT,2.8080100000000003,BAR,OK,2026-06-28 11:03:14,542,leitura,,,,
RES-Q-TT,74.3962,C,OK,2026-06-28 11:03:14,542,leitura,,,,
RES-F-TT,11.0178,C,OK,2026-06-28 11:03:14,542,leitura,,,,
,28.0,,,2026-06-28 11:03:14,542,atuador,BOMBA-Q,PRINCIPAL,,
,28.0,,,2026-06-28 11:03:14,542,atuador,BOMBA-F,PRINCIPAL,,
,,,,2026-06-28 11:03:14,542,alarme,,,NIVEL_ALTO,media
TQ-MIX-TT,11.1552,C,ALARME,2026-06-28 11:03:17,543,leitura,,,,
TQ-MIX-LT,90.2803,%,ALARME,2026-06-28 11:03:17,543,leitura,,,,
TQ-MIX-PT,2.80561,BAR,OK,2026-06-28 11:03:17,543,leitura,,,,
RES-Q-TT,74.4723,C,OK,2026-06-28 11:03:17,543,leitura,,,,
RES-F-TT,11.1552,C,OK,2026-06-28 11:03:17,543,leitura,,,,
,28.0,,,2026-06-28 11:03:17,543,atuador,BOMBA-Q,PRINCIPAL,,
,40.0,,,2026-06-28 11:03:17,543,atuador,BOMBA-F,PRINCIPAL,,
,,,,2026-06-28 11:03:17,543,alarme,,,NIVEL_ALTO,media
TQ-MIX-TT,74.6259,C,ALARME,2026-06-28 11:03:20,544,leitura,,,,
TQ-MIX-LT,90.1363,%,ALARME,2026-06-28 11:03:20,544,leitura,,,,
TQ-MIX-PT,2.80273,BAR,OK,2026-06-28 11:03:20,544,leitura,,,,
RES-Q-TT,74.6259,C,OK,2026-06-28 11:03:20,544,leitura,,,,
RES-F-TT,11.2188,C,OK,2026-06-28 11:03:20,544,leitura,,,,
,28.0,,,2026-06-28 11:03:20,544,atuador,BOMBA-Q,PRINCIPAL,,
,28.0,,,2026-06-28 11:03:20,544,atuador,BOMBA-F,PRINCIPAL,,
,,,,2026-06-28 11:03:20,544,alarme,,,NIVEL_ALTO,media
TQ-MIX-TT,11.4304,C,ALARME,2026-06-28 11:03:23,545,leitura,,,,
TQ-MIX-LT,89.9923,%,ALARME,2026-06-28 11:03:23,545,leitura,,,,
TQ-MIX-PT,2.79985,BAR,OK,2026-06-28 11:03:23,545,leitura,,,,
RES-Q-TT,74.7313,C,OK,2026-06-28 11:03:23,545,leitura,,,,
RES-F-TT,11.4304,C,OK,2026-06-28 11:03:23,545,leitura,,,,
,28.0,,,2026-06-28 11:03:23,545,atuador,BOMBA-Q,PRINCIPAL,,
,28.0,,,2026-06-28 11:03:23,545,atuador,BOMBA-F,PRINCIPAL,,
,,,,2026-06-28 11:03:23,545,alarme,,,NIVEL_ALTO,media
TQ-MIX-TT,74.8464,C,ALARME,2026-06-28 11:03:26,546,leitura,,,,
TQ-MIX-LT,89.8483,%,ALARME,2026-06-28 11:03:26,546,leitura,,,,
TQ-MIX-PT,2.79697,BAR,OK,2026-06-28 11:03:26,546,leitura,,,,
RES-Q-TT,74.8464,C,OK,2026-06-28 11:03:26,546,leitura,,,,
RES-F-TT,11.5413,C,OK,2026-06-28 11:03:26,546,leitura,,,,
,28.0,,,2026-06-28 11:03:26,546,atuador,BOMBA-Q,PRINCIPAL,,
,28.0,,,2026-06-28 11:03:26,546,atuador,BOMBA-F,PRINCIPAL,,
,,,,2026-06-28 11:03:26,546,alarme,,,NIVEL_ALTO,media
TQ-MIX-TT,11.5547,C,ALARME,2026-06-28 11:03:29,547,leitura,,,,
TQ-MIX-LT,89.7043,%,ALARME,2026-06-28 11:03:29,547,leitura,,,,
TQ-MIX-PT,2.79409,BAR,OK,2026-06-28 11:03:29,547,leitura,,,,
RES-Q-TT,74.5752,C,OK,2026-06-28 11:03:29,547,leitura,,,,
RES-F-TT,11.5547,C,OK,2026-06-28 11:03:29,547,leitura,,,,
,28.0,,,2026-06-28 11:03:29,547,atuador,BOMBA-Q,PRINCIPAL,,
,28.0,,,2026-06-28 11:03:29,547,atuador,BOMBA-F,PRINCIPAL,,
,,,,2026-06-28 11:03:29,547,alarme,,,NIVEL_ALTO,media
TQ-MIX-TT,74.54,C,ALARME,2026-06-28 11:03:32,548,leitura,,,,
TQ-MIX-LT,89.5603,%,ALARME,2026-06-28 11:03:32,548,leitura,,,,
TQ-MIX-PT,2.79121,BAR,OK,2026-06-28 11:03:32,548,leitura,,,,
RES-Q-TT,74.54,C,OK,2026-06-28 11:03:32,548,leitura,,,,
RES-F-TT,11.6215,C,OK,2026-06-28 11:03:32,548,leitura,,,,
,28.0,,,2026-06-28 11:03:32,548,atuador,BOMBA-Q,PRINCIPAL,,
,28.0,,,2026-06-28 11:03:32,548,atuador,BOMBA-F,PRINCIPAL,,
,,,,2026-06-28 11:03:32,548,alarme,,,NIVEL_ALTO,media
TQ-MIX-TT,11.5449,C,ALARME,2026-06-28 11:03:35,549,leitura,,,,
TQ-MIX-LT,89.4163,%,ALARME,2026-06-28 11:03:35,549,leitura,,,,
TQ-MIX-PT,2.78833,BAR,OK,2026-06-28 11:03:35,549,leitura,,,,
RES-Q-TT,74.3583,C,OK,2026-06-28 11:03:35,549,leitura,,,,
RES-F-TT,11.5449,C,OK,2026-06-28 11:03:35,549,leitura,,,,
,28.0,,,2026-06-28 11:03:35,549,atuador,BOMBA-Q,PRINCIPAL,,
,28.0,,,2026-06-28 11:03:35,549,atuador,BOMBA-F,PRINCIPAL,,
,,,,2026-06-28 11:03:35,549,alarme,,,NIVEL_ALTO,media
TQ-MIX-TT,74.56,C,ALARME,2026-06-28 11:03:38,550,leitura,,,,
TQ-MIX-LT,89.2723,%,ALARME,2026-06-28 11:03:38,550,leitura,,,,
TQ-MIX-PT,2.78545,BAR,OK,2026-06-28 11:03:38,550,leitura,,,,
RES-Q-TT,74.56,C,OK,2026-06-28 11:03:38,550,leitura,,,,
RES-F-TT,11.2542,C,OK,2026-06-28 11:03:38,550,leitura,,,,
,28.0,,,2026-06-28 11:03:38,550,atuador,BOMBA-Q,PRINCIPAL,,
,28.0,,,2026-06-28 11:03:38,550,atuador,BOMBA-F,PRINCIPAL,,
,,,,2026-06-28 11:03:38,550,alarme,,,NIVEL_ALTO,media
TQ-MIX-TT,11.5505,C,ALARME,2026-06-28 11:03:41,551,leitura,,,,
TQ-MIX-LT,89.1283,%,ALARME,2026-06-28 11:03:41,551,leitura,,,,
TQ-MIX-PT,2.78257,BAR,OK,2026-06-28 11:03:41,551,leitura,,,,
RES-Q-TT,74.7098,C,OK,2026-06-28 11:03:41,551,leitura,,,,
RES-F-TT,11.5505,C,OK,2026-06-28 11:03:41,551,leitura,,,,
,28.0,,,2026-06-28 11:03:41,551,atuador,BOMBA-Q,PRINCIPAL,,
,28.0,,,2026-06-28 11:03:41,551,atuador,BOMBA-F,PRINCIPAL,,
,,,,2026-06-28 11:03:41,551,alarme,,,NIVEL_ALTO,media
TQ-MIX-TT,74.671,C,ALARME,2026-06-28 11:03:44,552,leitura,,,,
TQ-MIX-LT,88.9843,%,ALARME,2026-06-28 11:03:44,552,leitura,,,,
TQ-MIX-PT,2.77969,BAR,OK,2026-06-28 11:03:44,552,leitura,,,,
RES-Q-TT,74.671,C,OK,2026-06-28 11:03:44,552,leitura,,,,
RES-F-TT,11.7924,C,OK,2026-06-28 11:03:44,552,leitura,,,,
,28.0,,,2026-06-28 11:03:44,552,atuador,BOMBA-Q,PRINCIPAL,,
,28.0,,,2026-06-28 11:03:44,552,atuador,BOMBA-F,PRINCIPAL,,
,,,,2026-06-28 11:03:44,552,alarme,,,NIVEL_ALTO,media
TQ-MIX-TT,11.6184,C,ALARME,2026-06-28 11:03:47,553,leitura,,,,
TQ-MIX-LT,88.8403,%,ALARME,2026-06-28 11:03:47,553,leitura,,,,
TQ-MIX-PT,2.77681,BAR,OK,2026-06-28 11:03:47,553,leitura,,,,
RES-Q-TT,74.3995,C,OK,2026-06-28 11:03:47,553,leitura,,,,
RES-F-TT,11.6184,C,OK,2026-06-28 11:03:47,553,leitura,,,,
,28.0,,,2026-06-28 11:03:47,553,atuador,BOMBA-Q,PRINCIPAL,,
,28.0,,,2026-06-28 11:03:47,553,atuador,BOMBA-F,PRINCIPAL,,
,,,,2026-06-28 11:03:47,553,alarme,,,NIVEL_ALTO,media
TQ-MIX-TT,74.6906,C,ALARME,2026-06-28 11:03:50,554,leitura,,,,
TQ-MIX-LT,88.6963,%,ALARME,2026-06-28 11:03:50,554,leitura,,,,
TQ-MIX-PT,2.77393,BAR,OK,2026-06-28 11:03:50,554,leitura,,,,
RES-Q-TT,74.6906,C,OK,2026-06-28 11:03:50,554,leitura,,,,
RES-F-TT,11.8178,C,OK,2026-06-28 11:03:50,554,leitura,,,,
,28.0,,,2026-06-28 11:03:50,554,atuador,BOMBA-Q,PRINCIPAL,,
,28.0,,,2026-06-28 11:03:50,554,atuador,BOMBA-F,PRINCIPAL,,
,,,,2026-06-28 11:03:50,554,alarme,,,NIVEL_ALTO,media
TQ-MIX-TT,11.5372,C,ALARME,2026-06-28 11:03:53,555,leitura,,,,
TQ-MIX-LT,88.5523,%,ALARME,2026-06-28 11:03:53,555,leitura,,,,
TQ-MIX-PT,2.77105,BAR,OK,2026-06-28 11:03:53,555,leitura,,,,
RES-Q-TT,74.8348,C,OK,2026-06-28 11:03:53,555,leitura,,,,
RES-F-TT,11.5372,C,OK,2026-06-28 11:03:53,555,leitura,,,,
,28.0,,,2026-06-28 11:03:53,555,atuador,BOMBA-Q,PRINCIPAL,,
,28.0,,,2026-06-28 11:03:53,555,atuador,BOMBA-F,PRINCIPAL,,
,,,,2026-06-28 11:03:53,555,alarme,,,NIVEL_ALTO,media
TQ-MIX-TT,75.0389,C,ALARME,2026-06-28 11:03:56,556,leitura,,,,
TQ-MIX-LT,88.4083,%,ALARME,2026-06-28 11:03:56,556,leitura,,,,
TQ-MIX-PT,2.76817,BAR,OK,2026-06-28 11:03:56,556,leitura,,,,
RES-Q-TT,75.0389,C,OK,2026-06-28 11:03:56,556,leitura,,,,
RES-F-TT,11.5971,C,OK,2026-06-28 11:03:56,556,leitura,,,,
,28.0,,,2026-06-28 11:03:56,556,atuador,BOMBA-Q,PRINCIPAL,,
,28.0,,,2026-06-28 11:03:56,556,atuador,BOMBA-F,PRINCIPAL,,
,,,,2026-06-28 11:03:56,556,alarme,,,NIVEL_ALTO,media
TQ-MIX-TT,11.441,C,ALARME,2026-06-28 11:03:59,557,leitura,,,,
TQ-MIX-LT,88.2643,%,ALARME,2026-06-28 11:03:59,557,leitura,,,,
TQ-MIX-PT,2.76529,BAR,OK,2026-06-28 11:03:59,557,leitura,,,,
RES-Q-TT,75.2593,C,OK,2026-06-28 11:03:59,557,leitura,,,,
RES-F-TT,11.441,C,OK,2026-06-28 11:03:59,557,leitura,,,,
,28.0,,,2026-06-28 11:03:59,557,atuador,BOMBA-Q,PRINCIPAL,,
,28.0,,,2026-06-28 11:03:59,557,atuador,BOMBA-F,PRINCIPAL,,
,,,,2026-06-28 11:03:59,557,alarme,,,NIVEL_ALTO,media
TQ-MIX-TT,74.8783,C,ALARME,2026-06-28 11:04:02,558,leitura,,,,
TQ-MIX-LT,88.1203,%,ALARME,2026-06-28 11:04:02,558,leitura,,,,
TQ-MIX-PT,2.76241,BAR,OK,2026-06-28 11:04:02,558,leitura,,,,
RES-Q-TT,74.8783,C,OK,2026-06-28 11:04:02,558,leitura,,,,
RES-F-TT,11.4802,C,OK,2026-06-28 11:04:02,558,leitura,,,,
,28.0,,,2026-06-28 11:04:02,558,atuador,BOMBA-Q,PRINCIPAL,,
,28.0,,,2026-06-28 11:04:02,558,atuador,BOMBA-F,PRINCIPAL,,
,,,,2026-06-28 11:04:02,558,alarme,,,NIVEL_ALTO,media
TQ-MIX-TT,11.1942,C,ALARME,2026-06-28 11:04:05,559,leitura,,,,
TQ-MIX-LT,87.9763,%,ALARME,2026-06-28 11:04:05,559,leitura,,,,
TQ-MIX-PT,2.75953,BAR,OK,2026-06-28 11:04:05,559,leitura,,,,
RES-Q-TT,75.0521,C,OK,2026-06-28 11:04:05,559,leitura,,,,
RES-F-TT,11.1942,C,OK,2026-06-28 11:04:05,559,leitura,,,,
,28.0,,,2026-06-28 11:04:05,559,atuador,BOMBA-Q,PRINCIPAL,,
,28.0,,,2026-06-28 11:04:05,559,atuador,BOMBA-F,PRINCIPAL,,
,,,,2026-06-28 11:04:05,559,alarme,,,NIVEL_ALTO,media
TQ-MIX-TT,75.1738,C,ALARME,2026-06-28 11:04:08,560,leitura,,,,
TQ-MIX-LT,87.8323,%,ALARME,2026-06-28 11:04:08,560,leitura,,,,
TQ-MIX-PT,2.75665,BAR,OK,2026-06-28 11:04:08,560,leitura,,,,
RES-Q-TT,75.1738,C,OK,2026-06-28 11:04:08,560,leitura,,,,
RES-F-TT,11.0455,C,OK,2026-06-28 11:04:08,560,leitura,,,,
,28.0,,,2026-06-28 11:04:08,560,atuador,BOMBA-Q,PRINCIPAL,,
,28.0,,,2026-06-28 11:04:08,560,atuador,BOMBA-F,PRINCIPAL,,
,,,,2026-06-28 11:04:08,560,alarme,,,NIVEL_ALTO,media
TQ-MIX-TT,11.0274,C,ALARME,2026-06-28 11:04:11,561,leitura,,,,
TQ-MIX-LT,87.6883,%,ALARME,2026-06-28 11:04:11,561,leitura,,,,
TQ-MIX-PT,2.7537700000000003,BAR,OK,2026-06-28 11:04:11,561,leitura,,,,
RES-Q-TT,74.7728,C,OK,2026-06-28 11:04:11,561,leitura,,,,
RES-F-TT,11.0274,C,OK,2026-06-28 11:04:11,561,leitura,,,,
,28.0,,,2026-06-28 11:04:11,561,atuador,BOMBA-Q,PRINCIPAL,,
,28.0,,,2026-06-28 11:04:11,561,atuador,BOMBA-F,PRINCIPAL,,
,,,,2026-06-28 11:04:11,561,alarme,,,NIVEL_ALTO,media
TQ-MIX-TT,74.5366,C,ALARME,2026-06-28 11:04:14,562,leitura,,,,
TQ-MIX-LT,87.5443,%,ALARME,2026-06-28 11:04:14,562,leitura,,,,
TQ-MIX-PT,2.75089,BAR,OK,2026-06-28 11:04:14,562,leitura,,,,
RES-Q-TT,74.5366,C,OK,2026-06-28 11:04:14,562,leitura,,,,
RES-F-TT,11.1557,C,OK,2026-06-28 11:04:14,562,leitura,,,,
,28.0,,,2026-06-28 11:04:14,562,atuador,BOMBA-Q,PRINCIPAL,,
,28.0,,,2026-06-28 11:04:14,562,atuador,BOMBA-F,PRINCIPAL,,
,,,,2026-06-28 11:04:14,562,alarme,,,NIVEL_ALTO,media
TQ-MIX-TT,11.1176,C,ALARME,2026-06-28 11:04:17,563,leitura,,,,
TQ-MIX-LT,87.4003,%,ALARME,2026-06-28 11:04:17,563,leitura,,,,
TQ-MIX-PT,2.74801,BAR,OK,2026-06-28 11:04:17,563,leitura,,,,
RES-Q-TT,74.7788,C,OK,2026-06-28 11:04:17,563,leitura,,,,
RES-F-TT,11.1176,C,OK,2026-06-28 11:04:17,563,leitura,,,,
,28.0,,,2026-06-28 11:04:17,563,atuador,BOMBA-Q,PRINCIPAL,,
,28.0,,,2026-06-28 11:04:17,563,atuador,BOMBA-F,PRINCIPAL,,
,,,,2026-06-28 11:04:17,563,alarme,,,NIVEL_ALTO,media
TQ-MIX-TT,74.5356,C,ALARME,2026-06-28 11:04:20,564,leitura,,,,
TQ-MIX-LT,87.2563,%,ALARME,2026-06-28 11:04:20,564,leitura,,,,
TQ-MIX-PT,2.74513,BAR,OK,2026-06-28 11:04:20,564,leitura,,,,
RES-Q-TT,74.5356,C,OK,2026-06-28 11:04:20,564,leitura,,,,
RES-F-TT,11.3332,C,OK,2026-06-28 11:04:20,564,leitura,,,,
,28.0,,,2026-06-28 11:04:20,564,atuador,BOMBA-Q,PRINCIPAL,,
,28.0,,,2026-06-28 11:04:20,564,atuador,BOMBA-F,PRINCIPAL,,
,,,,2026-06-28 11:04:20,564,alarme,,,NIVEL_ALTO,media
TQ-MIX-TT,11.4726,C,ALARME,2026-06-28 11:04:23,565,leitura,,,,
TQ-MIX-LT,87.1123,%,ALARME,2026-06-28 11:04:23,565,leitura,,,,
TQ-MIX-PT,2.7422500000000003,BAR,OK,2026-06-28 11:04:23,565,leitura,,,,
RES-Q-TT,74.6369,C,OK,2026-06-28 11:04:23,565,leitura,,,,
RES-F-TT,11.4726,C,OK,2026-06-28 11:04:23,565,leitura,,,,
,28.0,,,2026-06-28 11:04:23,565,atuador,BOMBA-Q,PRINCIPAL,,
,28.0,,,2026-06-28 11:04:23,565,atuador,BOMBA-F,PRINCIPAL,,
,,,,2026-06-28 11:04:23,565,alarme,,,NIVEL_ALTO,media
TQ-MIX-TT,74.7281,C,ALARME,2026-06-28 11:04:26,566,leitura,,,,
TQ-MIX-LT,86.9683,%,ALARME,2026-06-28 11:04:26,566,leitura,,,,
TQ-MIX-PT,2.73937,BAR,OK,2026-06-28 11:04:26,566,leitura,,,,
RES-Q-TT,74.7281,C,OK,2026-06-28 11:04:26,566,leitura,,,,
RES-F-TT,11.2029,C,OK,2026-06-28 11:04:26,566,leitura,,,,
,28.0,,,2026-06-28 11:04:26,566,atuador,BOMBA-Q,PRINCIPAL,,
,28.0,,,2026-06-28 11:04:26,566,atuador,BOMBA-F,PRINCIPAL,,
,,,,2026-06-28 11:04:26,566,alarme,,,NIVEL_ALTO,media
TQ-MIX-TT,11.2731,C,ALARME,2026-06-28 11:04:29,567,leitura,,,,
TQ-MIX-LT,86.8243,%,ALARME,2026-06-28 11:04:29,567,leitura,,,,
TQ-MIX-PT,2.73649,BAR,OK,2026-06-28 11:04:29,567,leitura,,,,
RES-Q-TT,74.4283,C,OK,2026-06-28 11:04:29,567,leitura,,,,
RES-F-TT,11.2731,C,OK,2026-06-28 11:04:29,567,leitura,,,,
,28.0,,,2026-06-28 11:04:29,567,atuador,BOMBA-Q,PRINCIPAL,,
,28.0,,,2026-06-28 11:04:29,567,atuador,BOMBA-F,PRINCIPAL,,
,,,,2026-06-28 11:04:29,567,alarme,,,NIVEL_ALTO,media
TQ-MIX-TT,74.1515,C,ALARME,2026-06-28 11:04:32,568,leitura,,,,
TQ-MIX-LT,86.6803,%,ALARME,2026-06-28 11:04:32,568,leitura,,,,
TQ-MIX-PT,2.73361,BAR,OK,2026-06-28 11:04:32,568,leitura,,,,
RES-Q-TT,74.1515,C,OK,2026-06-28 11:04:32,568,leitura,,,,
RES-F-TT,10.9896,C,OK,2026-06-28 11:04:32,568,leitura,,,,
,28.0,,,2026-06-28 11:04:32,568,atuador,BOMBA-Q,PRINCIPAL,,
,28.0,,,2026-06-28 11:04:32,568,atuador,BOMBA-F,PRINCIPAL,,
,,,,2026-06-28 11:04:32,568,alarme,,,NIVEL_ALTO,media
TQ-MIX-TT,10.8577,C,ALARME,2026-06-28 11:04:35,569,leitura,,,,
TQ-MIX-LT,86.5363,%,ALARME,2026-06-28 11:04:35,569,leitura,,,,
TQ-MIX-PT,2.7307300000000003,BAR,OK,2026-06-28 11:04:35,569,leitura,,,,
RES-Q-TT,73.8984,C,OK,2026-06-28 11:04:35,569,leitura,,,,
RES-F-TT,10.8577,C,OK,2026-06-28 11:04:35,569,leitura,,,,
,28.0,,,2026-06-28 11:04:35,569,atuador,BOMBA-Q,PRINCIPAL,,
,28.0,,,2026-06-28 11:04:35,569,atuador,BOMBA-F,PRINCIPAL,,
,,,,2026-06-28 11:04:35,569,alarme,,,NIVEL_ALTO,media
TQ-MIX-TT,73.6871,C,ALARME,2026-06-28 11:04:38,570,leitura,,,,
TQ-MIX-LT,86.3923,%,ALARME,2026-06-28 11:04:38,570,leitura,,,,
TQ-MIX-PT,2.72785,BAR,OK,2026-06-28 11:04:38,570,leitura,,,,
RES-Q-TT,73.6871,C,OK,2026-06-28 11:04:38,570,leitura,,,,
RES-F-TT,11.1015,C,OK,2026-06-28 11:04:38,570,leitura,,,,
,28.0,,,2026-06-28 11:04:38,570,atuador,BOMBA-Q,PRINCIPAL,,
,28.0,,,2026-06-28 11:04:38,570,atuador,BOMBA-F,PRINCIPAL,,
,,,,2026-06-28 11:04:38,570,alarme,,,NIVEL_ALTO,media
TQ-MIX-TT,11.3943,C,ALARME,2026-06-28 11:04:41,571,leitura,,,,
TQ-MIX-LT,86.2483,%,ALARME,2026-06-28 11:04:41,571,leitura,,,,
TQ-MIX-PT,2.72497,BAR,OK,2026-06-28 11:04:41,571,leitura,,,,
RES-Q-TT,73.842,C,OK,2026-06-28 11:04:41,571,leitura,,,,
RES-F-TT,11.3943,C,OK,2026-06-28 11:04:41,571,leitura,,,,
,28.0,,,2026-06-28 11:04:41,571,atuador,BOMBA-Q,PRINCIPAL,,
,28.0,,,2026-06-28 11:04:41,571,atuador,BOMBA-F,PRINCIPAL,,
,,,,2026-06-28 11:04:41,571,alarme,,,NIVEL_ALTO,media
TQ-MIX-TT,74.1413,C,ALARME,2026-06-28 11:04:44,572,leitura,,,,
TQ-MIX-LT,86.1043,%,ALARME,2026-06-28 11:04:44,572,leitura,,,,
TQ-MIX-PT,2.72209,BAR,OK,2026-06-28 11:04:44,572,leitura,,,,
RES-Q-TT,74.1413,C,OK,2026-06-28 11:04:44,572,leitura,,,,
RES-F-TT,11.6369,C,OK,2026-06-28 11:04:44,572,leitura,,,,
,28.0,,,2026-06-28 11:04:44,572,atuador,BOMBA-Q,PRINCIPAL,,
,28.0,,,2026-06-28 11:04:44,572,atuador,BOMBA-F,PRINCIPAL,,
,,,,2026-06-28 11:04:44,572,alarme,,,NIVEL_ALTO,media
TQ-MIX-TT,11.8311,C,ALARME,2026-06-28 11:04:47,573,leitura,,,,
TQ-MIX-LT,85.9603,%,ALARME,2026-06-28 11:04:47,573,leitura,,,,
TQ-MIX-PT,2.71921,BAR,OK,2026-06-28 11:04:47,573,leitura,,,,
RES-Q-TT,74.1928,C,OK,2026-06-28 11:04:47,573,leitura,,,,
RES-F-TT,11.8311,C,OK,2026-06-28 11:04:47,573,leitura,,,,
,28.0,,,2026-06-28 11:04:47,573,atuador,BOMBA-Q,PRINCIPAL,,
,28.0,,,2026-06-28 11:04:47,573,atuador,BOMBA-F,PRINCIPAL,,
,,,,2026-06-28 11:04:47,573,alarme,,,NIVEL_ALTO,media
TQ-MIX-TT,74.0491,C,ALARME,2026-06-28 11:04:50,574,leitura,,,,
TQ-MIX-LT,85.8163,%,ALARME,2026-06-28 11:04:50,574,leitura,,,,
TQ-MIX-PT,2.71633,BAR,OK,2026-06-28 11:04:50,574,leitura,,,,
RES-Q-TT,74.0491,C,OK,2026-06-28 11:04:50,574,leitura,,,,
RES-F-TT,12.1083,C,OK,2026-06-28 11:04:50,574,leitura,,,,
,28.0,,,2026-06-28 11:04:50,574,atuador,BOMBA-Q,PRINCIPAL,,
,28.0,,,2026-06-28 11:04:50,574,atuador,BOMBA-F,PRINCIPAL,,
,,,,2026-06-28 11:04:50,574,alarme,,,NIVEL_ALTO,media
TQ-MIX-TT,12.3506,C,ALARME,2026-06-28 11:04:53,575,leitura,,,,
TQ-MIX-LT,85.6723,%,ALARME,2026-06-28 11:04:53,575,leitura,,,,
TQ-MIX-PT,2.71345,BAR,OK,2026-06-28 11:04:53,575,leitura,,,,
RES-Q-TT,73.9315,C,OK,2026-06-28 11:04:53,575,leitura,,,,
RES-F-TT,12.3506,C,OK,2026-06-28 11:04:53,575,leitura,,,,
,28.0,,,2026-06-28 11:04:53,575,atuador,BOMBA-Q,PRINCIPAL,,
,28.0,,,2026-06-28 11:04:53,575,atuador,BOMBA-F,PRINCIPAL,,
,,,,2026-06-28 11:04:53,575,alarme,,,NIVEL_ALTO,media
TQ-MIX-TT,74.204,C,ALARME,2026-06-28 11:04:56,576,leitura,,,,
TQ-MIX-LT,85.5283,%,ALARME,2026-06-28 11:04:56,576,leitura,,,,
TQ-MIX-PT,2.71057,BAR,OK,2026-06-28 11:04:56,576,leitura,,,,
RES-Q-TT,74.204,C,OK,2026-06-28 11:04:56,576,leitura,,,,
RES-F-TT,12.5622,C,OK,2026-06-28 11:04:56,576,leitura,,,,
,28.0,,,2026-06-28 11:04:56,576,atuador,BOMBA-Q,PRINCIPAL,,
,28.0,,,2026-06-28 11:04:56,576,atuador,BOMBA-F,PRINCIPAL,,
,,,,2026-06-28 11:04:56,576,alarme,,,NIVEL_ALTO,media
TQ-MIX-TT,12.5465,C,ALARME,2026-06-28 11:04:59,577,leitura,,,,
TQ-MIX-LT,85.3843,%,ALARME,2026-06-28 11:04:59,577,leitura,,,,
TQ-MIX-PT,2.70769,BAR,OK,2026-06-28 11:04:59,577,leitura,,,,
RES-Q-TT,74.3136,C,OK,2026-06-28 11:04:59,577,leitura,,,,
RES-F-TT,12.5465,C,OK,2026-06-28 11:04:59,577,leitura,,,,
,28.0,,,2026-06-28 11:04:59,577,atuador,BOMBA-Q,PRINCIPAL,,
,28.0,,,2026-06-28 11:04:59,577,atuador,BOMBA-F,PRINCIPAL,,
,,,,2026-06-28 11:04:59,577,alarme,,,NIVEL_ALTO,media
TQ-MIX-TT,74.4939,C,ALARME,2026-06-28 11:05:02,578,leitura,,,,
TQ-MIX-LT,85.2403,%,ALARME,2026-06-28 11:05:02,578,leitura,,,,
TQ-MIX-PT,2.70481,BAR,OK,2026-06-28 11:05:02,578,leitura,,,,
RES-Q-TT,74.4939,C,OK,2026-06-28 11:05:02,578,leitura,,,,
RES-F-TT,12.7897,C,OK,2026-06-28 11:05:02,578,leitura,,,,
,28.0,,,2026-06-28 11:05:02,578,atuador,BOMBA-Q,PRINCIPAL,,
,28.0,,,2026-06-28 11:05:02,578,atuador,BOMBA-F,PRINCIPAL,,
,,,,2026-06-28 11:05:02,578,alarme,,,NIVEL_ALTO,media
TQ-MIX-TT,12.732,C,ALARME,2026-06-28 11:05:05,579,leitura,,,,
TQ-MIX-LT,85.0963,%,ALARME,2026-06-28 11:05:05,579,leitura,,,,
TQ-MIX-PT,2.70193,BAR,OK,2026-06-28 11:05:05,579,leitura,,,,
RES-Q-TT,74.2465,C,OK,2026-06-28 11:05:05,579,leitura,,,,
RES-F-TT,12.732,C,OK,2026-06-28 11:05:05,579,leitura,,,,
,28.0,,,2026-06-28 11:05:05,579,atuador,BOMBA-Q,PRINCIPAL,,
,28.0,,,2026-06-28 11:05:05,579,atuador,BOMBA-F,PRINCIPAL,,
,,,,2026-06-28 11:05:05,579,alarme,,,NIVEL_ALTO,media
TQ-MIX-TT,74.4338,C,ALARME,2026-06-28 11:05:08,580,leitura,,,,
TQ-MIX-LT,84.9523,%,ALARME,2026-06-28 11:05:08,580,leitura,,,,
TQ-MIX-PT,2.69905,BAR,OK,2026-06-28 11:05:08,580,leitura,,,,
RES-Q-TT,74.4338,C,OK,2026-06-28 11:05:08,580,leitura,,,,
RES-F-TT,12.5893,C,OK,2026-06-28 11:05:08,580,leitura,,,,
,28.0,,,2026-06-28 11:05:08,580,atuador,BOMBA-Q,PRINCIPAL,,
,28.0,,,2026-06-28 11:05:08,580,atuador,BOMBA-F,PRINCIPAL,,
,,,,2026-06-28 11:05:08,580,alarme,,,NIVEL_ALTO,media
TQ-MIX-TT,12.331,C,ALARME,2026-06-28 11:05:11,581,leitura,,,,
TQ-MIX-LT,84.8083,%,ALARME,2026-06-28 11:05:11,581,leitura,,,,
TQ-MIX-PT,2.69617,BAR,OK,2026-06-28 11:05:11,581,leitura,,,,
RES-Q-TT,74.5885,C,OK,2026-06-28 11:05:11,581,leitura,,,,
RES-F-TT,12.331,C,OK,2026-06-28 11:05:11,581,leitura,,,,
,28.0,,,2026-06-28 11:05:11,581,atuador,BOMBA-Q,PRINCIPAL,,
,28.0,,,2026-06-28 11:05:11,581,atuador,BOMBA-F,PRINCIPAL,,
,,,,2026-06-28 11:05:11,581,alarme,,,NIVEL_ALTO,media
TQ-MIX-TT,31.6133,C,ALARME,2026-06-28 11:05:14,582,leitura,,,,
TQ-MIX-LT,84.9283,%,ALARME,2026-06-28 11:05:14,582,leitura,,,,
TQ-MIX-PT,2.69857,BAR,OK,2026-06-28 11:05:14,582,leitura,,,,
RES-Q-TT,74.3264,C,OK,2026-06-28 11:05:14,582,leitura,,,,
RES-F-TT,12.4234,C,OK,2026-06-28 11:05:14,582,leitura,,,,
,28.0,,,2026-06-28 11:05:14,582,atuador,BOMBA-Q,PRINCIPAL,,
,8.0,,,2026-06-28 11:05:14,582,atuador,BOMBA-F,PRINCIPAL,,
,,,,2026-06-28 11:05:14,582,alarme,,,NIVEL_ALTO,media
TQ-MIX-TT,52.4115,C,ALARME,2026-06-28 11:05:17,583,leitura,,,,
TQ-MIX-LT,85.2643,%,ALARME,2026-06-28 11:05:17,583,leitura,,,,
TQ-MIX-PT,2.70529,BAR,OK,2026-06-28 11:05:17,583,leitura,,,,
RES-Q-TT,74.0902,C,OK,2026-06-28 11:05:17,583,leitura,,,,
RES-F-TT,12.5448,C,OK,2026-06-28 11:05:17,583,leitura,,,,
,28.0,,,2026-06-28 11:05:17,583,atuador,BOMBA-Q,PRINCIPAL,,
,28.0,,,2026-06-28 11:05:17,583,atuador,BOMBA-F,PRINCIPAL,,
,,,,2026-06-28 11:05:17,583,alarme,,,NIVEL_ALTO,media
TQ-MIX-TT,28.5462,C,ALARME,2026-06-28 11:05:20,584,leitura,,,,
TQ-MIX-LT,85.9603,%,ALARME,2026-06-28 11:05:20,584,leitura,,,,
TQ-MIX-PT,2.71921,BAR,OK,2026-06-28 11:05:20,584,leitura,,,,
RES-Q-TT,74.2282,C,OK,2026-06-28 11:05:20,584,leitura,,,,
RES-F-TT,12.2866,C,OK,2026-06-28 11:05:20,584,leitura,,,,
,28.0,,,2026-06-28 11:05:20,584,atuador,BOMBA-Q,PRINCIPAL,,
,28.0,,,2026-06-28 11:05:20,584,atuador,BOMBA-F,PRINCIPAL,,
,,,,2026-06-28 11:05:20,584,alarme,,,NIVEL_ALTO,media
TQ-MIX-TT,30.9175,C,ALARME,2026-06-28 11:05:23,585,leitura,,,,
TQ-MIX-LT,86.5443,%,ALARME,2026-06-28 11:05:23,585,leitura,,,,
TQ-MIX-PT,2.73089,BAR,OK,2026-06-28 11:05:23,585,leitura,,,,
RES-Q-TT,74.2186,C,OK,2026-06-28 11:05:23,585,leitura,,,,
RES-F-TT,12.3598,C,OK,2026-06-28 11:05:23,585,leitura,,,,
,28.0,,,2026-06-28 11:05:23,585,atuador,BOMBA-Q,PRINCIPAL,,
,28.0,,,2026-06-28 11:05:23,585,atuador,BOMBA-F,PRINCIPAL,,
,,,,2026-06-28 11:05:23,585,alarme,,,NIVEL_ALTO,media
TQ-MIX-TT,33.9091,C,ALARME,2026-06-28 11:05:26,586,leitura,,,,
TQ-MIX-LT,87.0163,%,ALARME,2026-06-28 11:05:26,586,leitura,,,,
TQ-MIX-PT,2.74033,BAR,OK,2026-06-28 11:05:26,586,leitura,,,,
RES-Q-TT,73.963,C,OK,2026-06-28 11:05:26,586,leitura,,,,
RES-F-TT,12.3416,C,OK,2026-06-28 11:05:26,586,leitura,,,,
,28.0,,,2026-06-28 11:05:26,586,atuador,BOMBA-Q,PRINCIPAL,,
,28.0,,,2026-06-28 11:05:26,586,atuador,BOMBA-F,PRINCIPAL,,
,,,,2026-06-28 11:05:26,586,alarme,,,NIVEL_ALTO,media
TQ-MIX-TT,38.078,C,ALARME,2026-06-28 11:05:29,587,leitura,,,,
TQ-MIX-LT,87.3763,%,ALARME,2026-06-28 11:05:29,587,leitura,,,,
TQ-MIX-PT,2.74753,BAR,OK,2026-06-28 11:05:29,587,leitura,,,,
RES-Q-TT,73.7894,C,OK,2026-06-28 11:05:29,587,leitura,,,,
RES-F-TT,12.2181,C,OK,2026-06-28 11:05:29,587,leitura,,,,
,28.0,,,2026-06-28 11:05:29,587,atuador,BOMBA-Q,PRINCIPAL,,
,28.0,,,2026-06-28 11:05:29,587,atuador,BOMBA-F,PRINCIPAL,,
,,,,2026-06-28 11:05:29,587,alarme,,,NIVEL_ALTO,media
TQ-MIX-TT,29.2057,C,ALARME,2026-06-28 11:05:32,588,leitura,,,,
TQ-MIX-LT,87.6243,%,ALARME,2026-06-28 11:05:32,588,leitura,,,,
TQ-MIX-PT,2.75249,BAR,OK,2026-06-28 11:05:32,588,leitura,,,,
RES-Q-TT,73.7846,C,OK,2026-06-28 11:05:32,588,leitura,,,,
RES-F-TT,12.2964,C,OK,2026-06-28 11:05:32,588,leitura,,,,
,28.0,,,2026-06-28 11:05:32,588,atuador,BOMBA-Q,PRINCIPAL,,
,28.0,,,2026-06-28 11:05:32,588,atuador,BOMBA-F,PRINCIPAL,,
,,,,2026-06-28 11:05:32,588,alarme,,,NIVEL_ALTO,media
TQ-MIX-TT,35.1118,C,ALARME,2026-06-28 11:05:35,589,leitura,,,,
TQ-MIX-LT,87.7603,%,ALARME,2026-06-28 11:05:35,589,leitura,,,,
TQ-MIX-PT,2.75521,BAR,OK,2026-06-28 11:05:35,589,leitura,,,,
RES-Q-TT,74.0652,C,OK,2026-06-28 11:05:35,589,leitura,,,,
RES-F-TT,12.5598,C,OK,2026-06-28 11:05:35,589,leitura,,,,
,28.0,,,2026-06-28 11:05:35,589,atuador,BOMBA-Q,PRINCIPAL,,
,28.0,,,2026-06-28 11:05:35,589,atuador,BOMBA-F,PRINCIPAL,,
,,,,2026-06-28 11:05:35,589,alarme,,,NIVEL_ALTO,media
TQ-MIX-TT,31.0159,C,ALARME,2026-06-28 11:05:38,590,leitura,,,,
TQ-MIX-LT,87.7843,%,ALARME,2026-06-28 11:05:38,590,leitura,,,,
TQ-MIX-PT,2.75569,BAR,OK,2026-06-28 11:05:38,590,leitura,,,,
RES-Q-TT,73.9008,C,OK,2026-06-28 11:05:38,590,leitura,,,,
RES-F-TT,12.6367,C,OK,2026-06-28 11:05:38,590,leitura,,,,
,28.0,,,2026-06-28 11:05:38,590,atuador,BOMBA-Q,PRINCIPAL,,
,28.0,,,2026-06-28 11:05:38,590,atuador,BOMBA-F,PRINCIPAL,,
,,,,2026-06-28 11:05:38,590,alarme,,,NIVEL_ALTO,media
TQ-MIX-TT,49.3084,C,ALARME,2026-06-28 11:05:41,591,leitura,,,,
TQ-MIX-LT,87.6963,%,ALARME,2026-06-28 11:05:41,591,leitura,,,,
TQ-MIX-PT,2.75393,BAR,OK,2026-06-28 11:05:41,591,leitura,,,,
RES-Q-TT,73.7059,C,OK,2026-06-28 11:05:41,591,leitura,,,,
RES-F-TT,12.7121,C,OK,2026-06-28 11:05:41,591,leitura,,,,
,28.0,,,2026-06-28 11:05:41,591,atuador,BOMBA-Q,PRINCIPAL,,
,28.0,,,2026-06-28 11:05:41,591,atuador,BOMBA-F,PRINCIPAL,,
,,,,2026-06-28 11:05:41,591,alarme,,,NIVEL_ALTO,media
TQ-MIX-TT,12.772,C,ALARME,2026-06-28 11:05:44,592,leitura,,,,
TQ-MIX-LT,87.5523,%,ALARME,2026-06-28 11:05:44,592,leitura,,,,
TQ-MIX-PT,2.75105,BAR,OK,2026-06-28 11:05:44,592,leitura,,,,
RES-Q-TT,73.9524,C,OK,2026-06-28 11:05:44,592,leitura,,,,
RES-F-TT,12.772,C,OK,2026-06-28 11:05:44,592,leitura,,,,
,28.0,,,2026-06-28 11:05:44,592,atuador,BOMBA-Q,PRINCIPAL,,
,28.0,,,2026-06-28 11:05:44,592,atuador,BOMBA-F,PRINCIPAL,,
,,,,2026-06-28 11:05:44,592,alarme,,,NIVEL_ALTO,media
TQ-MIX-TT,74.0687,C,ALARME,2026-06-28 11:05:47,593,leitura,,,,
TQ-MIX-LT,87.4083,%,ALARME,2026-06-28 11:05:47,593,leitura,,,,
TQ-MIX-PT,2.74817,BAR,OK,2026-06-28 11:05:47,593,leitura,,,,
RES-Q-TT,74.0687,C,OK,2026-06-28 11:05:47,593,leitura,,,,
RES-F-TT,12.9272,C,OK,2026-06-28 11:05:47,593,leitura,,,,
,28.0,,,2026-06-28 11:05:47,593,atuador,BOMBA-Q,PRINCIPAL,,
,28.0,,,2026-06-28 11:05:47,593,atuador,BOMBA-F,PRINCIPAL,,
,,,,2026-06-28 11:05:47,593,alarme,,,NIVEL_ALTO,media
TQ-MIX-TT,12.6649,C,ALARME,2026-06-28 11:05:50,594,leitura,,,,
TQ-MIX-LT,87.2643,%,ALARME,2026-06-28 11:05:50,594,leitura,,,,
TQ-MIX-PT,2.74529,BAR,OK,2026-06-28 11:05:50,594,leitura,,,,
RES-Q-TT,73.9168,C,OK,2026-06-28 11:05:50,594,leitura,,,,
RES-F-TT,12.6649,C,OK,2026-06-28 11:05:50,594,leitura,,,,
,28.0,,,2026-06-28 11:05:50,594,atuador,BOMBA-Q,PRINCIPAL,,
,28.0,,,2026-06-28 11:05:50,594,atuador,BOMBA-F,PRINCIPAL,,
,,,,2026-06-28 11:05:50,594,alarme,,,NIVEL_ALTO,media
TQ-MIX-TT,74.1765,C,ALARME,2026-06-28 11:05:53,595,leitura,,,,
TQ-MIX-LT,87.1203,%,ALARME,2026-06-28 11:05:53,595,leitura,,,,
TQ-MIX-PT,2.74241,BAR,OK,2026-06-28 11:05:53,595,leitura,,,,
RES-Q-TT,74.1765,C,OK,2026-06-28 11:05:53,595,leitura,,,,
RES-F-TT,12.4566,C,OK,2026-06-28 11:05:53,595,leitura,,,,
,28.0,,,2026-06-28 11:05:53,595,atuador,BOMBA-Q,PRINCIPAL,,
,28.0,,,2026-06-28 11:05:53,595,atuador,BOMBA-F,PRINCIPAL,,
,,,,2026-06-28 11:05:53,595,alarme,,,NIVEL_ALTO,media
TQ-MIX-TT,12.5152,C,ALARME,2026-06-28 11:05:56,596,leitura,,,,
TQ-MIX-LT,86.9763,%,ALARME,2026-06-28 11:05:56,596,leitura,,,,
TQ-MIX-PT,2.73953,BAR,OK,2026-06-28 11:05:56,596,leitura,,,,
RES-Q-TT,74.3562,C,OK,2026-06-28 11:05:56,596,leitura,,,,
RES-F-TT,12.5152,C,OK,2026-06-28 11:05:56,596,leitura,,,,
,28.0,,,2026-06-28 11:05:56,596,atuador,BOMBA-Q,PRINCIPAL,,
,28.0,,,2026-06-28 11:05:56,596,atuador,BOMBA-F,PRINCIPAL,,
,,,,2026-06-28 11:05:56,596,alarme,,,NIVEL_ALTO,media
TQ-MIX-TT,74.3254,C,ALARME,2026-06-28 11:05:59,597,leitura,,,,
TQ-MIX-LT,86.8323,%,ALARME,2026-06-28 11:05:59,597,leitura,,,,
TQ-MIX-PT,2.73665,BAR,OK,2026-06-28 11:05:59,597,leitura,,,,
RES-Q-TT,74.3254,C,OK,2026-06-28 11:05:59,597,leitura,,,,
RES-F-TT,12.2317,C,OK,2026-06-28 11:05:59,597,leitura,,,,
,28.0,,,2026-06-28 11:05:59,597,atuador,BOMBA-Q,PRINCIPAL,,
,28.0,,,2026-06-28 11:05:59,597,atuador,BOMBA-F,PRINCIPAL,,
,,,,2026-06-28 11:05:59,597,alarme,,,NIVEL_ALTO,media
TQ-MIX-TT,11.9734,C,ALARME,2026-06-28 11:06:02,598,leitura,,,,
TQ-MIX-LT,86.6883,%,ALARME,2026-06-28 11:06:02,598,leitura,,,,
TQ-MIX-PT,2.73377,BAR,OK,2026-06-28 11:06:02,598,leitura,,,,
RES-Q-TT,74.5856,C,OK,2026-06-28 11:06:02,598,leitura,,,,
RES-F-TT,11.9734,C,OK,2026-06-28 11:06:02,598,leitura,,,,
,28.0,,,2026-06-28 11:06:02,598,atuador,BOMBA-Q,PRINCIPAL,,
,28.0,,,2026-06-28 11:06:02,598,atuador,BOMBA-F,PRINCIPAL,,
,,,,2026-06-28 11:06:02,598,alarme,,,NIVEL_ALTO,media
TQ-MIX-TT,74.8199,C,ALARME,2026-06-28 11:06:05,599,leitura,,,,
TQ-MIX-LT,86.5443,%,ALARME,2026-06-28 11:06:05,599,leitura,,,,
TQ-MIX-PT,2.73089,BAR,OK,2026-06-28 11:06:05,599,leitura,,,,
RES-Q-TT,74.8199,C,OK,2026-06-28 11:06:05,599,leitura,,,,
RES-F-TT,12.0844,C,OK,2026-06-28 11:06:05,599,leitura,,,,
,28.0,,,2026-06-28 11:06:05,599,atuador,BOMBA-Q,PRINCIPAL,,
,28.0,,,2026-06-28 11:06:05,599,atuador,BOMBA-F,PRINCIPAL,,
,,,,2026-06-28 11:06:05,599,alarme,,,NIVEL_ALTO,media
TQ-MIX-TT,12.07,C,ALARME,2026-06-28 11:06:08,600,leitura,,,,
TQ-MIX-LT,86.4003,%,ALARME,2026-06-28 11:06:08,600,leitura,,,,
TQ-MIX-PT,2.7280100000000003,BAR,OK,2026-06-28 11:06:08,600,leitura,,,,
RES-Q-TT,74.5656,C,OK,2026-06-28 11:06:08,600,leitura,,,,
RES-F-TT,12.07,C,OK,2026-06-28 11:06:08,600,leitura,,,,
,28.0,,,2026-06-28 11:06:08,600,atuador,BOMBA-Q,PRINCIPAL,,
,28.0,,,2026-06-28 11:06:08,600,atuador,BOMBA-F,PRINCIPAL,,
,,,,2026-06-28 11:06:08,600,alarme,,,NIVEL_ALTO,media
TQ-MIX-TT,74.3335,C,ALARME,2026-06-28 11:06:11,601,leitura,,,,
TQ-MIX-LT,86.2563,%,ALARME,2026-06-28 11:06:11,601,leitura,,,,
TQ-MIX-PT,2.72513,BAR,OK,2026-06-28 11:06:11,601,leitura,,,,
RES-Q-TT,74.3335,C,OK,2026-06-28 11:06:11,601,leitura,,,,
RES-F-TT,12.104,C,OK,2026-06-28 11:06:11,601,leitura,,,,
,28.0,,,2026-06-28 11:06:11,601,atuador,BOMBA-Q,PRINCIPAL,,
,28.0,,,2026-06-28 11:06:11,601,atuador,BOMBA-F,PRINCIPAL,,
,,,,2026-06-28 11:06:11,601,alarme,,,NIVEL_ALTO,media
TQ-MIX-TT,11.8096,C,ALARME,2026-06-28 11:06:14,602,leitura,,,,
TQ-MIX-LT,86.1123,%,ALARME,2026-06-28 11:06:14,602,leitura,,,,
TQ-MIX-PT,2.72225,BAR,OK,2026-06-28 11:06:14,602,leitura,,,,
RES-Q-TT,74.1399,C,OK,2026-06-28 11:06:14,602,leitura,,,,
RES-F-TT,11.8096,C,OK,2026-06-28 11:06:14,602,leitura,,,,
,28.0,,,2026-06-28 11:06:14,602,atuador,BOMBA-Q,PRINCIPAL,,
,28.0,,,2026-06-28 11:06:14,602,atuador,BOMBA-F,PRINCIPAL,,
,,,,2026-06-28 11:06:14,602,alarme,,,NIVEL_ALTO,media
TQ-MIX-TT,74.0649,C,ALARME,2026-06-28 11:06:17,603,leitura,,,,
TQ-MIX-LT,85.9683,%,ALARME,2026-06-28 11:06:17,603,leitura,,,,
TQ-MIX-PT,2.71937,BAR,OK,2026-06-28 11:06:17,603,leitura,,,,
RES-Q-TT,74.0649,C,OK,2026-06-28 11:06:17,603,leitura,,,,
RES-F-TT,11.722,C,OK,2026-06-28 11:06:17,603,leitura,,,,
,28.0,,,2026-06-28 11:06:17,603,atuador,BOMBA-Q,PRINCIPAL,,
,28.0,,,2026-06-28 11:06:17,603,atuador,BOMBA-F,PRINCIPAL,,
,,,,2026-06-28 11:06:17,603,alarme,,,NIVEL_ALTO,media
TQ-MIX-TT,11.5073,C,ALARME,2026-06-28 11:06:20,604,leitura,,,,
TQ-MIX-LT,85.8243,%,ALARME,2026-06-28 11:06:20,604,leitura,,,,
TQ-MIX-PT,2.7164900000000003,BAR,OK,2026-06-28 11:06:20,604,leitura,,,,
RES-Q-TT,73.9206,C,OK,2026-06-28 11:06:20,604,leitura,,,,
RES-F-TT,11.5073,C,OK,2026-06-28 11:06:20,604,leitura,,,,
,28.0,,,2026-06-28 11:06:20,604,atuador,BOMBA-Q,PRINCIPAL,,
,28.0,,,2026-06-28 11:06:20,604,atuador,BOMBA-F,PRINCIPAL,,
,,,,2026-06-28 11:06:20,604,alarme,,,NIVEL_ALTO,media
TQ-MIX-TT,73.6375,C,ALARME,2026-06-28 11:06:23,605,leitura,,,,
TQ-MIX-LT,85.6803,%,ALARME,2026-06-28 11:06:23,605,leitura,,,,
TQ-MIX-PT,2.71361,BAR,OK,2026-06-28 11:06:23,605,leitura,,,,
RES-Q-TT,73.6375,C,OK,2026-06-28 11:06:23,605,leitura,,,,
RES-F-TT,11.6053,C,OK,2026-06-28 11:06:23,605,leitura,,,,
,28.0,,,2026-06-28 11:06:23,605,atuador,BOMBA-Q,PRINCIPAL,,
,28.0,,,2026-06-28 11:06:23,605,atuador,BOMBA-F,PRINCIPAL,,
,,,,2026-06-28 11:06:23,605,alarme,,,NIVEL_ALTO,media
TQ-MIX-TT,11.4265,C,ALARME,2026-06-28 11:06:26,606,leitura,,,,
TQ-MIX-LT,85.5363,%,ALARME,2026-06-28 11:06:26,606,leitura,,,,
TQ-MIX-PT,2.71073,BAR,OK,2026-06-28 11:06:26,606,leitura,,,,
RES-Q-TT,73.9106,C,OK,2026-06-28 11:06:26,606,leitura,,,,
RES-F-TT,11.4265,C,OK,2026-06-28 11:06:26,606,leitura,,,,
,28.0,,,2026-06-28 11:06:26,606,atuador,BOMBA-Q,PRINCIPAL,,
,28.0,,,2026-06-28 11:06:26,606,atuador,BOMBA-F,PRINCIPAL,,
,,,,2026-06-28 11:06:26,606,alarme,,,NIVEL_ALTO,media
TQ-MIX-TT,74.1478,C,ALARME,2026-06-28 11:06:29,607,leitura,,,,
TQ-MIX-LT,85.3923,%,ALARME,2026-06-28 11:06:29,607,leitura,,,,
TQ-MIX-PT,2.70785,BAR,OK,2026-06-28 11:06:29,607,leitura,,,,
RES-Q-TT,74.1478,C,OK,2026-06-28 11:06:29,607,leitura,,,,
RES-F-TT,11.5616,C,OK,2026-06-28 11:06:29,607,leitura,,,,
,28.0,,,2026-06-28 11:06:29,607,atuador,BOMBA-Q,PRINCIPAL,,
,28.0,,,2026-06-28 11:06:29,607,atuador,BOMBA-F,PRINCIPAL,,
,,,,2026-06-28 11:06:29,607,alarme,,,NIVEL_ALTO,media
TQ-MIX-TT,11.646,C,ALARME,2026-06-28 11:06:32,608,leitura,,,,
TQ-MIX-LT,85.2483,%,ALARME,2026-06-28 11:06:32,608,leitura,,,,
TQ-MIX-PT,2.7049700000000003,BAR,OK,2026-06-28 11:06:32,608,leitura,,,,
RES-Q-TT,74.0911,C,OK,2026-06-28 11:06:32,608,leitura,,,,
RES-F-TT,11.646,C,OK,2026-06-28 11:06:32,608,leitura,,,,
,28.0,,,2026-06-28 11:06:32,608,atuador,BOMBA-Q,PRINCIPAL,,
,28.0,,,2026-06-28 11:06:32,608,atuador,BOMBA-F,PRINCIPAL,,
,,,,2026-06-28 11:06:32,608,alarme,,,NIVEL_ALTO,media
TQ-MIX-TT,73.831,C,ALARME,2026-06-28 11:06:35,609,leitura,,,,
TQ-MIX-LT,85.1043,%,ALARME,2026-06-28 11:06:35,609,leitura,,,,
TQ-MIX-PT,2.70209,BAR,OK,2026-06-28 11:06:35,609,leitura,,,,
RES-Q-TT,73.831,C,OK,2026-06-28 11:06:35,609,leitura,,,,
RES-F-TT,11.717,C,OK,2026-06-28 11:06:35,609,leitura,,,,
,28.0,,,2026-06-28 11:06:35,609,atuador,BOMBA-Q,PRINCIPAL,,
,28.0,,,2026-06-28 11:06:35,609,atuador,BOMBA-F,PRINCIPAL,,
,,,,2026-06-28 11:06:35,609,alarme,,,NIVEL_ALTO,media
TQ-MIX-TT,11.5748,C,ALARME,2026-06-28 11:06:38,610,leitura,,,,
TQ-MIX-LT,84.9603,%,ALARME,2026-06-28 11:06:38,610,leitura,,,,
TQ-MIX-PT,2.69921,BAR,OK,2026-06-28 11:06:38,610,leitura,,,,
RES-Q-TT,73.9387,C,OK,2026-06-28 11:06:38,610,leitura,,,,
RES-F-TT,11.5748,C,OK,2026-06-28 11:06:38,610,leitura,,,,
,28.0,,,2026-06-28 11:06:38,610,atuador,BOMBA-Q,PRINCIPAL,,
,28.0,,,2026-06-28 11:06:38,610,atuador,BOMBA-F,PRINCIPAL,,
,,,,2026-06-28 11:06:38,610,alarme,,,NIVEL_ALTO,media
TQ-MIX-TT,73.66,C,ALARME,2026-06-28 11:06:41,611,leitura,,,,
TQ-MIX-LT,84.8163,%,ALARME,2026-06-28 11:06:41,611,leitura,,,,
TQ-MIX-PT,2.69633,BAR,OK,2026-06-28 11:06:41,611,leitura,,,,
RES-Q-TT,73.66,C,OK,2026-06-28 11:06:41,611,leitura,,,,
RES-F-TT,11.5666,C,OK,2026-06-28 11:06:41,611,leitura,,,,
,28.0,,,2026-06-28 11:06:41,611,atuador,BOMBA-Q,PRINCIPAL,,
,28.0,,,2026-06-28 11:06:41,611,atuador,BOMBA-F,PRINCIPAL,,
,,,,2026-06-28 11:06:41,611,alarme,,,NIVEL_ALTO,media
TQ-MIX-TT,11.4363,C,ALARME,2026-06-28 11:06:44,612,leitura,,,,
TQ-MIX-LT,84.6723,%,ALARME,2026-06-28 11:06:44,612,leitura,,,,
TQ-MIX-PT,2.69345,BAR,OK,2026-06-28 11:06:44,612,leitura,,,,
RES-Q-TT,73.638,C,OK,2026-06-28 11:06:44,612,leitura,,,,
RES-F-TT,11.4363,C,OK,2026-06-28 11:06:44,612,leitura,,,,
,28.0,,,2026-06-28 11:06:44,612,atuador,BOMBA-Q,PRINCIPAL,,
,28.0,,,2026-06-28 11:06:44,612,atuador,BOMBA-F,PRINCIPAL,,
,,,,2026-06-28 11:06:44,612,alarme,,,NIVEL_ALTO,media
TQ-MIX-TT,73.4261,C,ALARME,2026-06-28 11:06:47,613,leitura,,,,
TQ-MIX-LT,84.5283,%,ALARME,2026-06-28 11:06:47,613,leitura,,,,
TQ-MIX-PT,2.69057,BAR,OK,2026-06-28 11:06:47,613,leitura,,,,
RES-Q-TT,73.4261,C,OK,2026-06-28 11:06:47,613,leitura,,,,
RES-F-TT,11.5421,C,OK,2026-06-28 11:06:47,613,leitura,,,,
,28.0,,,2026-06-28 11:06:47,613,atuador,BOMBA-Q,PRINCIPAL,,
,28.0,,,2026-06-28 11:06:47,613,atuador,BOMBA-F,PRINCIPAL,,
,,,,2026-06-28 11:06:47,613,alarme,,,NIVEL_ALTO,media
TQ-MIX-TT,11.3497,C,ALARME,2026-06-28 11:06:50,614,leitura,,,,
TQ-MIX-LT,84.3843,%,ALARME,2026-06-28 11:06:50,614,leitura,,,,
TQ-MIX-PT,2.68769,BAR,OK,2026-06-28 11:06:50,614,leitura,,,,
RES-Q-TT,73.4534,C,OK,2026-06-28 11:06:50,614,leitura,,,,
RES-F-TT,11.3497,C,OK,2026-06-28 11:06:50,614,leitura,,,,
,28.0,,,2026-06-28 11:06:50,614,atuador,BOMBA-Q,PRINCIPAL,,
,28.0,,,2026-06-28 11:06:50,614,atuador,BOMBA-F,PRINCIPAL,,
,,,,2026-06-28 11:06:50,614,alarme,,,NIVEL_ALTO,media
TQ-MIX-TT,24.1009,C,OK,2026-06-28 11:44:32,1,leitura,,,,
TQ-MIX-LT,50.12,%,OK,2026-06-28 11:44:32,1,leitura,,,,
TQ-MIX-PT,2.0024,BAR,OK,2026-06-28 11:44:32,1,leitura,,,,
RES-Q-TT,71.0468,C,OK,2026-06-28 11:44:32,1,leitura,,,,
RES-F-TT,18.8847,C,OK,2026-06-28 11:44:32,1,leitura,,,,
,8.0,,,2026-06-28 11:44:32,1,atuador,BOMBA-Q,PRINCIPAL,,
,8.0,,,2026-06-28 11:44:32,1,atuador,BOMBA-F,PRINCIPAL,,
TQ-MIX-TT,34.6539,C,OK,2026-06-28 11:44:36,2,leitura,,,,
TQ-MIX-LT,50.24,%,OK,2026-06-28 11:44:36,2,leitura,,,,
TQ-MIX-PT,2.0048,BAR,OK,2026-06-28 11:44:36,2,leitura,,,,
RES-Q-TT,72.0013,C,OK,2026-06-28 11:44:36,2,leitura,,,,
RES-F-TT,17.8747,C,OK,2026-06-28 11:44:36,2,leitura,,,,
,8.0,,,2026-06-28 11:44:36,2,atuador,BOMBA-Q,PRINCIPAL,,
,8.0,,,2026-06-28 11:44:36,2,atuador,BOMBA-F,PRINCIPAL,,
TQ-MIX-TT,34.256,C,OK,2026-06-28 11:44:41,3,leitura,,,,
TQ-MIX-LT,50.36,%,OK,2026-06-28 11:44:41,3,leitura,,,,
TQ-MIX-PT,2.0072,BAR,OK,2026-06-28 11:44:41,3,leitura,,,,
RES-Q-TT,72.9104,C,OK,2026-06-28 11:44:41,3,leitura,,,,
RES-F-TT,16.8896,C,OK,2026-06-28 11:44:41,3,leitura,,,,
,28.0,,,2026-06-28 11:44:41,3,atuador,BOMBA-Q,PRINCIPAL,,
,8.0,,,2026-06-28 11:44:41,3,atuador,BOMBA-F,PRINCIPAL,,
TQ-MIX-TT,54.2977,C,OK,2026-06-28 11:44:46,4,leitura,,,,
TQ-MIX-LT,50.768,%,OK,2026-06-28 11:44:46,4,leitura,,,,
TQ-MIX-PT,2.01536,BAR,OK,2026-06-28 11:44:46,4,leitura,,,,
RES-Q-TT,73.4742,C,OK,2026-06-28 11:44:46,4,leitura,,,,
RES-F-TT,16.5439,C,OK,2026-06-28 11:44:46,4,leitura,,,,
,28.0,,,2026-06-28 11:44:46,4,atuador,BOMBA-Q,PRINCIPAL,,
,28.0,,,2026-06-28 11:44:46,4,atuador,BOMBA-F,PRINCIPAL,,
TQ-MIX-TT,34.1385,C,OK,2026-06-28 11:44:51,5,leitura,,,,
TQ-MIX-LT,51.688,%,OK,2026-06-28 11:44:51,5,leitura,,,,
TQ-MIX-PT,2.03376,BAR,OK,2026-06-28 11:44:51,5,leitura,,,,
RES-Q-TT,74.1198,C,OK,2026-06-28 11:44:51,5,leitura,,,,
RES-F-TT,16.176,C,OK,2026-06-28 11:44:51,5,leitura,,,,
,28.0,,,2026-06-28 11:44:51,5,atuador,BOMBA-Q,PRINCIPAL,,
,28.0,,,2026-06-28 11:44:51,5,atuador,BOMBA-F,PRINCIPAL,,
TQ-MIX-TT,36.8177,C,OK,2026-06-28 11:44:55,6,leitura,,,,
TQ-MIX-LT,52.608,%,OK,2026-06-28 11:44:55,6,leitura,,,,
TQ-MIX-PT,2.05216,BAR,OK,2026-06-28 11:44:55,6,leitura,,,,
RES-Q-TT,74.1101,C,OK,2026-06-28 11:44:55,6,leitura,,,,
RES-F-TT,15.8408,C,OK,2026-06-28 11:44:55,6,leitura,,,,
,28.0,,,2026-06-28 11:44:55,6,atuador,BOMBA-Q,PRINCIPAL,,
,28.0,,,2026-06-28 11:44:55,6,atuador,BOMBA-F,PRINCIPAL,,
TQ-MIX-TT,33.785,C,OK,2026-06-28 11:45:00,7,leitura,,,,
TQ-MIX-LT,53.528,%,OK,2026-06-28 11:45:00,7,leitura,,,,
TQ-MIX-PT,2.07056,BAR,OK,2026-06-28 11:45:00,7,leitura,,,,
RES-Q-TT,73.8118,C,OK,2026-06-28 11:45:00,7,leitura,,,,
RES-F-TT,15.802,C,OK,2026-06-28 11:45:00,7,leitura,,,,
,28.0,,,2026-06-28 11:45:00,7,atuador,BOMBA-Q,PRINCIPAL,,
,28.0,,,2026-06-28 11:45:00,7,atuador,BOMBA-F,PRINCIPAL,,
TQ-MIX-TT,36.5911,C,OK,2026-06-28 11:45:05,8,leitura,,,,
TQ-MIX-LT,54.448,%,OK,2026-06-28 11:45:05,8,leitura,,,,
TQ-MIX-PT,2.08896,BAR,OK,2026-06-28 11:45:05,8,leitura,,,,
RES-Q-TT,73.7059,C,OK,2026-06-28 11:45:05,8,leitura,,,,
RES-F-TT,15.714,C,OK,2026-06-28 11:45:05,8,leitura,,,,
,28.0,,,2026-06-28 11:45:05,8,atuador,BOMBA-Q,PRINCIPAL,,
,28.0,,,2026-06-28 11:45:05,8,atuador,BOMBA-F,PRINCIPAL,,
TQ-MIX-TT,33.7759,C,OK,2026-06-28 11:45:10,9,leitura,,,,
TQ-MIX-LT,55.368,%,OK,2026-06-28 11:45:10,9,leitura,,,,
TQ-MIX-PT,2.10736,BAR,OK,2026-06-28 11:45:10,9,leitura,,,,
RES-Q-TT,73.7912,C,OK,2026-06-28 11:45:10,9,leitura,,,,
RES-F-TT,15.798,C,OK,2026-06-28 11:45:10,9,leitura,,,,
,28.0,,,2026-06-28 11:45:10,9,atuador,BOMBA-Q,PRINCIPAL,,
,28.0,,,2026-06-28 11:45:10,9,atuador,BOMBA-F,PRINCIPAL,,
TQ-MIX-TT,36.8108,C,OK,2026-06-28 11:45:15,10,leitura,,,,
TQ-MIX-LT,56.288,%,OK,2026-06-28 11:45:15,10,leitura,,,,
TQ-MIX-PT,2.12576,BAR,OK,2026-06-28 11:45:15,10,leitura,,,,
RES-Q-TT,73.7422,C,OK,2026-06-28 11:45:15,10,leitura,,,,
RES-F-TT,16.0369,C,OK,2026-06-28 11:45:15,10,leitura,,,,
,28.0,,,2026-06-28 11:45:15,10,atuador,BOMBA-Q,PRINCIPAL,,
,28.0,,,2026-06-28 11:45:15,10,atuador,BOMBA-F,PRINCIPAL,,
TQ-MIX-TT,34.1458,C,OK,2026-06-28 11:45:20,11,leitura,,,,
TQ-MIX-LT,57.208,%,OK,2026-06-28 11:45:20,11,leitura,,,,
TQ-MIX-PT,2.14416,BAR,OK,2026-06-28 11:45:20,11,leitura,,,,
RES-Q-TT,73.8989,C,OK,2026-06-28 11:45:20,11,leitura,,,,
RES-F-TT,16.2857,C,OK,2026-06-28 11:45:20,11,leitura,,,,
,28.0,,,2026-06-28 11:45:20,11,atuador,BOMBA-Q,PRINCIPAL,,
,28.0,,,2026-06-28 11:45:21,11,atuador,BOMBA-F,PRINCIPAL,,
TQ-MIX-TT,36.9141,C,OK,2026-06-28 11:45:24,12,leitura,,,,
TQ-MIX-LT,58.128,%,OK,2026-06-28 11:45:24,12,leitura,,,,
TQ-MIX-PT,2.16256,BAR,OK,2026-06-28 11:45:24,12,leitura,,,,
RES-Q-TT,73.7983,C,OK,2026-06-28 11:45:24,12,leitura,,,,
RES-F-TT,16.1667,C,OK,2026-06-28 11:45:24,12,leitura,,,,
,28.0,,,2026-06-28 11:45:24,12,atuador,BOMBA-Q,PRINCIPAL,,
,28.0,,,2026-06-28 11:45:24,12,atuador,BOMBA-F,PRINCIPAL,,
TQ-MIX-TT,34.0553,C,OK,2026-06-28 11:45:29,13,leitura,,,,
TQ-MIX-LT,59.048,%,OK,2026-06-28 11:45:29,13,leitura,,,,
TQ-MIX-PT,2.18096,BAR,OK,2026-06-28 11:45:29,13,leitura,,,,
RES-Q-TT,73.9382,C,OK,2026-06-28 11:45:29,13,leitura,,,,
RES-F-TT,16.1369,C,OK,2026-06-28 11:45:29,13,leitura,,,,
,28.0,,,2026-06-28 11:45:29,13,atuador,BOMBA-Q,PRINCIPAL,,
,28.0,,,2026-06-28 11:45:29,13,atuador,BOMBA-F,PRINCIPAL,,
TQ-MIX-TT,37.0602,C,OK,2026-06-28 11:45:35,14,leitura,,,,
TQ-MIX-LT,59.968,%,OK,2026-06-28 11:45:35,14,leitura,,,,
TQ-MIX-PT,2.19936,BAR,OK,2026-06-28 11:45:35,14,leitura,,,,
RES-Q-TT,73.8753,C,OK,2026-06-28 11:45:35,14,leitura,,,,
RES-F-TT,16.3517,C,OK,2026-06-28 11:45:35,14,leitura,,,,
,28.0,,,2026-06-28 11:45:35,14,atuador,BOMBA-Q,PRINCIPAL,,
,28.0,,,2026-06-28 11:45:35,14,atuador,BOMBA-F,PRINCIPAL,,
TQ-MIX-TT,34.1983,C,OK,2026-06-28 11:45:40,15,leitura,,,,
TQ-MIX-LT,60.888,%,OK,2026-06-28 11:45:40,15,leitura,,,,
TQ-MIX-PT,2.21776,BAR,OK,2026-06-28 11:45:40,15,leitura,,,,
RES-Q-TT,73.6257,C,OK,2026-06-28 11:45:40,15,leitura,,,,
RES-F-TT,16.4846,C,OK,2026-06-28 11:45:40,15,leitura,,,,
,28.0,,,2026-06-28 11:45:40,15,atuador,BOMBA-Q,PRINCIPAL,,
,28.0,,,2026-06-28 11:45:40,15,atuador,BOMBA-F,PRINCIPAL,,
TQ-MIX-TT,37.1415,C,OK,2026-06-28 11:45:45,16,leitura,,,,
TQ-MIX-LT,61.808,%,OK,2026-06-28 11:45:45,16,leitura,,,,
TQ-MIX-PT,2.23616,BAR,OK,2026-06-28 11:45:45,16,leitura,,,,
RES-Q-TT,73.5942,C,OK,2026-06-28 11:45:45,16,leitura,,,,
RES-F-TT,16.6369,C,OK,2026-06-28 11:45:45,16,leitura,,,,
,28.0,,,2026-06-28 11:45:45,16,atuador,BOMBA-Q,PRINCIPAL,,
,28.0,,,2026-06-28 11:45:45,16,atuador,BOMBA-F,PRINCIPAL,,
TQ-MIX-TT,34.4256,C,OK,2026-06-28 11:45:50,17,leitura,,,,
TQ-MIX-LT,62.728,%,OK,2026-06-28 11:45:50,17,leitura,,,,
TQ-MIX-PT,2.25456,BAR,OK,2026-06-28 11:45:50,17,leitura,,,,
RES-Q-TT,73.4761,C,OK,2026-06-28 11:45:50,17,leitura,,,,
RES-F-TT,16.8812,C,OK,2026-06-28 11:45:50,17,leitura,,,,
,28.0,,,2026-06-28 11:45:50,17,atuador,BOMBA-Q,PRINCIPAL,,
,28.0,,,2026-06-28 11:45:50,17,atuador,BOMBA-F,PRINCIPAL,,
TQ-MIX-TT,37.2175,C,OK,2026-06-28 11:45:53,18,leitura,,,,
TQ-MIX-LT,63.648,%,OK,2026-06-28 11:45:53,18,leitura,,,,
TQ-MIX-PT,2.27296,BAR,OK,2026-06-28 11:45:53,18,leitura,,,,
RES-Q-TT,73.5862,C,OK,2026-06-28 11:45:53,18,leitura,,,,
RES-F-TT,16.7601,C,OK,2026-06-28 11:45:53,18,leitura,,,,
,28.0,,,2026-06-28 11:45:53,18,atuador,BOMBA-Q,PRINCIPAL,,
,28.0,,,2026-06-28 11:45:53,18,atuador,BOMBA-F,PRINCIPAL,,
TQ-MIX-TT,34.5094,C,OK,2026-06-28 11:45:59,19,leitura,,,,
TQ-MIX-LT,64.568,%,OK,2026-06-28 11:45:59,19,leitura,,,,
TQ-MIX-PT,2.29136,BAR,OK,2026-06-28 11:45:59,19,leitura,,,,
RES-Q-TT,73.7216,C,OK,2026-06-28 11:45:59,19,leitura,,,,
RES-F-TT,16.8924,C,OK,2026-06-28 11:45:59,19,leitura,,,,
,28.0,,,2026-06-28 11:45:59,19,atuador,BOMBA-Q,PRINCIPAL,,
,28.0,,,2026-06-28 11:45:59,19,atuador,BOMBA-F,PRINCIPAL,,
TQ-MIX-TT,34.6556,C,OK,2026-06-28 11:46:04,20,leitura,,,,
TQ-MIX-LT,65.488,%,OK,2026-06-28 11:46:04,20,leitura,,,,
TQ-MIX-PT,2.30976,BAR,OK,2026-06-28 11:46:04,20,leitura,,,,
RES-Q-TT,73.8393,C,OK,2026-06-28 11:46:04,20,leitura,,,,
RES-F-TT,17.0514,C,OK,2026-06-28 11:46:04,20,leitura,,,,
,28.0,,,2026-06-28 11:46:04,20,atuador,BOMBA-Q,PRINCIPAL,,
,28.0,,,2026-06-28 11:46:04,20,atuador,BOMBA-F,PRINCIPAL,,
TQ-MIX-TT,34.725,C,OK,2026-06-28 11:46:09,21,leitura,,,,
TQ-MIX-LT,66.408,%,OK,2026-06-28 11:46:09,21,leitura,,,,
TQ-MIX-PT,2.32816,BAR,OK,2026-06-28 11:46:09,21,leitura,,,,
RES-Q-TT,74.0328,C,OK,2026-06-28 11:46:09,21,leitura,,,,
RES-F-TT,17.065,C,OK,2026-06-28 11:46:09,21,leitura,,,,
,28.0,,,2026-06-28 11:46:09,21,atuador,BOMBA-Q,PRINCIPAL,,
,28.0,,,2026-06-28 11:46:09,21,atuador,BOMBA-F,PRINCIPAL,,
TQ-MIX-TT,34.6342,C,OK,2026-06-28 11:46:14,22,leitura,,,,
TQ-MIX-LT,67.328,%,OK,2026-06-28 11:46:14,22,leitura,,,,
TQ-MIX-PT,2.34656,BAR,OK,2026-06-28 11:46:14,22,leitura,,,,
RES-Q-TT,74.1405,C,OK,2026-06-28 11:46:14,22,leitura,,,,
RES-F-TT,16.885,C,OK,2026-06-28 11:46:14,22,leitura,,,,
,28.0,,,2026-06-28 11:46:14,22,atuador,BOMBA-Q,PRINCIPAL,,
,28.0,,,2026-06-28 11:46:14,22,atuador,BOMBA-F,PRINCIPAL,,
TQ-MIX-TT,34.6668,C,OK,2026-06-28 11:46:19,23,leitura,,,,
TQ-MIX-LT,68.248,%,OK,2026-06-28 11:46:19,23,leitura,,,,
TQ-MIX-PT,2.36496,BAR,OK,2026-06-28 11:46:19,23,leitura,,,,
RES-Q-TT,74.4074,C,OK,2026-06-28 11:46:19,23,leitura,,,,
RES-F-TT,16.8124,C,OK,2026-06-28 11:46:19,23,leitura,,,,
,28.0,,,2026-06-28 11:46:19,23,atuador,BOMBA-Q,PRINCIPAL,,
,28.0,,,2026-06-28 11:46:19,23,atuador,BOMBA-F,PRINCIPAL,,
TQ-MIX-TT,34.3829,C,OK,2026-06-28 11:46:24,24,leitura,,,,
TQ-MIX-LT,69.168,%,OK,2026-06-28 11:46:24,24,leitura,,,,
TQ-MIX-PT,2.38336,BAR,OK,2026-06-28 11:46:24,24,leitura,,,,
RES-Q-TT,74.1158,C,OK,2026-06-28 11:46:24,24,leitura,,,,
RES-F-TT,16.5318,C,OK,2026-06-28 11:46:24,24,leitura,,,,
,28.0,,,2026-06-28 11:46:24,24,atuador,BOMBA-Q,PRINCIPAL,,
,28.0,,,2026-06-28 11:46:24,24,atuador,BOMBA-F,PRINCIPAL,,
TQ-MIX-TT,37.2701,C,OK,2026-06-28 11:46:28,25,leitura,,,,
TQ-MIX-LT,70.088,%,OK,2026-06-28 11:46:28,25,leitura,,,,
TQ-MIX-PT,2.40176,BAR,OK,2026-06-28 11:46:28,25,leitura,,,,
RES-Q-TT,74.3642,C,OK,2026-06-28 11:46:28,25,leitura,,,,
RES-F-TT,16.4047,C,OK,2026-06-28 11:46:28,25,leitura,,,,
,28.0,,,2026-06-28 11:46:28,25,atuador,BOMBA-Q,PRINCIPAL,,
,28.0,,,2026-06-28 11:46:28,25,atuador,BOMBA-F,PRINCIPAL,,
TQ-MIX-TT,34.6139,C,OK,2026-06-28 11:46:33,26,leitura,,,,
TQ-MIX-LT,71.008,%,OK,2026-06-28 11:46:33,26,leitura,,,,
TQ-MIX-PT,2.42016,BAR,OK,2026-06-28 11:46:33,26,leitura,,,,
RES-Q-TT,74.4867,C,OK,2026-06-28 11:46:33,26,leitura,,,,
RES-F-TT,16.7,C,OK,2026-06-28 11:46:33,26,leitura,,,,
,28.0,,,2026-06-28 11:46:33,26,atuador,BOMBA-Q,PRINCIPAL,,
,28.0,,,2026-06-28 11:46:33,26,atuador,BOMBA-F,PRINCIPAL,,
TQ-MIX-TT,34.481,C,OK,2026-06-28 11:46:38,27,leitura,,,,
TQ-MIX-LT,71.928,%,OK,2026-06-28 11:46:38,27,leitura,,,,
TQ-MIX-PT,2.43856,BAR,OK,2026-06-28 11:46:38,27,leitura,,,,
RES-Q-TT,74.48,C,OK,2026-06-28 11:46:38,27,leitura,,,,
RES-F-TT,16.5105,C,OK,2026-06-28 11:46:38,27,leitura,,,,
,28.0,,,2026-06-28 11:46:38,27,atuador,BOMBA-Q,PRINCIPAL,,
,28.0,,,2026-06-28 11:46:38,27,atuador,BOMBA-F,PRINCIPAL,,
TQ-MIX-TT,37.3203,C,OK,2026-06-28 11:46:43,28,leitura,,,,
TQ-MIX-LT,72.848,%,OK,2026-06-28 11:46:43,28,leitura,,,,
TQ-MIX-PT,2.45696,BAR,OK,2026-06-28 11:46:43,28,leitura,,,,
RES-Q-TT,74.218,C,OK,2026-06-28 11:46:43,28,leitura,,,,
RES-F-TT,16.5654,C,OK,2026-06-28 11:46:43,28,leitura,,,,
,28.0,,,2026-06-28 11:46:43,28,atuador,BOMBA-Q,PRINCIPAL,,
,28.0,,,2026-06-28 11:46:43,28,atuador,BOMBA-F,PRINCIPAL,,
TQ-MIX-TT,34.4655,C,OK,2026-06-28 11:46:48,29,leitura,,,,
TQ-MIX-LT,73.768,%,OK,2026-06-28 11:46:48,29,leitura,,,,
TQ-MIX-PT,2.47536,BAR,OK,2026-06-28 11:46:48,29,leitura,,,,
RES-Q-TT,73.9906,C,OK,2026-06-28 11:46:48,29,leitura,,,,
RES-F-TT,16.7079,C,OK,2026-06-28 11:46:48,29,leitura,,,,
,28.0,,,2026-06-28 11:46:48,29,atuador,BOMBA-Q,PRINCIPAL,,
,28.0,,,2026-06-28 11:46:48,29,atuador,BOMBA-F,PRINCIPAL,,
TQ-MIX-TT,37.3207,C,OK,2026-06-28 11:46:53,30,leitura,,,,
TQ-MIX-LT,74.688,%,OK,2026-06-28 11:46:53,30,leitura,,,,
TQ-MIX-PT,2.49376,BAR,OK,2026-06-28 11:46:53,30,leitura,,,,
RES-Q-TT,74.0523,C,OK,2026-06-28 11:46:53,30,leitura,,,,
RES-F-TT,16.6592,C,OK,2026-06-28 11:46:53,30,leitura,,,,
,28.0,,,2026-06-28 11:46:53,30,atuador,BOMBA-Q,PRINCIPAL,,
,28.0,,,2026-06-28 11:46:53,30,atuador,BOMBA-F,PRINCIPAL,,
TQ-MIX-TT,34.2527,C,OK,2026-06-28 11:46:57,31,leitura,,,,
TQ-MIX-LT,75.608,%,OK,2026-06-28 11:46:57,31,leitura,,,,
TQ-MIX-PT,2.51216,BAR,OK,2026-06-28 11:46:57,31,leitura,,,,
RES-Q-TT,74.0087,C,OK,2026-06-28 11:46:57,31,leitura,,,,
RES-F-TT,16.3912,C,OK,2026-06-28 11:46:57,31,leitura,,,,
,28.0,,,2026-06-28 11:46:57,31,atuador,BOMBA-Q,PRINCIPAL,,
,28.0,,,2026-06-28 11:46:57,31,atuador,BOMBA-F,PRINCIPAL,,
TQ-MIX-TT,37.2208,C,OK,2026-06-28 11:47:02,32,leitura,,,,
TQ-MIX-LT,76.528,%,OK,2026-06-28 11:47:02,32,leitura,,,,
TQ-MIX-PT,2.53056,BAR,OK,2026-06-28 11:47:02,32,leitura,,,,
RES-Q-TT,73.9838,C,OK,2026-06-28 11:47:02,32,leitura,,,,
RES-F-TT,16.5416,C,OK,2026-06-28 11:47:02,32,leitura,,,,
,28.0,,,2026-06-28 11:47:02,32,atuador,BOMBA-Q,PRINCIPAL,,
,28.0,,,2026-06-28 11:47:02,32,atuador,BOMBA-F,PRINCIPAL,,
TQ-MIX-TT,34.5212,C,OK,2026-06-28 11:47:07,33,leitura,,,,
TQ-MIX-LT,77.448,%,OK,2026-06-28 11:47:07,33,leitura,,,,
TQ-MIX-PT,2.54896,BAR,OK,2026-06-28 11:47:07,33,leitura,,,,
RES-Q-TT,74.097,C,OK,2026-06-28 11:47:07,33,leitura,,,,
RES-F-TT,16.7408,C,OK,2026-06-28 11:47:07,33,leitura,,,,
,28.0,,,2026-06-28 11:47:07,33,atuador,BOMBA-Q,PRINCIPAL,,
,28.0,,,2026-06-28 11:47:07,33,atuador,BOMBA-F,PRINCIPAL,,
TQ-MIX-TT,34.5694,C,OK,2026-06-28 11:47:12,34,leitura,,,,
TQ-MIX-LT,78.368,%,OK,2026-06-28 11:47:12,34,leitura,,,,
TQ-MIX-PT,2.56736,BAR,OK,2026-06-28 11:47:12,34,leitura,,,,
RES-Q-TT,73.8095,C,OK,2026-06-28 11:47:12,34,leitura,,,,
RES-F-TT,16.9398,C,OK,2026-06-28 11:47:12,34,leitura,,,,
,28.0,,,2026-06-28 11:47:12,34,atuador,BOMBA-Q,PRINCIPAL,,
,28.0,,,2026-06-28 11:47:12,34,atuador,BOMBA-F,PRINCIPAL,,
TQ-MIX-TT,34.6759,C,OK,2026-06-28 11:47:17,35,leitura,,,,
TQ-MIX-LT,79.288,%,OK,2026-06-28 11:47:17,35,leitura,,,,
TQ-MIX-PT,2.58576,BAR,OK,2026-06-28 11:47:17,35,leitura,,,,
RES-Q-TT,73.8177,C,OK,2026-06-28 11:47:17,35,leitura,,,,
RES-F-TT,17.0904,C,OK,2026-06-28 11:47:17,35,leitura,,,,
,28.0,,,2026-06-28 11:47:17,35,atuador,BOMBA-Q,PRINCIPAL,,
,28.0,,,2026-06-28 11:47:17,35,atuador,BOMBA-F,PRINCIPAL,,
TQ-MIX-TT,34.5059,C,OK,2026-06-28 11:47:22,36,leitura,,,,
TQ-MIX-LT,80.208,%,OK,2026-06-28 11:47:22,36,leitura,,,,
TQ-MIX-PT,2.6041600000000003,BAR,OK,2026-06-28 11:47:22,36,leitura,,,,
RES-Q-TT,73.8678,C,OK,2026-06-28 11:47:22,36,leitura,,,,
RES-F-TT,16.8215,C,OK,2026-06-28 11:47:22,36,leitura,,,,
,28.0,,,2026-06-28 11:47:22,36,atuador,BOMBA-Q,PRINCIPAL,,
,28.0,,,2026-06-28 11:47:22,36,atuador,BOMBA-F,PRINCIPAL,,
TQ-MIX-TT,34.5697,C,OK,2026-06-28 11:47:26,37,leitura,,,,
TQ-MIX-LT,81.128,%,OK,2026-06-28 11:47:26,37,leitura,,,,
TQ-MIX-PT,2.62256,BAR,OK,2026-06-28 11:47:26,37,leitura,,,,
RES-Q-TT,74.155,C,OK,2026-06-28 11:47:26,37,leitura,,,,
RES-F-TT,16.785,C,OK,2026-06-28 11:47:26,37,leitura,,,,
,28.0,,,2026-06-28 11:47:26,37,atuador,BOMBA-Q,PRINCIPAL,,
,28.0,,,2026-06-28 11:47:26,37,atuador,BOMBA-F,PRINCIPAL,,
TQ-MIX-TT,34.6777,C,OK,2026-06-28 11:47:31,38,leitura,,,,
TQ-MIX-LT,82.048,%,OK,2026-06-28 11:47:31,38,leitura,,,,
TQ-MIX-PT,2.64096,BAR,OK,2026-06-28 11:47:31,38,leitura,,,,
RES-Q-TT,74.1708,C,OK,2026-06-28 11:47:31,38,leitura,,,,
RES-F-TT,16.9345,C,OK,2026-06-28 11:47:31,38,leitura,,,,
,28.0,,,2026-06-28 11:47:31,38,atuador,BOMBA-Q,PRINCIPAL,,
,28.0,,,2026-06-28 11:47:31,38,atuador,BOMBA-F,PRINCIPAL,,
TQ-MIX-TT,34.7495,C,ALARME,2026-06-28 11:47:36,39,leitura,,,,
TQ-MIX-LT,82.968,%,ALARME,2026-06-28 11:47:36,39,leitura,,,,
TQ-MIX-PT,2.65936,BAR,OK,2026-06-28 11:47:36,39,leitura,,,,
RES-Q-TT,74.372,C,OK,2026-06-28 11:47:36,39,leitura,,,,
RES-F-TT,16.9481,C,OK,2026-06-28 11:47:36,39,leitura,,,,
,28.0,,,2026-06-28 11:47:36,39,atuador,BOMBA-Q,PRINCIPAL,,
,28.0,,,2026-06-28 11:47:36,39,atuador,BOMBA-F,PRINCIPAL,,
,,,,2026-06-28 11:47:36,39,alarme,,,NIVEL_ALTO,media
TQ-MIX-TT,33.4307,C,ALARME,2026-06-28 11:47:41,40,leitura,,,,
TQ-MIX-LT,83.776,%,ALARME,2026-06-28 11:47:41,40,leitura,,,,
TQ-MIX-PT,2.67552,BAR,OK,2026-06-28 11:47:41,40,leitura,,,,
RES-Q-TT,74.4399,C,OK,2026-06-28 11:47:41,40,leitura,,,,
RES-F-TT,16.7707,C,OK,2026-06-28 11:47:41,40,leitura,,,,
,28.0,,,2026-06-28 11:47:41,40,atuador,BOMBA-Q,PRINCIPAL,,
,28.0,,,2026-06-28 11:47:41,40,atuador,BOMBA-F,PRINCIPAL,,
,,,,2026-06-28 11:47:41,40,alarme,,,NIVEL_ALTO,media
TQ-MIX-TT,35.2778,C,ALARME,2026-06-28 11:47:47,41,leitura,,,,
TQ-MIX-LT,84.472,%,ALARME,2026-06-28 11:47:47,41,leitura,,,,
TQ-MIX-PT,2.6894400000000003,BAR,OK,2026-06-28 11:47:47,41,leitura,,,,
RES-Q-TT,74.2975,C,OK,2026-06-28 11:47:47,41,leitura,,,,
RES-F-TT,16.4906,C,OK,2026-06-28 11:47:47,41,leitura,,,,
,28.0,,,2026-06-28 11:47:47,41,atuador,BOMBA-Q,PRINCIPAL,,
,28.0,,,2026-06-28 11:47:47,41,atuador,BOMBA-F,PRINCIPAL,,
,,,,2026-06-28 11:47:47,41,alarme,,,NIVEL_ALTO,media
TQ-MIX-TT,33.7196,C,ALARME,2026-06-28 11:47:52,42,leitura,,,,
TQ-MIX-LT,85.056,%,ALARME,2026-06-28 11:47:52,42,leitura,,,,
TQ-MIX-PT,2.70112,BAR,OK,2026-06-28 11:47:52,42,leitura,,,,
RES-Q-TT,74.0626,C,OK,2026-06-28 11:47:52,42,leitura,,,,
RES-F-TT,16.4297,C,OK,2026-06-28 11:47:52,42,leitura,,,,
,28.0,,,2026-06-28 11:47:52,42,atuador,BOMBA-Q,PRINCIPAL,,
,28.0,,,2026-06-28 11:47:52,42,atuador,BOMBA-F,PRINCIPAL,,
,,,,2026-06-28 11:47:52,42,alarme,,,NIVEL_ALTO,media
TQ-MIX-TT,36.8303,C,ALARME,2026-06-28 11:47:57,43,leitura,,,,
TQ-MIX-LT,85.528,%,ALARME,2026-06-28 11:47:57,43,leitura,,,,
TQ-MIX-PT,2.71056,BAR,OK,2026-06-28 11:47:57,43,leitura,,,,
RES-Q-TT,74.2557,C,OK,2026-06-28 11:47:57,43,leitura,,,,
RES-F-TT,16.6781,C,OK,2026-06-28 11:47:57,43,leitura,,,,
,28.0,,,2026-06-28 11:47:57,43,atuador,BOMBA-Q,PRINCIPAL,,
,28.0,,,2026-06-28 11:47:57,43,atuador,BOMBA-F,PRINCIPAL,,
,,,,2026-06-28 11:47:57,43,alarme,,,NIVEL_ALTO,media
TQ-MIX-TT,29.1989,C,ALARME,2026-06-28 11:48:00,44,leitura,,,,
TQ-MIX-LT,85.888,%,ALARME,2026-06-28 11:48:00,44,leitura,,,,
TQ-MIX-PT,2.71776,BAR,OK,2026-06-28 11:48:00,44,leitura,,,,
RES-Q-TT,74.0818,C,OK,2026-06-28 11:48:00,44,leitura,,,,
RES-F-TT,16.5396,C,OK,2026-06-28 11:48:00,44,leitura,,,,
,28.0,,,2026-06-28 11:48:00,44,atuador,BOMBA-Q,PRINCIPAL,,
,28.0,,,2026-06-28 11:48:00,44,atuador,BOMBA-F,PRINCIPAL,,
,,,,2026-06-28 11:48:00,44,alarme,,,NIVEL_ALTO,media
TQ-MIX-TT,32.4794,C,ALARME,2026-06-28 11:48:05,45,leitura,,,,
TQ-MIX-LT,86.136,%,ALARME,2026-06-28 11:48:05,45,leitura,,,,
TQ-MIX-PT,2.72272,BAR,OK,2026-06-28 11:48:05,45,leitura,,,,
RES-Q-TT,74.1948,C,OK,2026-06-28 11:48:05,45,leitura,,,,
RES-F-TT,16.6563,C,OK,2026-06-28 11:48:05,45,leitura,,,,
,28.0,,,2026-06-28 11:48:05,45,atuador,BOMBA-Q,PRINCIPAL,,
,28.0,,,2026-06-28 11:48:05,45,atuador,BOMBA-F,PRINCIPAL,,
,,,,2026-06-28 11:48:05,45,alarme,,,NIVEL_ALTO,media
TQ-MIX-TT,37.7103,C,ALARME,2026-06-28 11:48:11,46,leitura,,,,
TQ-MIX-LT,86.272,%,ALARME,2026-06-28 11:48:11,46,leitura,,,,
TQ-MIX-PT,2.72544,BAR,OK,2026-06-28 11:48:11,46,leitura,,,,
RES-Q-TT,74.3192,C,OK,2026-06-28 11:48:11,46,leitura,,,,
RES-F-TT,16.5158,C,OK,2026-06-28 11:48:11,46,leitura,,,,
,28.0,,,2026-06-28 11:48:11,46,atuador,BOMBA-Q,PRINCIPAL,,
,28.0,,,2026-06-28 11:48:11,46,atuador,BOMBA-F,PRINCIPAL,,
,,,,2026-06-28 11:48:11,46,alarme,,,NIVEL_ALTO,media
TQ-MIX-TT,19.5069,C,ALARME,2026-06-28 11:48:16,47,leitura,,,,
TQ-MIX-LT,86.296,%,ALARME,2026-06-28 11:48:16,47,leitura,,,,
TQ-MIX-PT,2.72592,BAR,OK,2026-06-28 11:48:16,47,leitura,,,,
RES-Q-TT,74.2936,C,OK,2026-06-28 11:48:16,47,leitura,,,,
RES-F-TT,16.6234,C,OK,2026-06-28 11:48:16,47,leitura,,,,
,28.0,,,2026-06-28 11:48:16,47,atuador,BOMBA-Q,PRINCIPAL,,
,28.0,,,2026-06-28 11:48:16,47,atuador,BOMBA-F,PRINCIPAL,,
,,,,2026-06-28 11:48:16,47,alarme,,,NIVEL_ALTO,media
TQ-MIX-TT,37.2361,C,ALARME,2026-06-28 11:48:21,48,leitura,,,,
TQ-MIX-LT,86.2528,%,ALARME,2026-06-28 11:48:21,48,leitura,,,,
TQ-MIX-PT,2.72506,BAR,OK,2026-06-28 11:48:21,48,leitura,,,,
RES-Q-TT,74.2881,C,OK,2026-06-28 11:48:21,48,leitura,,,,
RES-F-TT,16.6517,C,OK,2026-06-28 11:48:21,48,leitura,,,,
,28.0,,,2026-06-28 11:48:21,48,atuador,BOMBA-Q,PRINCIPAL,,
,28.0,,,2026-06-28 11:48:21,48,atuador,BOMBA-F,PRINCIPAL,,
,,,,2026-06-28 11:48:21,48,alarme,,,NIVEL_ALTO,media
TQ-MIX-TT,16.677599999999998,C,ALARME,2026-06-28 11:48:26,49,leitura,,,,
TQ-MIX-LT,86.1536,%,ALARME,2026-06-28 11:48:26,49,leitura,,,,
TQ-MIX-PT,2.72307,BAR,OK,2026-06-28 11:48:26,49,leitura,,,,
RES-Q-TT,74.206,C,OK,2026-06-28 11:48:26,49,leitura,,,,
RES-F-TT,16.677599999999998,C,OK,2026-06-28 11:48:26,49,leitura,,,,
,28.0,,,2026-06-28 11:48:26,49,atuador,BOMBA-Q,PRINCIPAL,,
,28.0,,,2026-06-28 11:48:26,49,atuador,BOMBA-F,PRINCIPAL,,
,,,,2026-06-28 11:48:26,49,alarme,,,NIVEL_ALTO,media
TQ-MIX-TT,73.954,C,ALARME,2026-06-28 11:48:29,50,leitura,,,,
TQ-MIX-LT,86.0096,%,ALARME,2026-06-28 11:48:29,50,leitura,,,,
TQ-MIX-PT,2.72019,BAR,OK,2026-06-28 11:48:29,50,leitura,,,,
RES-Q-TT,73.954,C,OK,2026-06-28 11:48:29,50,leitura,,,,
RES-F-TT,16.5627,C,OK,2026-06-28 11:48:29,50,leitura,,,,
,28.0,,,2026-06-28 11:48:29,50,atuador,BOMBA-Q,PRINCIPAL,,
,28.0,,,2026-06-28 11:48:29,50,atuador,BOMBA-F,PRINCIPAL,,
,,,,2026-06-28 11:48:29,50,alarme,,,NIVEL_ALTO,media
TQ-MIX-TT,16.437,C,ALARME,2026-06-28 11:48:34,51,leitura,,,,
TQ-MIX-LT,85.8656,%,ALARME,2026-06-28 11:48:34,51,leitura,,,,
TQ-MIX-PT,2.7173100000000003,BAR,OK,2026-06-28 11:48:34,51,leitura,,,,
RES-Q-TT,73.9784,C,OK,2026-06-28 11:48:34,51,leitura,,,,
RES-F-TT,16.437,C,OK,2026-06-28 11:48:34,51,leitura,,,,
,28.0,,,2026-06-28 11:48:34,51,atuador,BOMBA-Q,PRINCIPAL,,
,28.0,,,2026-06-28 11:48:34,51,atuador,BOMBA-F,PRINCIPAL,,
,,,,2026-06-28 11:48:34,51,alarme,,,NIVEL_ALTO,media
TQ-MIX-TT,74.2713,C,ALARME,2026-06-28 11:48:40,52,leitura,,,,
TQ-MIX-LT,85.7216,%,ALARME,2026-06-28 11:48:40,52,leitura,,,,
TQ-MIX-PT,2.71443,BAR,OK,2026-06-28 11:48:40,52,leitura,,,,
RES-Q-TT,74.2713,C,OK,2026-06-28 11:48:40,52,leitura,,,,
RES-F-TT,16.5396,C,OK,2026-06-28 11:48:40,52,leitura,,,,
,28.0,,,2026-06-28 11:48:40,52,atuador,BOMBA-Q,PRINCIPAL,,
,28.0,,,2026-06-28 11:48:40,52,atuador,BOMBA-F,PRINCIPAL,,
,,,,2026-06-28 11:48:40,52,alarme,,,NIVEL_ALTO,media
TQ-MIX-TT,16.3447,C,ALARME,2026-06-28 11:48:45,53,leitura,,,,
TQ-MIX-LT,85.5776,%,ALARME,2026-06-28 11:48:45,53,leitura,,,,
TQ-MIX-PT,2.71155,BAR,OK,2026-06-28 11:48:45,53,leitura,,,,
RES-Q-TT,73.9871,C,OK,2026-06-28 11:48:45,53,leitura,,,,
RES-F-TT,16.3447,C,OK,2026-06-28 11:48:45,53,leitura,,,,
,28.0,,,2026-06-28 11:48:45,53,atuador,BOMBA-Q,PRINCIPAL,,
,28.0,,,2026-06-28 11:48:45,53,atuador,BOMBA-F,PRINCIPAL,,
,,,,2026-06-28 11:48:45,53,alarme,,,NIVEL_ALTO,media
TQ-MIX-TT,74.1404,C,ALARME,2026-06-28 11:48:50,54,leitura,,,,
TQ-MIX-LT,85.4336,%,ALARME,2026-06-28 11:48:50,54,leitura,,,,
TQ-MIX-PT,2.70867,BAR,OK,2026-06-28 11:48:50,54,leitura,,,,
RES-Q-TT,74.1404,C,OK,2026-06-28 11:48:50,54,leitura,,,,
RES-F-TT,16.5868,C,OK,2026-06-28 11:48:50,54,leitura,,,,
,28.0,,,2026-06-28 11:48:50,54,atuador,BOMBA-Q,PRINCIPAL,,
,28.0,,,2026-06-28 11:48:50,54,atuador,BOMBA-F,PRINCIPAL,,
,,,,2026-06-28 11:48:50,54,alarme,,,NIVEL_ALTO,media
TQ-MIX-TT,16.8382,C,ALARME,2026-06-28 11:48:55,55,leitura,,,,
TQ-MIX-LT,85.2896,%,ALARME,2026-06-28 11:48:55,55,leitura,,,,
TQ-MIX-PT,2.70579,BAR,OK,2026-06-28 11:48:55,55,leitura,,,,
RES-Q-TT,74.2114,C,OK,2026-06-28 11:48:55,55,leitura,,,,
RES-F-TT,16.8382,C,OK,2026-06-28 11:48:55,55,leitura,,,,
,28.0,,,2026-06-28 11:48:55,55,atuador,BOMBA-Q,PRINCIPAL,,
,28.0,,,2026-06-28 11:48:55,55,atuador,BOMBA-F,PRINCIPAL,,
,,,,2026-06-28 11:48:55,55,alarme,,,NIVEL_ALTO,media
TQ-MIX-TT,74.0862,C,ALARME,2026-06-28 11:48:58,56,leitura,,,,
TQ-MIX-LT,85.1456,%,ALARME,2026-06-28 11:48:58,56,leitura,,,,
TQ-MIX-PT,2.70291,BAR,OK,2026-06-28 11:48:58,56,leitura,,,,
RES-Q-TT,74.0862,C,OK,2026-06-28 11:48:58,56,leitura,,,,
RES-F-TT,16.9861,C,OK,2026-06-28 11:48:58,56,leitura,,,,
,28.0,,,2026-06-28 11:48:58,56,atuador,BOMBA-Q,PRINCIPAL,,
,28.0,,,2026-06-28 11:48:58,56,atuador,BOMBA-F,PRINCIPAL,,
,,,,2026-06-28 11:48:58,56,alarme,,,NIVEL_ALTO,media
TQ-MIX-TT,17.0762,C,ALARME,2026-06-28 11:49:03,57,leitura,,,,
TQ-MIX-LT,85.0016,%,ALARME,2026-06-28 11:49:03,57,leitura,,,,
TQ-MIX-PT,2.70003,BAR,OK,2026-06-28 11:49:03,57,leitura,,,,
RES-Q-TT,74.1917,C,OK,2026-06-28 11:49:03,57,leitura,,,,
RES-F-TT,17.0762,C,OK,2026-06-28 11:49:03,57,leitura,,,,
,28.0,,,2026-06-28 11:49:03,57,atuador,BOMBA-Q,PRINCIPAL,,
,28.0,,,2026-06-28 11:49:03,57,atuador,BOMBA-F,PRINCIPAL,,
,,,,2026-06-28 11:49:03,57,alarme,,,NIVEL_ALTO,media
TQ-MIX-TT,74.3796,C,ALARME,2026-06-28 11:49:09,58,leitura,,,,
TQ-MIX-LT,84.8576,%,ALARME,2026-06-28 11:49:09,58,leitura,,,,
TQ-MIX-PT,2.69715,BAR,OK,2026-06-28 11:49:09,58,leitura,,,,
RES-Q-TT,74.3796,C,OK,2026-06-28 11:49:09,58,leitura,,,,
RES-F-TT,16.8879,C,OK,2026-06-28 11:49:09,58,leitura,,,,
,28.0,,,2026-06-28 11:49:09,58,atuador,BOMBA-Q,PRINCIPAL,,
,28.0,,,2026-06-28 11:49:09,58,atuador,BOMBA-F,PRINCIPAL,,
,,,,2026-06-28 11:49:09,58,alarme,,,NIVEL_ALTO,media
TQ-MIX-TT,17.063,C,ALARME,2026-06-28 11:49:14,59,leitura,,,,
TQ-MIX-LT,84.7136,%,ALARME,2026-06-28 11:49:14,59,leitura,,,,
TQ-MIX-PT,2.69427,BAR,OK,2026-06-28 11:49:14,59,leitura,,,,
RES-Q-TT,74.1983,C,OK,2026-06-28 11:49:14,59,leitura,,,,
RES-F-TT,17.063,C,OK,2026-06-28 11:49:14,59,leitura,,,,
,28.0,,,2026-06-28 11:49:14,59,atuador,BOMBA-Q,PRINCIPAL,,
,28.0,,,2026-06-28 11:49:14,59,atuador,BOMBA-F,PRINCIPAL,,
,,,,2026-06-28 11:49:14,59,alarme,,,NIVEL_ALTO,media
TQ-MIX-TT,74.0009,C,ALARME,2026-06-28 11:49:19,60,leitura,,,,
TQ-MIX-LT,84.5696,%,ALARME,2026-06-28 11:49:19,60,leitura,,,,
TQ-MIX-PT,2.69139,BAR,OK,2026-06-28 11:49:19,60,leitura,,,,
RES-Q-TT,74.0009,C,OK,2026-06-28 11:49:19,60,leitura,,,,
RES-F-TT,16.7729,C,OK,2026-06-28 11:49:19,60,leitura,,,,
,28.0,,,2026-06-28 11:49:19,60,atuador,BOMBA-Q,PRINCIPAL,,
,28.0,,,2026-06-28 11:49:19,60,atuador,BOMBA-F,PRINCIPAL,,
,,,,2026-06-28 11:49:19,60,alarme,,,NIVEL_ALTO,media
TQ-MIX-TT,16.8904,C,ALARME,2026-06-28 11:49:24,61,leitura,,,,
TQ-MIX-LT,84.4256,%,ALARME,2026-06-28 11:49:24,61,leitura,,,,
TQ-MIX-PT,2.68851,BAR,OK,2026-06-28 11:49:24,61,leitura,,,,
RES-Q-TT,73.9165,C,OK,2026-06-28 11:49:24,61,leitura,,,,
RES-F-TT,16.8904,C,OK,2026-06-28 11:49:24,61,leitura,,,,
,28.0,,,2026-06-28 11:49:24,61,atuador,BOMBA-Q,PRINCIPAL,,
,28.0,,,2026-06-28 11:49:24,61,atuador,BOMBA-F,PRINCIPAL,,
,,,,2026-06-28 11:49:24,61,alarme,,,NIVEL_ALTO,media
TQ-MIX-TT,73.9179,C,ALARME,2026-06-28 11:49:29,62,leitura,,,,
TQ-MIX-LT,84.2816,%,ALARME,2026-06-28 11:49:29,62,leitura,,,,
TQ-MIX-PT,2.68563,BAR,OK,2026-06-28 11:49:29,62,leitura,,,,
RES-Q-TT,73.9179,C,OK,2026-06-28 11:49:29,62,leitura,,,,
RES-F-TT,16.9115,C,OK,2026-06-28 11:49:29,62,leitura,,,,
,28.0,,,2026-06-28 11:49:29,62,atuador,BOMBA-Q,PRINCIPAL,,
,28.0,,,2026-06-28 11:49:29,62,atuador,BOMBA-F,PRINCIPAL,,
,,,,2026-06-28 11:49:29,62,alarme,,,NIVEL_ALTO,media
TQ-MIX-TT,17.1323,C,ALARME,2026-06-28 11:49:32,63,leitura,,,,
TQ-MIX-LT,84.1376,%,ALARME,2026-06-28 11:49:32,63,leitura,,,,
TQ-MIX-PT,2.68275,BAR,OK,2026-06-28 11:49:33,63,leitura,,,,
RES-Q-TT,73.9811,C,OK,2026-06-28 11:49:33,63,leitura,,,,
RES-F-TT,17.1323,C,OK,2026-06-28 11:49:33,63,leitura,,,,
,28.0,,,2026-06-28 11:49:33,63,atuador,BOMBA-Q,PRINCIPAL,,
,28.0,,,2026-06-28 11:49:33,63,atuador,BOMBA-F,PRINCIPAL,,
,,,,2026-06-28 11:49:33,63,alarme,,,NIVEL_ALTO,media
TQ-MIX-TT,74.0267,C,ALARME,2026-06-28 11:49:38,64,leitura,,,,
TQ-MIX-LT,83.9936,%,ALARME,2026-06-28 11:49:38,64,leitura,,,,
TQ-MIX-PT,2.67987,BAR,OK,2026-06-28 11:49:38,64,leitura,,,,
RES-Q-TT,74.0267,C,OK,2026-06-28 11:49:38,64,leitura,,,,
RES-F-TT,17.3181,C,OK,2026-06-28 11:49:38,64,leitura,,,,
,28.0,,,2026-06-28 11:49:38,64,atuador,BOMBA-Q,PRINCIPAL,,
,28.0,,,2026-06-28 11:49:38,64,atuador,BOMBA-F,PRINCIPAL,,
,,,,2026-06-28 11:49:38,64,alarme,,,NIVEL_ALTO,media
TQ-MIX-TT,17.242,C,ALARME,2026-06-28 11:49:43,65,leitura,,,,
TQ-MIX-LT,83.8496,%,ALARME,2026-06-28 11:49:43,65,leitura,,,,
TQ-MIX-PT,2.67699,BAR,OK,2026-06-28 11:49:43,65,leitura,,,,
RES-Q-TT,73.9359,C,OK,2026-06-28 11:49:43,65,leitura,,,,
RES-F-TT,17.242,C,OK,2026-06-28 11:49:43,65,leitura,,,,
,28.0,,,2026-06-28 11:49:43,65,atuador,BOMBA-Q,PRINCIPAL,,
,28.0,,,2026-06-28 11:49:43,65,atuador,BOMBA-F,PRINCIPAL,,
,,,,2026-06-28 11:49:43,65,alarme,,,NIVEL_ALTO,media
TQ-MIX-TT,73.9023,C,ALARME,2026-06-28 11:49:48,66,leitura,,,,
TQ-MIX-LT,83.7056,%,ALARME,2026-06-28 11:49:48,66,leitura,,,,
TQ-MIX-PT,2.67411,BAR,OK,2026-06-28 11:49:48,66,leitura,,,,
RES-Q-TT,73.9023,C,OK,2026-06-28 11:49:48,66,leitura,,,,
RES-F-TT,17.0076,C,OK,2026-06-28 11:49:48,66,leitura,,,,
,28.0,,,2026-06-28 11:49:48,66,atuador,BOMBA-Q,PRINCIPAL,,
,28.0,,,2026-06-28 11:49:48,66,atuador,BOMBA-F,PRINCIPAL,,
,,,,2026-06-28 11:49:48,66,alarme,,,NIVEL_ALTO,media
TQ-MIX-TT,17.1907,C,ALARME,2026-06-28 11:49:53,67,leitura,,,,
TQ-MIX-LT,83.5616,%,ALARME,2026-06-28 11:49:53,67,leitura,,,,
TQ-MIX-PT,2.67123,BAR,OK,2026-06-28 11:49:53,67,leitura,,,,
RES-Q-TT,74.1664,C,OK,2026-06-28 11:49:53,67,leitura,,,,
RES-F-TT,17.1907,C,OK,2026-06-28 11:49:53,67,leitura,,,,
,28.0,,,2026-06-28 11:49:53,67,atuador,BOMBA-Q,PRINCIPAL,,
,28.0,,,2026-06-28 11:49:53,67,atuador,BOMBA-F,PRINCIPAL,,
,,,,2026-06-28 11:49:53,67,alarme,,,NIVEL_ALTO,media
TQ-MIX-TT,74.0159,C,ALARME,2026-06-28 11:49:58,68,leitura,,,,
TQ-MIX-LT,83.4176,%,ALARME,2026-06-28 11:49:58,68,leitura,,,,
TQ-MIX-PT,2.66835,BAR,OK,2026-06-28 11:49:58,68,leitura,,,,
RES-Q-TT,74.0159,C,OK,2026-06-28 11:49:58,68,leitura,,,,
RES-F-TT,17.1658,C,OK,2026-06-28 11:49:58,68,leitura,,,,
,28.0,,,2026-06-28 11:49:58,68,atuador,BOMBA-Q,PRINCIPAL,,
,28.0,,,2026-06-28 11:49:58,68,atuador,BOMBA-F,PRINCIPAL,,
,,,,2026-06-28 11:49:58,68,alarme,,,NIVEL_ALTO,media
TQ-MIX-TT,17.113,C,ALARME,2026-06-28 11:50:02,69,leitura,,,,
TQ-MIX-LT,83.2736,%,ALARME,2026-06-28 11:50:02,69,leitura,,,,
TQ-MIX-PT,2.66547,BAR,OK,2026-06-28 11:50:02,69,leitura,,,,
RES-Q-TT,73.7395,C,OK,2026-06-28 11:50:02,69,leitura,,,,
RES-F-TT,17.113,C,OK,2026-06-28 11:50:02,69,leitura,,,,
,28.0,,,2026-06-28 11:50:02,69,atuador,BOMBA-Q,PRINCIPAL,,
,28.0,,,2026-06-28 11:50:02,69,atuador,BOMBA-F,PRINCIPAL,,
,,,,2026-06-28 11:50:02,69,alarme,,,NIVEL_ALTO,media
TQ-MIX-TT,73.6018,C,ALARME,2026-06-28 11:50:07,70,leitura,,,,
TQ-MIX-LT,83.1296,%,ALARME,2026-06-28 11:50:07,70,leitura,,,,
TQ-MIX-PT,2.66259,BAR,OK,2026-06-28 11:50:07,70,leitura,,,,
RES-Q-TT,73.6018,C,OK,2026-06-28 11:50:07,70,leitura,,,,
RES-F-TT,16.8911,C,OK,2026-06-28 11:50:07,70,leitura,,,,
,28.0,,,2026-06-28 11:50:07,70,atuador,BOMBA-Q,PRINCIPAL,,
,28.0,,,2026-06-28 11:50:07,70,atuador,BOMBA-F,PRINCIPAL,,
,,,,2026-06-28 11:50:07,70,alarme,,,NIVEL_ALTO,media
TQ-MIX-TT,17.1703,C,ALARME,2026-06-28 11:50:12,71,leitura,,,,
TQ-MIX-LT,82.9856,%,ALARME,2026-06-28 11:50:12,71,leitura,,,,
TQ-MIX-PT,2.65971,BAR,OK,2026-06-28 11:50:12,71,leitura,,,,
RES-Q-TT,73.8471,C,OK,2026-06-28 11:50:12,71,leitura,,,,
RES-F-TT,17.1703,C,OK,2026-06-28 11:50:12,71,leitura,,,,
,28.0,,,2026-06-28 11:50:12,71,atuador,BOMBA-Q,PRINCIPAL,,
,28.0,,,2026-06-28 11:50:12,71,atuador,BOMBA-F,PRINCIPAL,,
,,,,2026-06-28 11:50:12,71,alarme,,,NIVEL_ALTO,media
TQ-MIX-TT,73.7263,C,ALARME,2026-06-28 11:50:17,72,leitura,,,,
TQ-MIX-LT,82.8416,%,ALARME,2026-06-28 11:50:17,72,leitura,,,,
TQ-MIX-PT,2.65683,BAR,OK,2026-06-28 11:50:17,72,leitura,,,,
RES-Q-TT,73.7263,C,OK,2026-06-28 11:50:17,72,leitura,,,,
RES-F-TT,17.0365,C,OK,2026-06-28 11:50:17,72,leitura,,,,
,28.0,,,2026-06-28 11:50:17,72,atuador,BOMBA-Q,PRINCIPAL,,
,28.0,,,2026-06-28 11:50:17,72,atuador,BOMBA-F,PRINCIPAL,,
,,,,2026-06-28 11:50:17,72,alarme,,,NIVEL_ALTO,media
TQ-MIX-TT,16.8058,C,ALARME,2026-06-28 11:50:22,73,leitura,,,,
TQ-MIX-LT,82.6976,%,ALARME,2026-06-28 11:50:22,73,leitura,,,,
TQ-MIX-PT,2.65395,BAR,OK,2026-06-28 11:50:22,73,leitura,,,,
RES-Q-TT,73.5921,C,OK,2026-06-28 11:50:22,73,leitura,,,,
RES-F-TT,16.8058,C,OK,2026-06-28 11:50:22,73,leitura,,,,
,28.0,,,2026-06-28 11:50:22,73,atuador,BOMBA-Q,PRINCIPAL,,
,28.0,,,2026-06-28 11:50:22,73,atuador,BOMBA-F,PRINCIPAL,,
,,,,2026-06-28 11:50:22,73,alarme,,,NIVEL_ALTO,media
TQ-MIX-TT,73.3106,C,ALARME,2026-06-28 11:50:27,74,leitura,,,,
TQ-MIX-LT,82.5536,%,ALARME,2026-06-28 11:50:27,74,leitura,,,,
TQ-MIX-PT,2.65107,BAR,OK,2026-06-28 11:50:27,74,leitura,,,,
RES-Q-TT,73.3106,C,OK,2026-06-28 11:50:27,74,leitura,,,,
RES-F-TT,17.0239,C,OK,2026-06-28 11:50:27,74,leitura,,,,
,28.0,,,2026-06-28 11:50:27,74,atuador,BOMBA-Q,PRINCIPAL,,
,28.0,,,2026-06-28 11:50:27,74,atuador,BOMBA-F,PRINCIPAL,,
,,,,2026-06-28 11:50:27,74,alarme,,,NIVEL_ALTO,media
TQ-MIX-TT,16.7933,C,OK,2026-06-28 11:50:32,75,leitura,,,,
TQ-MIX-LT,82.4096,%,OK,2026-06-28 11:50:32,75,leitura,,,,
TQ-MIX-PT,2.64819,BAR,OK,2026-06-28 11:50:32,75,leitura,,,,
RES-Q-TT,73.2662,C,OK,2026-06-28 11:50:32,75,leitura,,,,
RES-F-TT,16.7933,C,OK,2026-06-28 11:50:32,75,leitura,,,,
,28.0,,,2026-06-28 11:50:32,75,atuador,BOMBA-Q,PRINCIPAL,,
,28.0,,,2026-06-28 11:50:32,75,atuador,BOMBA-F,PRINCIPAL,,
TQ-MIX-TT,73.5019,C,OK,2026-06-28 11:50:36,76,leitura,,,,
TQ-MIX-LT,82.2656,%,OK,2026-06-28 11:50:36,76,leitura,,,,
TQ-MIX-PT,2.6453100000000003,BAR,OK,2026-06-28 11:50:36,76,leitura,,,,
RES-Q-TT,73.5019,C,OK,2026-06-28 11:50:36,76,leitura,,,,
RES-F-TT,16.6122,C,OK,2026-06-28 11:50:36,76,leitura,,,,
,28.0,,,2026-06-28 11:50:36,76,atuador,BOMBA-Q,PRINCIPAL,,
,28.0,,,2026-06-28 11:50:36,76,atuador,BOMBA-F,PRINCIPAL,,
TQ-MIX-TT,36.4018,C,OK,2026-06-28 11:50:41,77,leitura,,,,
TQ-MIX-LT,82.3856,%,OK,2026-06-28 11:50:41,77,leitura,,,,
TQ-MIX-PT,2.64771,BAR,OK,2026-06-28 11:50:41,77,leitura,,,,
RES-Q-TT,73.5388,C,OK,2026-06-28 11:50:41,77,leitura,,,,
RES-F-TT,16.405,C,OK,2026-06-28 11:50:41,77,leitura,,,,
,28.0,,,2026-06-28 11:50:41,77,atuador,BOMBA-Q,PRINCIPAL,,
,8.0,,,2026-06-28 11:50:41,77,atuador,BOMBA-F,PRINCIPAL,,
TQ-MIX-TT,56.3246,C,ALARME,2026-06-28 11:50:46,78,leitura,,,,
TQ-MIX-LT,82.8256,%,ALARME,2026-06-28 11:50:46,78,leitura,,,,
TQ-MIX-PT,2.65651,BAR,OK,2026-06-28 11:50:46,78,leitura,,,,
RES-Q-TT,73.4927,C,OK,2026-06-28 11:50:46,78,leitura,,,,
RES-F-TT,16.2655,C,OK,2026-06-28 11:50:46,78,leitura,,,,
,28.0,,,2026-06-28 11:50:46,78,atuador,BOMBA-Q,PRINCIPAL,,
,28.0,,,2026-06-28 11:50:46,78,atuador,BOMBA-F,PRINCIPAL,,
,,,,2026-06-28 11:50:46,78,alarme,,,NIVEL_ALTO,media
TQ-MIX-TT,35.5801,C,ALARME,2026-06-28 11:50:51,79,leitura,,,,
TQ-MIX-LT,83.6336,%,ALARME,2026-06-28 11:50:51,79,leitura,,,,
TQ-MIX-PT,2.67267,BAR,OK,2026-06-28 11:50:51,79,leitura,,,,
RES-Q-TT,73.7565,C,OK,2026-06-28 11:50:51,79,leitura,,,,
RES-F-TT,16.4919,C,OK,2026-06-28 11:50:51,79,leitura,,,,
,28.0,,,2026-06-28 11:50:51,79,atuador,BOMBA-Q,PRINCIPAL,,
,28.0,,,2026-06-28 11:50:51,79,atuador,BOMBA-F,PRINCIPAL,,
,,,,2026-06-28 11:50:51,79,alarme,,,NIVEL_ALTO,media
TQ-MIX-TT,37.9538,C,ALARME,2026-06-28 11:50:56,80,leitura,,,,
TQ-MIX-LT,84.3296,%,ALARME,2026-06-28 11:50:56,80,leitura,,,,
TQ-MIX-PT,2.68659,BAR,OK,2026-06-28 11:50:56,80,leitura,,,,
RES-Q-TT,73.492,C,OK,2026-06-28 11:50:56,80,leitura,,,,
RES-F-TT,16.6309,C,OK,2026-06-28 11:50:56,80,leitura,,,,
,28.0,,,2026-06-28 11:50:56,80,atuador,BOMBA-Q,PRINCIPAL,,
,28.0,,,2026-06-28 11:50:56,80,atuador,BOMBA-F,PRINCIPAL,,
,,,,2026-06-28 11:50:56,80,alarme,,,NIVEL_ALTO,media
TQ-MIX-TT,36.9823,C,ALARME,2026-06-28 11:51:01,81,leitura,,,,
TQ-MIX-LT,84.9136,%,ALARME,2026-06-28 11:51:01,81,leitura,,,,
TQ-MIX-PT,2.69827,BAR,OK,2026-06-28 11:51:01,81,leitura,,,,
RES-Q-TT,73.2021,C,OK,2026-06-28 11:51:01,81,leitura,,,,
RES-F-TT,16.8601,C,OK,2026-06-28 11:51:01,81,leitura,,,,
,28.0,,,2026-06-28 11:51:01,81,atuador,BOMBA-Q,PRINCIPAL,,
,28.0,,,2026-06-28 11:51:01,81,atuador,BOMBA-F,PRINCIPAL,,
,,,,2026-06-28 11:51:01,81,alarme,,,NIVEL_ALTO,media
TQ-MIX-TT,35.5186,C,ALARME,2026-06-28 11:51:05,82,leitura,,,,
TQ-MIX-LT,85.3856,%,ALARME,2026-06-28 11:51:05,82,leitura,,,,
TQ-MIX-PT,2.70771,BAR,OK,2026-06-28 11:51:05,82,leitura,,,,
RES-Q-TT,72.9656,C,OK,2026-06-28 11:51:05,82,leitura,,,,
RES-F-TT,16.7951,C,OK,2026-06-28 11:51:05,82,leitura,,,,
,28.0,,,2026-06-28 11:51:05,82,atuador,BOMBA-Q,PRINCIPAL,,
,28.0,,,2026-06-28 11:51:05,82,atuador,BOMBA-F,PRINCIPAL,,
,,,,2026-06-28 11:51:05,82,alarme,,,NIVEL_ALTO,media
TQ-MIX-TT,39.2538,C,ALARME,2026-06-28 11:51:10,83,leitura,,,,
TQ-MIX-LT,85.7456,%,ALARME,2026-06-28 11:51:10,83,leitura,,,,
TQ-MIX-PT,2.71491,BAR,OK,2026-06-28 11:51:10,83,leitura,,,,
RES-Q-TT,72.7075,C,OK,2026-06-28 11:51:10,83,leitura,,,,
RES-F-TT,16.9513,C,OK,2026-06-28 11:51:10,83,leitura,,,,
,28.0,,,2026-06-28 11:51:10,83,atuador,BOMBA-Q,PRINCIPAL,,
,28.0,,,2026-06-28 11:51:10,83,atuador,BOMBA-F,PRINCIPAL,,
,,,,2026-06-28 11:51:10,83,alarme,,,NIVEL_ALTO,media
TQ-MIX-TT,30.7816,C,ALARME,2026-06-28 11:51:15,84,leitura,,,,
TQ-MIX-LT,85.9936,%,ALARME,2026-06-28 11:51:15,84,leitura,,,,
TQ-MIX-PT,2.71987,BAR,OK,2026-06-28 11:51:15,84,leitura,,,,
RES-Q-TT,72.538,C,OK,2026-06-28 11:51:15,84,leitura,,,,
RES-F-TT,16.8628,C,OK,2026-06-28 11:51:15,84,leitura,,,,
,28.0,,,2026-06-28 11:51:15,84,atuador,BOMBA-Q,PRINCIPAL,,
,28.0,,,2026-06-28 11:51:15,84,atuador,BOMBA-F,PRINCIPAL,,
,,,,2026-06-28 11:51:15,84,alarme,,,NIVEL_ALTO,media
TQ-MIX-TT,35.5333,C,ALARME,2026-06-28 11:51:20,85,leitura,,,,
TQ-MIX-LT,86.1296,%,ALARME,2026-06-28 11:51:20,85,leitura,,,,
TQ-MIX-PT,2.7225900000000003,BAR,OK,2026-06-28 11:51:20,85,leitura,,,,
RES-Q-TT,72.8079,C,OK,2026-06-28 11:51:20,85,leitura,,,,
RES-F-TT,16.896,C,OK,2026-06-28 11:51:20,85,leitura,,,,
,28.0,,,2026-06-28 11:51:20,85,atuador,BOMBA-Q,PRINCIPAL,,
,28.0,,,2026-06-28 11:51:20,85,atuador,BOMBA-F,PRINCIPAL,,
,,,,2026-06-28 11:51:20,85,alarme,,,NIVEL_ALTO,media
TQ-MIX-TT,44.7577,C,ALARME,2026-06-28 11:51:25,86,leitura,,,,
TQ-MIX-LT,86.1536,%,ALARME,2026-06-28 11:51:25,86,leitura,,,,
TQ-MIX-PT,2.72307,BAR,OK,2026-06-28 11:51:25,86,leitura,,,,
RES-Q-TT,72.7334,C,OK,2026-06-28 11:51:25,86,leitura,,,,
RES-F-TT,16.7821,C,OK,2026-06-28 11:51:25,86,leitura,,,,
,28.0,,,2026-06-28 11:51:25,86,atuador,BOMBA-Q,PRINCIPAL,,
,28.0,,,2026-06-28 11:51:25,86,atuador,BOMBA-F,PRINCIPAL,,
,,,,2026-06-28 11:51:25,86,alarme,,,NIVEL_ALTO,media
TQ-MIX-TT,16.8339,C,ALARME,2026-06-28 11:51:30,87,leitura,,,,
TQ-MIX-LT,86.0656,%,ALARME,2026-06-28 11:51:30,87,leitura,,,,
TQ-MIX-PT,2.72131,BAR,OK,2026-06-28 11:51:30,87,leitura,,,,
RES-Q-TT,72.6606,C,OK,2026-06-28 11:51:30,87,leitura,,,,
RES-F-TT,16.8339,C,OK,2026-06-28 11:51:30,87,leitura,,,,
,28.0,,,2026-06-28 11:51:30,87,atuador,BOMBA-Q,PRINCIPAL,,
,28.0,,,2026-06-28 11:51:30,87,atuador,BOMBA-F,PRINCIPAL,,
,,,,2026-06-28 11:51:30,87,alarme,,,NIVEL_ALTO,media
TQ-MIX-TT,72.9516,C,ALARME,2026-06-28 11:51:34,88,leitura,,,,
TQ-MIX-LT,85.9216,%,ALARME,2026-06-28 11:51:34,88,leitura,,,,
TQ-MIX-PT,2.71843,BAR,OK,2026-06-28 11:51:34,88,leitura,,,,
RES-Q-TT,72.9516,C,OK,2026-06-28 11:51:34,88,leitura,,,,
RES-F-TT,16.8862,C,OK,2026-06-28 11:51:34,88,leitura,,,,
,28.0,,,2026-06-28 11:51:34,88,atuador,BOMBA-Q,PRINCIPAL,,
,28.0,,,2026-06-28 11:51:34,88,atuador,BOMBA-F,PRINCIPAL,,
,,,,2026-06-28 11:51:34,88,alarme,,,NIVEL_ALTO,media
TQ-MIX-TT,17.1155,C,ALARME,2026-06-28 11:51:39,89,leitura,,,,
TQ-MIX-LT,85.7776,%,ALARME,2026-06-28 11:51:39,89,leitura,,,,
TQ-MIX-PT,2.71555,BAR,OK,2026-06-28 11:51:39,89,leitura,,,,
RES-Q-TT,73.0626,C,OK,2026-06-28 11:51:39,89,leitura,,,,
RES-F-TT,17.1155,C,OK,2026-06-28 11:51:39,89,leitura,,,,
,28.0,,,2026-06-28 11:51:39,89,atuador,BOMBA-Q,PRINCIPAL,,
,28.0,,,2026-06-28 11:51:39,89,atuador,BOMBA-F,PRINCIPAL,,
,,,,2026-06-28 11:51:39,89,alarme,,,NIVEL_ALTO,media
TQ-MIX-TT,73.2725,C,ALARME,2026-06-28 11:51:44,90,leitura,,,,
TQ-MIX-LT,85.6336,%,ALARME,2026-06-28 11:51:44,90,leitura,,,,
TQ-MIX-PT,2.71267,BAR,OK,2026-06-28 11:51:44,90,leitura,,,,
RES-Q-TT,73.2725,C,OK,2026-06-28 11:51:44,90,leitura,,,,
RES-F-TT,16.8656,C,OK,2026-06-28 11:51:44,90,leitura,,,,
,28.0,,,2026-06-28 11:51:44,90,atuador,BOMBA-Q,PRINCIPAL,,
,28.0,,,2026-06-28 11:51:44,90,atuador,BOMBA-F,PRINCIPAL,,
,,,,2026-06-28 11:51:44,90,alarme,,,NIVEL_ALTO,media
TQ-MIX-TT,16.9948,C,ALARME,2026-06-28 11:51:49,91,leitura,,,,
TQ-MIX-LT,85.4896,%,ALARME,2026-06-28 11:51:49,91,leitura,,,,
TQ-MIX-PT,2.70979,BAR,OK,2026-06-28 11:51:49,91,leitura,,,,
RES-Q-TT,73.5404,C,OK,2026-06-28 11:51:49,91,leitura,,,,
RES-F-TT,16.9948,C,OK,2026-06-28 11:51:49,91,leitura,,,,
,28.0,,,2026-06-28 11:51:49,91,atuador,BOMBA-Q,PRINCIPAL,,
,28.0,,,2026-06-28 11:51:49,91,atuador,BOMBA-F,PRINCIPAL,,
,,,,2026-06-28 11:51:49,91,alarme,,,NIVEL_ALTO,media
TQ-MIX-TT,73.3333,C,ALARME,2026-06-28 11:51:55,92,leitura,,,,
TQ-MIX-LT,85.3456,%,ALARME,2026-06-28 11:51:55,92,leitura,,,,
TQ-MIX-PT,2.70691,BAR,OK,2026-06-28 11:51:55,92,leitura,,,,
RES-Q-TT,73.3333,C,OK,2026-06-28 11:51:55,92,leitura,,,,
RES-F-TT,16.8995,C,OK,2026-06-28 11:51:55,92,leitura,,,,
,28.0,,,2026-06-28 11:51:55,92,atuador,BOMBA-Q,PRINCIPAL,,
,28.0,,,2026-06-28 11:51:55,92,atuador,BOMBA-F,PRINCIPAL,,
,,,,2026-06-28 11:51:55,92,alarme,,,NIVEL_ALTO,media
TQ-MIX-TT,16.6689,C,ALARME,2026-06-28 11:52:00,93,leitura,,,,
TQ-MIX-LT,85.2016,%,ALARME,2026-06-28 11:52:00,93,leitura,,,,
TQ-MIX-PT,2.70403,BAR,OK,2026-06-28 11:52:00,93,leitura,,,,
RES-Q-TT,73.2973,C,OK,2026-06-28 11:52:00,93,leitura,,,,
RES-F-TT,16.6689,C,OK,2026-06-28 11:52:00,93,leitura,,,,
,28.0,,,2026-06-28 11:52:00,93,atuador,BOMBA-Q,PRINCIPAL,,
,28.0,,,2026-06-28 11:52:00,93,atuador,BOMBA-F,PRINCIPAL,,
,,,,2026-06-28 11:52:00,93,alarme,,,NIVEL_ALTO,media
TQ-MIX-TT,73.4256,C,ALARME,2026-06-28 11:52:05,94,leitura,,,,
TQ-MIX-LT,85.0576,%,ALARME,2026-06-28 11:52:05,94,leitura,,,,
TQ-MIX-PT,2.70115,BAR,OK,2026-06-28 11:52:05,94,leitura,,,,
RES-Q-TT,73.4256,C,OK,2026-06-28 11:52:05,94,leitura,,,,
RES-F-TT,16.8816,C,OK,2026-06-28 11:52:05,94,leitura,,,,
,28.0,,,2026-06-28 11:52:05,94,atuador,BOMBA-Q,PRINCIPAL,,
,28.0,,,2026-06-28 11:52:05,94,atuador,BOMBA-F,PRINCIPAL,,
,,,,2026-06-28 11:52:05,94,alarme,,,NIVEL_ALTO,media
TQ-MIX-TT,16.6102,C,ALARME,2026-06-28 11:52:09,95,leitura,,,,
TQ-MIX-LT,84.9136,%,ALARME,2026-06-28 11:52:09,95,leitura,,,,
TQ-MIX-PT,2.69827,BAR,OK,2026-06-28 11:52:09,95,leitura,,,,
RES-Q-TT,73.3697,C,OK,2026-06-28 11:52:09,95,leitura,,,,
RES-F-TT,16.6102,C,OK,2026-06-28 11:52:09,95,leitura,,,,
,28.0,,,2026-06-28 11:52:09,95,atuador,BOMBA-Q,PRINCIPAL,,
,28.0,,,2026-06-28 11:52:09,95,atuador,BOMBA-F,PRINCIPAL,,
,,,,2026-06-28 11:52:09,95,alarme,,,NIVEL_ALTO,media
TQ-MIX-TT,25.0469,C,OK,2026-06-28 23:27:46,1,leitura,,,,
TQ-MIX-LT,50.12,%,OK,2026-06-28 23:27:46,1,leitura,,,,
TQ-MIX-PT,2.0024,BAR,OK,2026-06-28 23:27:46,1,leitura,,,,
RES-Q-TT,70.8637,C,OK,2026-06-28 23:27:46,1,leitura,,,,
RES-F-TT,18.7992,C,OK,2026-06-28 23:27:46,1,leitura,,,,
,8.0,,,2026-06-28 23:27:46,1,atuador,BOMBA-Q,PRINCIPAL,,
,8.0,,,2026-06-28 23:27:46,1,atuador,BOMBA-F,PRINCIPAL,,
TQ-MIX-TT,36.9085,C,OK,2026-06-28 23:27:48,2,leitura,,,,
TQ-MIX-LT,50.24,%,OK,2026-06-28 23:27:48,2,leitura,,,,
TQ-MIX-PT,2.0048,BAR,OK,2026-06-28 23:27:48,2,leitura,,,,
RES-Q-TT,71.8895,C,OK,2026-06-28 23:27:48,2,leitura,,,,
RES-F-TT,18.0726,C,OK,2026-06-28 23:27:48,2,leitura,,,,
,8.0,,,2026-06-28 23:27:48,2,atuador,BOMBA-Q,PRINCIPAL,,
,8.0,,,2026-06-28 23:27:48,2,atuador,BOMBA-F,PRINCIPAL,,
TQ-MIX-TT,36.6653,C,OK,2026-06-28 23:27:53,3,leitura,,,,
TQ-MIX-LT,50.36,%,OK,2026-06-28 23:27:53,3,leitura,,,,
TQ-MIX-PT,2.0072,BAR,OK,2026-06-28 23:27:53,3,leitura,,,,
RES-Q-TT,73.1518,C,OK,2026-06-28 23:27:53,3,leitura,,,,
RES-F-TT,17.0187,C,OK,2026-06-28 23:27:53,3,leitura,,,,
,8.0,,,2026-06-28 23:27:53,3,atuador,BOMBA-Q,PRINCIPAL,,
,8.0,,,2026-06-28 23:27:53,3,atuador,BOMBA-F,PRINCIPAL,,
TQ-MIX-TT,36.5835,C,OK,2026-06-28 23:27:58,4,leitura,,,,
TQ-MIX-LT,50.48,%,OK,2026-06-28 23:27:58,4,leitura,,,,
TQ-MIX-PT,2.0096,BAR,OK,2026-06-28 23:27:58,4,leitura,,,,
RES-Q-TT,73.9975,C,OK,2026-06-28 23:27:58,4,leitura,,,,
RES-F-TT,16.4376,C,OK,2026-06-28 23:27:58,4,leitura,,,,
,8.0,,,2026-06-28 23:27:58,4,atuador,BOMBA-Q,PRINCIPAL,,
,8.0,,,2026-06-28 23:27:58,4,atuador,BOMBA-F,PRINCIPAL,,
TQ-MIX-TT,36.3199,C,OK,2026-06-28 23:28:03,5,leitura,,,,
TQ-MIX-LT,50.6,%,OK,2026-06-28 23:28:03,5,leitura,,,,
TQ-MIX-PT,2.012,BAR,OK,2026-06-28 23:28:03,5,leitura,,,,
RES-Q-TT,74.3126,C,OK,2026-06-28 23:28:03,5,leitura,,,,
RES-F-TT,15.8623,C,OK,2026-06-28 23:28:03,5,leitura,,,,
,28.0,,,2026-06-28 23:28:03,5,atuador,BOMBA-Q,PRINCIPAL,,
,8.0,,,2026-06-28 23:28:03,5,atuador,BOMBA-F,PRINCIPAL,,
TQ-MIX-TT,56.7998,C,OK,2026-06-28 23:28:08,6,leitura,,,,
TQ-MIX-LT,51.04,%,OK,2026-06-28 23:28:08,6,leitura,,,,
TQ-MIX-PT,2.0208,BAR,OK,2026-06-28 23:28:08,6,leitura,,,,
RES-Q-TT,74.5395,C,OK,2026-06-28 23:28:08,6,leitura,,,,
RES-F-TT,15.407,C,OK,2026-06-28 23:28:08,6,leitura,,,,
,28.0,,,2026-06-28 23:28:08,6,atuador,BOMBA-Q,PRINCIPAL,,
,28.0,,,2026-06-28 23:28:08,6,atuador,BOMBA-F,PRINCIPAL,,
TQ-MIX-TT,36.1642,C,OK,2026-06-28 23:28:13,7,leitura,,,,
TQ-MIX-LT,51.96,%,OK,2026-06-28 23:28:13,7,leitura,,,,
TQ-MIX-PT,2.0392,BAR,OK,2026-06-28 23:28:13,7,leitura,,,,
RES-Q-TT,74.8408,C,OK,2026-06-28 23:28:13,7,leitura,,,,
RES-F-TT,15.3383,C,OK,2026-06-28 23:28:13,7,leitura,,,,
,28.0,,,2026-06-28 23:28:13,7,atuador,BOMBA-Q,PRINCIPAL,,
,28.0,,,2026-06-28 23:28:13,7,atuador,BOMBA-F,PRINCIPAL,,
TQ-MIX-TT,39.2562,C,OK,2026-06-28 23:28:18,8,leitura,,,,
TQ-MIX-LT,52.88,%,OK,2026-06-28 23:28:18,8,leitura,,,,
TQ-MIX-PT,2.0576,BAR,OK,2026-06-28 23:28:18,8,leitura,,,,
RES-Q-TT,74.8275,C,OK,2026-06-28 23:28:18,8,leitura,,,,
RES-F-TT,15.542,C,OK,2026-06-28 23:28:18,8,leitura,,,,
,28.0,,,2026-06-28 23:28:18,8,atuador,BOMBA-Q,PRINCIPAL,,
,28.0,,,2026-06-28 23:28:18,8,atuador,BOMBA-F,PRINCIPAL,,
TQ-MIX-TT,36.196,C,OK,2026-06-28 23:28:23,9,leitura,,,,
TQ-MIX-LT,53.8,%,OK,2026-06-28 23:28:23,9,leitura,,,,
TQ-MIX-PT,2.076,BAR,OK,2026-06-28 23:28:23,9,leitura,,,,
RES-Q-TT,74.9099,C,OK,2026-06-28 23:28:23,9,leitura,,,,
RES-F-TT,15.35,C,OK,2026-06-28 23:28:23,9,leitura,,,,
,28.0,,,2026-06-28 23:28:23,9,atuador,BOMBA-Q,PRINCIPAL,,
,28.0,,,2026-06-28 23:28:23,9,atuador,BOMBA-F,PRINCIPAL,,
TQ-MIX-TT,39.2187,C,OK,2026-06-28 23:28:28,10,leitura,,,,
TQ-MIX-LT,54.72,%,OK,2026-06-28 23:28:28,10,leitura,,,,
TQ-MIX-PT,2.0944,BAR,OK,2026-06-28 23:28:28,10,leitura,,,,
RES-Q-TT,75.0247,C,OK,2026-06-28 23:28:28,10,leitura,,,,
RES-F-TT,15.3481,C,OK,2026-06-28 23:28:28,10,leitura,,,,
,28.0,,,2026-06-28 23:28:28,10,atuador,BOMBA-Q,PRINCIPAL,,
,28.0,,,2026-06-28 23:28:28,10,atuador,BOMBA-F,PRINCIPAL,,
TQ-MIX-TT,36.2655,C,OK,2026-06-28 23:28:33,11,leitura,,,,
TQ-MIX-LT,55.64,%,OK,2026-06-28 23:28:33,11,leitura,,,,
TQ-MIX-PT,2.1128,BAR,OK,2026-06-28 23:28:33,11,leitura,,,,
RES-Q-TT,75.2293,C,OK,2026-06-28 23:28:33,11,leitura,,,,
RES-F-TT,15.285,C,OK,2026-06-28 23:28:33,11,leitura,,,,
,28.0,,,2026-06-28 23:28:33,11,atuador,BOMBA-Q,PRINCIPAL,,
,28.0,,,2026-06-28 23:28:33,11,atuador,BOMBA-F,PRINCIPAL,,
TQ-MIX-TT,39.0527,C,OK,2026-06-28 23:28:38,12,leitura,,,,
TQ-MIX-LT,56.56,%,OK,2026-06-28 23:28:38,12,leitura,,,,
TQ-MIX-PT,2.1312,BAR,OK,2026-06-28 23:28:38,12,leitura,,,,
RES-Q-TT,75.1396,C,OK,2026-06-28 23:28:38,12,leitura,,,,
RES-F-TT,14.9947,C,OK,2026-06-28 23:28:38,12,leitura,,,,
,28.0,,,2026-06-28 23:28:38,12,atuador,BOMBA-Q,PRINCIPAL,,
,28.0,,,2026-06-28 23:28:38,12,atuador,BOMBA-F,PRINCIPAL,,
TQ-MIX-TT,36.1158,C,OK,2026-06-28 23:28:43,13,leitura,,,,
TQ-MIX-LT,57.48,%,OK,2026-06-28 23:28:43,13,leitura,,,,
TQ-MIX-PT,2.1496,BAR,OK,2026-06-28 23:28:43,13,leitura,,,,
RES-Q-TT,75.1793,C,OK,2026-06-28 23:28:43,13,leitura,,,,
RES-F-TT,15.0816,C,OK,2026-06-28 23:28:43,13,leitura,,,,
,28.0,,,2026-06-28 23:28:43,13,atuador,BOMBA-Q,PRINCIPAL,,
,28.0,,,2026-06-28 23:28:43,13,atuador,BOMBA-F,PRINCIPAL,,
TQ-MIX-TT,39.1052,C,OK,2026-06-28 23:28:48,14,leitura,,,,
TQ-MIX-LT,58.4,%,OK,2026-06-28 23:28:48,14,leitura,,,,
TQ-MIX-PT,2.168,BAR,OK,2026-06-28 23:28:48,14,leitura,,,,
RES-F-TT,15.0558,C,OK,2026-06-28 23:28:48,14,leitura,,,,
,28.0,,,2026-06-28 23:28:48,14,atuador,BOMBA-Q,PRINCIPAL,,
,28.0,,,2026-06-28 23:28:48,14,atuador,BOMBA-F,PRINCIPAL,,
TQ-MIX-TT,35.8498,C,OK,2026-06-28 23:28:53,15,leitura,,,,
TQ-MIX-LT,59.32,%,OK,2026-06-28 23:28:53,15,leitura,,,,
TQ-MIX-PT,2.1864,BAR,OK,2026-06-28 23:28:53,15,leitura,,,,
RES-Q-TT,74.8663,C,OK,2026-06-28 23:28:53,15,leitura,,,,
RES-F-TT,14.841,C,OK,2026-06-28 23:28:53,15,leitura,,,,
,28.0,,,2026-06-28 23:28:53,15,atuador,BOMBA-Q,PRINCIPAL,,
,28.0,,,2026-06-28 23:28:53,15,atuador,BOMBA-F,PRINCIPAL,,
TQ-MIX-TT,38.3865,C,OK,2026-06-28 23:28:58,16,leitura,,,,
TQ-MIX-LT,59.44,%,OK,2026-06-28 23:28:58,16,leitura,,,,
TQ-MIX-PT,2.1888,BAR,OK,2026-06-28 23:28:58,16,leitura,,,,
RES-Q-TT,74.9221,C,OK,2026-06-28 23:28:58,16,leitura,,,,
RES-F-TT,15.0277,C,OK,2026-06-28 23:28:58,16,leitura,,,,
,28.0,,,2026-06-28 23:28:58,16,atuador,BOMBA-Q,PRINCIPAL,,
,8.0,,,2026-06-28 23:28:58,16,atuador,BOMBA-F,PRINCIPAL,,
TQ-MIX-TT,58.992,C,OK,2026-06-28 23:29:03,17,leitura,,,,
TQ-MIX-LT,59.912,%,OK,2026-06-28 23:29:03,17,leitura,,,,
TQ-MIX-PT,2.19824,BAR,OK,2026-06-28 23:29:03,17,leitura,,,,
RES-Q-TT,75.0501,C,OK,2026-06-28 23:29:03,17,leitura,,,,
RES-F-TT,14.8323,C,OK,2026-06-28 23:29:03,17,leitura,,,,
,28.0,,,2026-06-28 23:29:03,17,atuador,BOMBA-Q,PRINCIPAL,,
,28.0,,,2026-06-28 23:29:03,17,atuador,BOMBA-F,PRINCIPAL,,
TQ-MIX-TT,38.2176,C,OK,2026-06-28 23:29:08,18,leitura,,,,
TQ-MIX-LT,60.832,%,OK,2026-06-28 23:29:08,18,leitura,,,,
TQ-MIX-PT,2.21664,BAR,OK,2026-06-28 23:29:08,18,leitura,,,,
RES-Q-TT,74.7935,C,OK,2026-06-28 23:29:08,18,leitura,,,,
RES-F-TT,14.833,C,OK,2026-06-28 23:29:08,18,leitura,,,,
,28.0,,,2026-06-28 23:29:08,18,atuador,BOMBA-Q,PRINCIPAL,,
,28.0,,,2026-06-28 23:29:08,18,atuador,BOMBA-F,PRINCIPAL,,
TQ-MIX-TT,41.1503,C,OK,2026-06-28 23:29:13,19,leitura,,,,
TQ-MIX-LT,61.752,%,OK,2026-06-28 23:29:13,19,leitura,,,,
TQ-MIX-PT,2.23504,BAR,OK,2026-06-28 23:29:13,19,leitura,,,,
RES-Q-TT,74.7997,C,OK,2026-06-28 23:29:13,19,leitura,,,,
RES-F-TT,14.7115,C,OK,2026-06-28 23:29:13,19,leitura,,,,
,28.0,,,2026-06-28 23:29:13,19,atuador,BOMBA-Q,PRINCIPAL,,
,28.0,,,2026-06-28 23:29:13,19,atuador,BOMBA-F,PRINCIPAL,,
TQ-MIX-TT,38.1299,C,OK,2026-06-28 23:29:18,20,leitura,,,,
TQ-MIX-LT,62.672,%,OK,2026-06-28 23:29:18,20,leitura,,,,
TQ-MIX-PT,2.25344,BAR,OK,2026-06-28 23:29:18,20,leitura,,,,
RES-Q-TT,74.7714,C,OK,2026-06-28 23:29:18,20,leitura,,,,
RES-F-TT,14.7034,C,OK,2026-06-28 23:29:18,20,leitura,,,,
,28.0,,,2026-06-28 23:29:18,20,atuador,BOMBA-Q,PRINCIPAL,,
,28.0,,,2026-06-28 23:29:18,20,atuador,BOMBA-F,PRINCIPAL,,
TQ-MIX-TT,41.0916,C,OK,2026-06-28 23:29:23,21,leitura,,,,
TQ-MIX-LT,63.592,%,OK,2026-06-28 23:29:23,21,leitura,,,,
TQ-MIX-PT,2.27184,BAR,OK,2026-06-28 23:29:23,21,leitura,,,,
RES-Q-TT,75.042,C,OK,2026-06-28 23:29:23,21,leitura,,,,
RES-F-TT,14.4163,C,OK,2026-06-28 23:29:23,21,leitura,,,,
,28.0,,,2026-06-28 23:29:23,21,atuador,BOMBA-Q,PRINCIPAL,,
,28.0,,,2026-06-28 23:29:23,21,atuador,BOMBA-F,PRINCIPAL,,
TQ-MIX-TT,38.2457,C,OK,2026-06-28 23:29:28,22,leitura,,,,
TQ-MIX-LT,64.512,%,OK,2026-06-28 23:29:28,22,leitura,,,,
TQ-MIX-PT,2.29024,BAR,OK,2026-06-28 23:29:28,22,leitura,,,,
RES-Q-TT,75.117,C,OK,2026-06-28 23:29:28,22,leitura,,,,
RES-F-TT,14.6723,C,OK,2026-06-28 23:29:28,22,leitura,,,,
,28.0,,,2026-06-28 23:29:28,22,atuador,BOMBA-Q,PRINCIPAL,,
,28.0,,,2026-06-28 23:29:28,22,atuador,BOMBA-F,PRINCIPAL,,
TQ-MIX-TT,23.0,C,OK,2026-06-27 22:11:46,1,,,,,
TQ-MIX-LT,49.8,%,OK,2026-06-27 22:11:46,1,,,,,
TQ-MIX-PT,1.996,BAR,OK,2026-06-27 22:11:46,1,,,,,
RES-Q-TT,71.124,C,OK,2026-06-27 22:11:46,1,,,,,
RES-F-TT,18.8394,C,OK,2026-06-27 22:11:46,1,,,,,
,0.0,,,2026-06-27 22:11:46,1,atuador,BOMBA-Q,PRINCIPAL,,
,0.0,,,2026-06-27 22:11:46,1,atuador,BOMBA-F,PRINCIPAL,,
TQ-MIX-TT,23.0,C,OK,2026-06-27 22:11:54,2,,,,,
TQ-MIX-LT,49.6,%,OK,2026-06-27 22:11:54,2,,,,,
TQ-MIX-PT,1.992,BAR,OK,2026-06-27 22:11:54,2,,,,,
RES-Q-TT,72.3231,C,OK,2026-06-27 22:11:54,2,,,,,
RES-F-TT,17.935200000000002,C,OK,2026-06-27 22:11:54,2,,,,,
,0.0,,,2026-06-27 22:11:54,2,atuador,BOMBA-Q,PRINCIPAL,,
,0.0,,,2026-06-27 22:11:54,2,atuador,BOMBA-F,PRINCIPAL,,
TQ-MIX-TT,23.0,C,OK,2026-06-27 22:16:13,3,,,,,
TQ-MIX-LT,49.4,%,OK,2026-06-27 22:16:13,3,,,,,
TQ-MIX-PT,1.988,BAR,OK,2026-06-27 22:16:13,3,,,,,
RES-Q-TT,73.2754,C,OK,2026-06-27 22:16:13,3,,,,,
RES-F-TT,17.4023,C,OK,2026-06-27 22:16:13,3,,,,,
,0.0,,,2026-06-27 22:16:13,3,atuador,BOMBA-Q,PRINCIPAL,,
,0.0,,,2026-06-27 22:16:13,3,atuador,BOMBA-F,PRINCIPAL,,
TQ-MIX-TT,23.0,C,OK,2026-06-27 22:17:12,4,,,,,
TQ-MIX-LT,49.2,%,OK,2026-06-27 22:17:12,4,,,,,
TQ-MIX-PT,1.984,BAR,OK,2026-06-27 22:17:12,4,,,,,
RES-Q-TT,73.6176,C,OK,2026-06-27 22:17:12,4,,,,,
RES-F-TT,16.6792,C,OK,2026-06-27 22:17:12,4,,,,,
,0.0,,,2026-06-27 22:17:12,4,atuador,BOMBA-Q,PRINCIPAL,,
,0.0,,,2026-06-27 22:17:12,4,atuador,BOMBA-F,PRINCIPAL,,
TQ-MIX-TT,23.0,C,OK,2026-06-27 22:17:33,5,,,,,
TQ-MIX-LT,49.0,%,OK,2026-06-27 22:17:33,5,,,,,
TQ-MIX-PT,1.98,BAR,OK,2026-06-27 22:17:33,5,,,,,
RES-Q-TT,73.8848,C,OK,2026-06-27 22:17:33,5,,,,,
RES-F-TT,16.3973,C,OK,2026-06-27 22:17:33,5,,,,,
,0.0,,,2026-06-27 22:17:33,5,atuador,BOMBA-Q,PRINCIPAL,,
,0.0,,,2026-06-27 22:17:33,5,atuador,BOMBA-F,PRINCIPAL,,
TQ-MIX-TT,23.0,C,OK,2026-06-27 22:49:21,6,,,,,
TQ-MIX-LT,48.8,%,OK,2026-06-27 22:49:21,6,,,,,
TQ-MIX-PT,1.976,BAR,OK,2026-06-27 22:49:21,6,,,,,
RES-Q-TT,74.0999,C,OK,2026-06-27 22:49:21,6,,,,,
RES-F-TT,16.4783,C,OK,2026-06-27 22:49:21,6,,,,,
,0.0,,,2026-06-27 22:49:21,6,atuador,BOMBA-Q,PRINCIPAL,,
,0.0,,,2026-06-27 22:49:21,6,atuador,BOMBA-F,PRINCIPAL,,
TQ-MIX-TT,23.0,C,OK,2026-06-27 23:00:22,7,,,,,
TQ-MIX-LT,48.6,%,OK,2026-06-27 23:00:22,7,,,,,
TQ-MIX-PT,1.972,BAR,OK,2026-06-27 23:00:22,7,,,,,
RES-Q-TT,74.0275,C,OK,2026-06-27 23:00:22,7,,,,,
RES-F-TT,16.5727,C,OK,2026-06-27 23:00:22,7,,,,,
,0.0,,,2026-06-27 23:00:22,7,atuador,BOMBA-Q,PRINCIPAL,,
,0.0,,,2026-06-27 23:00:22,7,atuador,BOMBA-F,PRINCIPAL,,
TQ-MIX-TT,23.0,C,OK,2026-06-27 23:00:36,8,,,,,
TQ-MIX-LT,48.4,%,OK,2026-06-27 23:00:36,8,,,,,
TQ-MIX-PT,1.968,BAR,OK,2026-06-27 23:00:36,8,,,,,
RES-Q-TT,73.865,C,OK,2026-06-27 23:00:36,8,,,,,
RES-F-TT,16.4777,C,OK,2026-06-27 23:00:36,8,,,,,
,0.0,,,2026-06-27 23:00:36,8,atuador,BOMBA-Q,PRINCIPAL,,
,0.0,,,2026-06-27 23:00:36,8,atuador,BOMBA-F,PRINCIPAL,,
TQ-MIX-TT,23.0,C,OK,2026-06-27 23:01:11,9,,,,,
TQ-MIX-LT,48.2,%,OK,2026-06-27 23:01:11,9,,,,,
TQ-MIX-PT,1.964,BAR,OK,2026-06-27 23:01:11,9,,,,,
RES-Q-TT,74.0269,C,OK,2026-06-27 23:01:11,9,,,,,
RES-F-TT,16.676,C,OK,2026-06-27 23:01:11,9,,,,,
,0.0,,,2026-06-27 23:01:11,9,atuador,BOMBA-Q,PRINCIPAL,,
,0.0,,,2026-06-27 23:01:11,9,atuador,BOMBA-F,PRINCIPAL,,
TQ-MIX-TT,23.0,C,OK,2026-06-27 23:01:25,10,,,,,
TQ-MIX-LT,48.0,%,OK,2026-06-27 23:01:25,10,,,,,
TQ-MIX-PT,1.96,BAR,OK,2026-06-27 23:01:25,10,,,,,
RES-Q-TT,73.7499,C,OK,2026-06-27 23:01:25,10,,,,,
RES-F-TT,16.5197,C,OK,2026-06-27 23:01:25,10,,,,,
,0.0,,,2026-06-27 23:01:25,10,atuador,BOMBA-Q,PRINCIPAL,,
,0.0,,,2026-06-27 23:01:25,10,atuador,BOMBA-F,PRINCIPAL,,
TQ-MIX-TT,23.0,C,OK,2026-06-27 23:01:59,11,,,,,
TQ-MIX-LT,47.8,%,OK,2026-06-27 23:01:59,11,,,,,
TQ-MIX-PT,1.956,BAR,OK,2026-06-27 23:01:59,11,,,,,
RES-Q-TT,74.0095,C,OK,2026-06-27 23:01:59,11,,,,,
RES-F-TT,16.8157,C,OK,2026-06-27 23:01:59,11,,,,,
,0.0,,,2026-06-27 23:01:59,11,atuador,BOMBA-Q,PRINCIPAL,,
,0.0,,,2026-06-27 23:01:59,11,atuador,BOMBA-F,PRINCIPAL,,
TQ-MIX-TT,23.0,C,OK,2026-06-28 01:01:07,1,,,,,
TQ-MIX-LT,49.8,%,OK,2026-06-28 01:01:07,1,,,,,
TQ-MIX-PT,1.996,BAR,OK,2026-06-28 01:01:07,1,,,,,
RES-Q-TT,71.0825,C,OK,2026-06-28 01:01:07,1,,,,,
RES-F-TT,18.9486,C,OK,2026-06-28 01:01:07,1,,,,,
,0.0,,,2026-06-28 01:01:07,1,atuador,BOMBA-Q,PRINCIPAL,,
,0.0,,,2026-06-28 01:01:07,1,atuador,BOMBA-F,PRINCIPAL,,
TQ-MIX-TT,23.0,C,OK,2026-06-28 01:01:37,2,,,,,
TQ-MIX-LT,49.6,%,OK,2026-06-28 01:01:37,2,,,,,
TQ-MIX-PT,1.992,BAR,OK,2026-06-28 01:01:37,2,,,,,
RES-Q-TT,71.9928,C,OK,2026-06-28 01:01:37,2,,,,,
RES-F-TT,18.1255,C,OK,2026-06-28 01:01:37,2,,,,,
,0.0,,,2026-06-28 01:01:37,2,atuador,BOMBA-Q,PRINCIPAL,,
,0.0,,,2026-06-28 01:01:37,2,atuador,BOMBA-F,PRINCIPAL,,
TQ-MIX-TT,23.0,C,OK,2026-06-28 01:01:42,3,,,,,
TQ-MIX-LT,49.4,%,OK,2026-06-28 01:01:42,3,,,,,
TQ-MIX-PT,1.988,BAR,OK,2026-06-28 01:01:42,3,,,,,
RES-Q-TT,72.9027,C,OK,2026-06-28 01:01:42,3,,,,,
RES-F-TT,16.8323,C,OK,2026-06-28 01:01:42,3,,,,,
,0.0,,,2026-06-28 01:01:42,3,atuador,BOMBA-Q,PRINCIPAL,,
,0.0,,,2026-06-28 01:01:42,3,atuador,BOMBA-F,PRINCIPAL,,
TQ-MIX-TT,23.0,C,OK,2026-06-28 01:01:47,4,,,,,
TQ-MIX-LT,49.2,%,OK,2026-06-28 01:01:47,4,,,,,
TQ-MIX-PT,1.984,BAR,OK,2026-06-28 01:01:47,4,,,,,
RES-Q-TT,73.7508,C,OK,2026-06-28 01:01:47,4,,,,,
RES-F-TT,15.9679,C,OK,2026-06-28 01:01:47,4,,,,,
,0.0,,,2026-06-28 01:01:47,4,atuador,BOMBA-Q,PRINCIPAL,,
,0.0,,,2026-06-28 01:01:47,4,atuador,BOMBA-F,PRINCIPAL,,
TQ-MIX-TT,23.0,C,OK,2026-06-28 01:01:52,5,,,,,
TQ-MIX-LT,49.0,%,OK,2026-06-28 01:01:52,5,,,,,
TQ-MIX-PT,1.98,BAR,OK,2026-06-28 01:01:52,5,,,,,
RES-Q-TT,74.5145,C,OK,2026-06-28 01:01:52,5,,,,,
RES-F-TT,15.2544,C,OK,2026-06-28 01:01:52,5,,,,,
,0.0,,,2026-06-28 01:01:52,5,atuador,BOMBA-Q,PRINCIPAL,,
,0.0,,,2026-06-28 01:01:52,5,atuador,BOMBA-F,PRINCIPAL,,
TQ-MIX-TT,23.0,C,OK,2026-06-28 01:01:57,6,,,,,
TQ-MIX-LT,48.8,%,OK,2026-06-28 01:01:57,6,,,,,
TQ-MIX-PT,1.976,BAR,OK,2026-06-28 01:01:57,6,,,,,
RES-Q-TT,74.9821,C,OK,2026-06-28 01:01:57,6,,,,,
RES-F-TT,14.7626,C,OK,2026-06-28 01:01:57,6,,,,,
,0.0,,,2026-06-28 01:01:57,6,atuador,BOMBA-Q,PRINCIPAL,,
,0.0,,,2026-06-28 01:01:57,6,atuador,BOMBA-F,PRINCIPAL,,
TQ-MIX-TT,23.0,C,OK,2026-06-28 01:02:02,7,,,,,
TQ-MIX-LT,48.6,%,OK,2026-06-28 01:02:02,7,,,,,
TQ-MIX-PT,1.972,BAR,OK,2026-06-28 01:02:02,7,,,,,
RES-Q-TT,75.2782,C,OK,2026-06-28 01:02:02,7,,,,,
RES-F-TT,14.5667,C,OK,2026-06-28 01:02:02,7,,,,,
,0.0,,,2026-06-28 01:02:02,7,atuador,BOMBA-Q,PRINCIPAL,,
,0.0,,,2026-06-28 01:02:02,7,atuador,BOMBA-F,PRINCIPAL,,
TQ-MIX-TT,23.0,C,OK,2026-06-28 01:02:07,8,,,,,
TQ-MIX-LT,48.4,%,OK,2026-06-28 01:02:07,8,,,,,
TQ-MIX-PT,1.968,BAR,OK,2026-06-28 01:02:07,8,,,,,
RES-Q-TT,75.2994,C,OK,2026-06-28 01:02:07,8,,,,,
RES-F-TT,14.7683,C,OK,2026-06-28 01:02:07,8,,,,,
,0.0,,,2026-06-28 01:02:07,8,atuador,BOMBA-Q,PRINCIPAL,,
,0.0,,,2026-06-28 01:02:07,8,atuador,BOMBA-F,PRINCIPAL,,
TQ-MIX-TT,23.0,C,OK,2026-06-28 01:02:12,9,,,,,
TQ-MIX-LT,48.2,%,OK,2026-06-28 01:02:12,9,,,,,
TQ-MIX-PT,1.964,BAR,OK,2026-06-28 01:02:12,9,,,,,
RES-Q-TT,74.9475,C,OK,2026-06-28 01:02:12,9,,,,,
RES-F-TT,14.8077,C,OK,2026-06-28 01:02:12,9,,,,,
,0.0,,,2026-06-28 01:02:12,9,atuador,BOMBA-Q,PRINCIPAL,,
,0.0,,,2026-06-28 01:02:12,9,atuador,BOMBA-F,PRINCIPAL,,
TQ-MIX-TT,23.0,C,OK,2026-06-28 01:02:17,10,,,,,
TQ-MIX-LT,48.0,%,OK,2026-06-28 01:02:17,10,,,,,
TQ-MIX-PT,1.96,BAR,OK,2026-06-28 01:02:17,10,,,,,
RES-Q-TT,75.0347,C,OK,2026-06-28 01:02:17,10,,,,,
RES-F-TT,14.6314,C,OK,2026-06-28 01:02:17,10,,,,,
,0.0,,,2026-06-28 01:02:17,10,atuador,BOMBA-Q,PRINCIPAL,,
,0.0,,,2026-06-28 01:02:17,10,atuador,BOMBA-F,PRINCIPAL,,
TQ-MIX-TT,23.0,C,OK,2026-06-28 01:02:22,11,,,,,
TQ-MIX-LT,47.8,%,OK,2026-06-28 01:02:22,11,,,,,
TQ-MIX-PT,1.956,BAR,OK,2026-06-28 01:02:22,11,,,,,
RES-Q-TT,74.8166,C,OK,2026-06-28 01:02:22,11,,,,,
RES-F-TT,14.517900000000001,C,OK,2026-06-28 01:02:22,11,,,,,
,0.0,,,2026-06-28 01:02:22,11,atuador,BOMBA-Q,PRINCIPAL,,
,0.0,,,2026-06-28 01:02:22,11,atuador,BOMBA-F,PRINCIPAL,,
TQ-MIX-TT,23.0,C,OK,2026-06-28 01:02:27,12,,,,,
TQ-MIX-LT,47.6,%,OK,2026-06-28 01:02:27,12,,,,,
TQ-MIX-PT,1.952,BAR,OK,2026-06-28 01:02:27,12,,,,,
RES-Q-TT,74.9134,C,OK,2026-06-28 01:02:27,12,,,,,
RES-F-TT,14.8033,C,OK,2026-06-28 01:02:27,12,,,,,
,0.0,,,2026-06-28 01:02:27,12,atuador,BOMBA-Q,PRINCIPAL,,
,0.0,,,2026-06-28 01:02:27,12,atuador,BOMBA-F,PRINCIPAL,,
TQ-MIX-TT,23.0,C,OK,2026-06-28 01:02:32,13,,,,,
TQ-MIX-LT,47.4,%,OK,2026-06-28 01:02:32,13,,,,,
TQ-MIX-PT,1.948,BAR,OK,2026-06-28 01:02:32,13,,,,,
RES-Q-TT,74.7349,C,OK,2026-06-28 01:02:32,13,,,,,
RES-F-TT,15.024,C,OK,2026-06-28 01:02:32,13,,,,,
,0.0,,,2026-06-28 01:02:32,13,atuador,BOMBA-Q,PRINCIPAL,,
,0.0,,,2026-06-28 01:02:32,13,atuador,BOMBA-F,PRINCIPAL,,
TQ-MIX-TT,23.0,C,OK,2026-06-28 01:02:37,14,,,,,
TQ-MIX-LT,47.2,%,OK,2026-06-28 01:02:37,14,,,,,
TQ-MIX-PT,1.944,BAR,OK,2026-06-28 01:02:37,14,,,,,
RES-Q-TT,74.461,C,OK,2026-06-28 01:02:37,14,,,,,
RES-F-TT,15.1019,C,OK,2026-06-28 01:02:37,14,,,,,
,0.0,,,2026-06-28 01:02:37,14,atuador,BOMBA-Q,PRINCIPAL,,
,0.0,,,2026-06-28 01:02:37,14,atuador,BOMBA-F,PRINCIPAL,,
TQ-MIX-TT,23.0,C,OK,2026-06-28 01:02:42,15,,,,,
TQ-MIX-LT,47.0,%,OK,2026-06-28 01:02:42,15,,,,,
TQ-MIX-PT,1.94,BAR,OK,2026-06-28 01:02:42,15,,,,,
RES-Q-TT,74.686,C,OK,2026-06-28 01:02:42,15,,,,,
RES-F-TT,15.3315,C,OK,2026-06-28 01:02:42,15,,,,,
,0.0,,,2026-06-28 01:02:42,15,atuador,BOMBA-Q,PRINCIPAL,,
,0.0,,,2026-06-28 01:02:42,15,atuador,BOMBA-F,PRINCIPAL,,
TQ-MIX-TT,23.0,C,OK,2026-06-28 01:02:47,16,,,,,
TQ-MIX-LT,46.8,%,OK,2026-06-28 01:02:47,16,,,,,
TQ-MIX-PT,1.936,BAR,OK,2026-06-28 01:02:47,16,,,,,
RES-Q-TT,74.8105,C,OK,2026-06-28 01:02:47,16,,,,,
RES-F-TT,15.4563,C,OK,2026-06-28 01:02:47,16,,,,,
,0.0,,,2026-06-28 01:02:47,16,atuador,BOMBA-Q,PRINCIPAL,,
,0.0,,,2026-06-28 01:02:47,16,atuador,BOMBA-F,PRINCIPAL,,
TQ-MIX-TT,23.0,C,OK,2026-06-28 01:02:52,17,,,,,
TQ-MIX-LT,46.6,%,OK,2026-06-28 01:02:52,17,,,,,
TQ-MIX-PT,1.932,BAR,OK,2026-06-28 01:02:52,17,,,,,
RES-Q-TT,74.8374,C,OK,2026-06-28 01:02:52,17,,,,,
RES-F-TT,15.7167,C,OK,2026-06-28 01:02:52,17,,,,,
,0.0,,,2026-06-28 01:02:52,17,atuador,BOMBA-Q,PRINCIPAL,,
,0.0,,,2026-06-28 01:02:52,17,atuador,BOMBA-F,PRINCIPAL,,
TQ-MIX-TT,23.0,C,OK,2026-06-28 01:02:57,18,,,,,
TQ-MIX-LT,46.4,%,OK,2026-06-28 01:02:57,18,,,,,
TQ-MIX-PT,1.928,BAR,OK,2026-06-28 01:02:57,18,,,,,
RES-Q-TT,74.602,C,OK,2026-06-28 01:02:57,18,,,,,
RES-F-TT,15.8091,C,OK,2026-06-28 01:02:57,18,,,,,
,0.0,,,2026-06-28 01:02:57,18,atuador,BOMBA-Q,PRINCIPAL,,
,0.0,,,2026-06-28 01:02:57,18,atuador,BOMBA-F,PRINCIPAL,,
TQ-MIX-TT,23.0,C,OK,2026-06-28 01:03:02,19,,,,,
TQ-MIX-LT,46.2,%,OK,2026-06-28 01:03:02,19,,,,,
TQ-MIX-PT,1.924,BAR,OK,2026-06-28 01:03:02,19,,,,,
RES-Q-TT,74.6526,C,OK,2026-06-28 01:03:02,19,,,,,
RES-F-TT,15.524000000000001,C,OK,2026-06-28 01:03:02,19,,,,,
,0.0,,,2026-06-28 01:03:02,19,atuador,BOMBA-Q,PRINCIPAL,,
,0.0,,,2026-06-28 01:03:02,19,atuador,BOMBA-F,PRINCIPAL,,
TQ-MIX-TT,23.0,C,OK,2026-06-28 01:03:07,20,,,,,
TQ-MIX-LT,46.0,%,OK,2026-06-28 01:03:07,20,,,,,
TQ-MIX-PT,1.92,BAR,OK,2026-06-28 01:03:07,20,,,,,
RES-Q-TT,74.6278,C,OK,2026-06-28 01:03:07,20,,,,,
RES-F-TT,15.3163,C,OK,2026-06-28 01:03:07,20,,,,,
,0.0,,,2026-06-28 01:03:07,20,atuador,BOMBA-Q,PRINCIPAL,,
,0.0,,,2026-06-28 01:03:07,20,atuador,BOMBA-F,PRINCIPAL,,
TQ-MIX-TT,23.0,C,OK,2026-06-28 01:03:12,21,,,,,
TQ-MIX-LT,45.8,%,OK,2026-06-28 01:03:12,21,,,,,
TQ-MIX-PT,1.916,BAR,OK,2026-06-28 01:03:12,21,,,,,
RES-Q-TT,74.5982,C,OK,2026-06-28 01:03:12,21,,,,,
RES-F-TT,15.4594,C,OK,2026-06-28 01:03:12,21,,,,,
,0.0,,,2026-06-28 01:03:12,21,atuador,BOMBA-Q,PRINCIPAL,,
,0.0,,,2026-06-28 01:03:12,21,atuador,BOMBA-F,PRINCIPAL,,
TQ-MIX-TT,15.5764,C,OK,2026-06-28 01:03:17,22,,,,,
TQ-MIX-LT,46.24,%,OK,2026-06-28 01:03:17,22,,,,,
TQ-MIX-PT,1.9248,BAR,OK,2026-06-28 01:03:17,22,,,,,
RES-Q-TT,74.5277,C,OK,2026-06-28 01:03:17,22,,,,,
RES-F-TT,15.5764,C,OK,2026-06-28 01:03:17,22,,,,,
,0.0,,,2026-06-28 01:03:17,22,atuador,BOMBA-Q,PRINCIPAL,,
,40.0,,,2026-06-28 01:03:17,22,atuador,BOMBA-F,PRINCIPAL,,
TQ-MIX-TT,15.5387,C,OK,2026-06-28 01:03:22,23,,,,,
TQ-MIX-LT,46.6,%,OK,2026-06-28 01:03:22,23,,,,,
TQ-MIX-PT,1.932,BAR,OK,2026-06-28 01:03:22,23,,,,,
RES-Q-TT,74.6967,C,OK,2026-06-28 01:03:22,23,,,,,
RES-F-TT,15.5387,C,OK,2026-06-28 01:03:22,23,,,,,
,0.0,,,2026-06-28 01:03:22,23,atuador,BOMBA-Q,PRINCIPAL,,
,40.0,,,2026-06-28 01:03:22,23,atuador,BOMBA-F,PRINCIPAL,,
TQ-MIX-TT,15.2762,C,OK,2026-06-28 01:03:27,24,,,,,
TQ-MIX-LT,46.88,%,OK,2026-06-28 01:03:27,24,,,,,
TQ-MIX-PT,1.9376000000000002,BAR,OK,2026-06-28 01:03:27,24,,,,,
RES-Q-TT,74.6785,C,OK,2026-06-28 01:03:27,24,,,,,
RES-F-TT,15.2762,C,OK,2026-06-28 01:03:27,24,,,,,
,0.0,,,2026-06-28 01:03:27,24,atuador,BOMBA-Q,PRINCIPAL,,
,40.0,,,2026-06-28 01:03:27,24,atuador,BOMBA-F,PRINCIPAL,,
TQ-MIX-TT,15.0956,C,OK,2026-06-28 01:03:32,25,,,,,
TQ-MIX-LT,47.08,%,OK,2026-06-28 01:03:32,25,,,,,
TQ-MIX-PT,1.9416,BAR,OK,2026-06-28 01:03:32,25,,,,,
RES-Q-TT,74.6662,C,OK,2026-06-28 01:03:32,25,,,,,
RES-F-TT,15.0956,C,OK,2026-06-28 01:03:32,25,,,,,
,0.0,,,2026-06-28 01:03:32,25,atuador,BOMBA-Q,PRINCIPAL,,
,40.0,,,2026-06-28 01:03:32,25,atuador,BOMBA-F,PRINCIPAL,,
TQ-MIX-TT,15.3121,C,OK,2026-06-28 01:03:37,26,,,,,
TQ-MIX-LT,47.2,%,OK,2026-06-28 01:03:37,26,,,,,
TQ-MIX-PT,1.944,BAR,OK,2026-06-28 01:03:37,26,,,,,
RES-Q-TT,74.7591,C,OK,2026-06-28 01:03:37,26,,,,,
RES-F-TT,15.3121,C,OK,2026-06-28 01:03:37,26,,,,,
,0.0,,,2026-06-28 01:03:37,26,atuador,BOMBA-Q,PRINCIPAL,,
,40.0,,,2026-06-28 01:03:37,26,atuador,BOMBA-F,PRINCIPAL,,
TQ-MIX-TT,15.3014,C,OK,2026-06-28 01:03:42,27,,,,,
TQ-MIX-LT,47.24,%,OK,2026-06-28 01:03:42,27,,,,,
TQ-MIX-PT,1.9448,BAR,OK,2026-06-28 01:03:42,27,,,,,
RES-Q-TT,75.0172,C,OK,2026-06-28 01:03:42,27,,,,,
RES-F-TT,15.3014,C,OK,2026-06-28 01:03:42,27,,,,,
,0.0,,,2026-06-28 01:03:42,27,atuador,BOMBA-Q,PRINCIPAL,,
,40.0,,,2026-06-28 01:03:42,27,atuador,BOMBA-F,PRINCIPAL,,
TQ-MIX-TT,15.4558,C,OK,2026-06-28 01:03:47,28,,,,,
TQ-MIX-LT,47.2,%,OK,2026-06-28 01:03:47,28,,,,,
TQ-MIX-PT,1.944,BAR,OK,2026-06-28 01:03:47,28,,,,,
RES-Q-TT,75.2361,C,OK,2026-06-28 01:03:47,28,,,,,
RES-F-TT,15.4558,C,OK,2026-06-28 01:03:47,28,,,,,
,0.0,,,2026-06-28 01:03:47,28,atuador,BOMBA-Q,PRINCIPAL,,
,40.0,,,2026-06-28 01:03:47,28,atuador,BOMBA-F,PRINCIPAL,,
TQ-MIX-TT,28.3564,C,OK,2026-06-28 10:21:16,1,leitura,,,,
TQ-MIX-LT,50.12,%,OK,2026-06-28 10:21:16,1,leitura,,,,
TQ-MIX-PT,2.0024,BAR,OK,2026-06-28 10:21:16,1,leitura,,,,
RES-Q-TT,70.9291,C,OK,2026-06-28 10:21:16,1,leitura,,,,
RES-F-TT,19.0112,C,OK,2026-06-28 10:21:16,1,leitura,,,,
,8.0,,,2026-06-28 10:21:16,1,atuador,BOMBA-Q,PRINCIPAL,,
,8.0,,,2026-06-28 10:21:16,1,atuador,BOMBA-F,PRINCIPAL,,
TQ-MIX-TT,30.6594,C,OK,2026-06-28 10:21:47,2,leitura,,,,
TQ-MIX-LT,50.752,%,OK,2026-06-28 10:21:47,2,leitura,,,,
TQ-MIX-PT,2.01504,BAR,OK,2026-06-28 10:21:47,2,leitura,,,,
RES-Q-TT,72.0096,C,OK,2026-06-28 10:21:47,2,leitura,,,,
RES-F-TT,18.2543,C,OK,2026-06-28 10:21:47,2,leitura,,,,
,28.0,,,2026-06-28 10:21:47,2,atuador,BOMBA-Q,PRINCIPAL,,
,40.0,,,2026-06-28 10:21:47,2,atuador,BOMBA-F,PRINCIPAL,,
TQ-MIX-TT,48.4765,C,OK,2026-06-28 10:21:52,3,leitura,,,,
TQ-MIX-LT,51.84,%,OK,2026-06-28 10:21:52,3,leitura,,,,
TQ-MIX-PT,2.0368,BAR,OK,2026-06-28 10:21:52,3,leitura,,,,
RES-Q-TT,72.5193,C,OK,2026-06-28 10:21:52,3,leitura,,,,
RES-F-TT,17.2209,C,OK,2026-06-28 10:21:52,3,leitura,,,,
,28.0,,,2026-06-28 10:21:52,3,atuador,BOMBA-Q,PRINCIPAL,,
,40.0,,,2026-06-28 10:21:52,3,atuador,BOMBA-F,PRINCIPAL,,
TQ-MIX-TT,51.3353,C,OK,2026-06-28 10:21:57,4,leitura,,,,
TQ-MIX-LT,52.904,%,OK,2026-06-28 10:21:57,4,leitura,,,,
TQ-MIX-PT,2.05808,BAR,OK,2026-06-28 10:21:57,4,leitura,,,,
RES-Q-TT,72.8719,C,OK,2026-06-28 10:21:57,4,leitura,,,,
RES-F-TT,16.1589,C,OK,2026-06-28 10:21:57,4,leitura,,,,
,28.0,,,2026-06-28 10:21:57,4,atuador,BOMBA-Q,PRINCIPAL,,
,28.0,,,2026-06-28 10:21:57,4,atuador,BOMBA-F,PRINCIPAL,,
TQ-MIX-TT,48.2087,C,OK,2026-06-28 10:22:02,5,leitura,,,,
TQ-MIX-LT,53.992,%,OK,2026-06-28 10:22:02,5,leitura,,,,
TQ-MIX-PT,2.07984,BAR,OK,2026-06-28 10:22:02,5,leitura,,,,
RES-Q-TT,73.1491,C,OK,2026-06-28 10:22:02,5,leitura,,,,
RES-F-TT,15.786200000000001,C,OK,2026-06-28 10:22:02,5,leitura,,,,
,28.0,,,2026-06-28 10:22:02,5,atuador,BOMBA-Q,PRINCIPAL,,
,40.0,,,2026-06-28 10:22:02,5,atuador,BOMBA-F,PRINCIPAL,,
TQ-MIX-TT,51.3689,C,OK,2026-06-28 10:22:07,6,leitura,,,,
TQ-MIX-LT,55.056,%,OK,2026-06-28 10:22:07,6,leitura,,,,
TQ-MIX-PT,2.10112,BAR,OK,2026-06-28 10:22:07,6,leitura,,,,
RES-Q-TT,73.5694,C,OK,2026-06-28 10:22:07,6,leitura,,,,
RES-F-TT,15.1081,C,OK,2026-06-28 10:22:07,6,leitura,,,,
,28.0,,,2026-06-28 10:22:07,6,atuador,BOMBA-Q,PRINCIPAL,,
,28.0,,,2026-06-28 10:22:07,6,atuador,BOMBA-F,PRINCIPAL,,
TQ-MIX-TT,48.2523,C,OK,2026-06-28 10:22:12,7,leitura,,,,
TQ-MIX-LT,56.144,%,OK,2026-06-28 10:22:12,7,leitura,,,,
TQ-MIX-PT,2.12288,BAR,OK,2026-06-28 10:22:12,7,leitura,,,,
RES-Q-TT,73.7027,C,OK,2026-06-28 10:22:12,7,leitura,,,,
RES-F-TT,15.1667,C,OK,2026-06-28 10:22:12,7,leitura,,,,
,28.0,,,2026-06-28 10:22:12,7,atuador,BOMBA-Q,PRINCIPAL,,
,40.0,,,2026-06-28 10:22:12,7,atuador,BOMBA-F,PRINCIPAL,,
TQ-MIX-TT,51.5436,C,OK,2026-06-28 10:22:17,8,leitura,,,,
TQ-MIX-LT,57.208,%,OK,2026-06-28 10:22:17,8,leitura,,,,
TQ-MIX-PT,2.14416,BAR,OK,2026-06-28 10:22:17,8,leitura,,,,
RES-Q-TT,73.9513,C,OK,2026-06-28 10:22:17,8,leitura,,,,
RES-F-TT,14.9443,C,OK,2026-06-28 10:22:17,8,leitura,,,,
,28.0,,,2026-06-28 10:22:17,8,atuador,BOMBA-Q,PRINCIPAL,,
,28.0,,,2026-06-28 10:22:17,8,atuador,BOMBA-F,PRINCIPAL,,
TQ-MIX-TT,48.3978,C,OK,2026-06-28 10:22:22,9,leitura,,,,
TQ-MIX-LT,58.296,%,OK,2026-06-28 10:22:22,9,leitura,,,,
TQ-MIX-PT,2.16592,BAR,OK,2026-06-28 10:22:22,9,leitura,,,,
RES-Q-TT,73.9043,C,OK,2026-06-28 10:22:22,9,leitura,,,,
RES-F-TT,15.2393,C,OK,2026-06-28 10:22:22,9,leitura,,,,
,28.0,,,2026-06-28 10:22:22,9,atuador,BOMBA-Q,PRINCIPAL,,
,40.0,,,2026-06-28 10:22:22,9,atuador,BOMBA-F,PRINCIPAL,,
TQ-MIX-TT,51.4209,C,OK,2026-06-28 10:22:27,10,leitura,,,,
TQ-MIX-LT,59.36,%,OK,2026-06-28 10:22:27,10,leitura,,,,
TQ-MIX-PT,2.1872,BAR,OK,2026-06-28 10:22:27,10,leitura,,,,
RES-Q-TT,73.6513,C,OK,2026-06-28 10:22:27,10,leitura,,,,
RES-F-TT,15.1113,C,OK,2026-06-28 10:22:27,10,leitura,,,,
,28.0,,,2026-06-28 10:22:27,10,atuador,BOMBA-Q,PRINCIPAL,,
,28.0,,,2026-06-28 10:22:27,10,atuador,BOMBA-F,PRINCIPAL,,
TQ-MIX-TT,48.029,C,OK,2026-06-28 10:22:32,11,leitura,,,,
TQ-MIX-LT,60.448,%,OK,2026-06-28 10:22:32,11,leitura,,,,
TQ-MIX-PT,2.20896,BAR,OK,2026-06-28 10:22:32,11,leitura,,,,
RES-Q-TT,73.5727,C,OK,2026-06-28 10:22:32,11,leitura,,,,
RES-F-TT,14.8223,C,OK,2026-06-28 10:22:32,11,leitura,,,,
,28.0,,,2026-06-28 10:22:32,11,atuador,BOMBA-Q,PRINCIPAL,,
,40.0,,,2026-06-28 10:22:32,11,atuador,BOMBA-F,PRINCIPAL,,
TQ-MIX-TT,51.2731,C,OK,2026-06-28 10:22:37,12,leitura,,,,
TQ-MIX-LT,61.512,%,OK,2026-06-28 10:22:37,12,leitura,,,,
TQ-MIX-PT,2.2302400000000002,BAR,OK,2026-06-28 10:22:37,12,leitura,,,,
RES-Q-TT,73.6432,C,OK,2026-06-28 10:22:37,12,leitura,,,,
RES-F-TT,14.7354,C,OK,2026-06-28 10:22:37,12,leitura,,,,
,28.0,,,2026-06-28 10:22:37,12,atuador,BOMBA-Q,PRINCIPAL,,
,28.0,,,2026-06-28 10:22:37,12,atuador,BOMBA-F,PRINCIPAL,,
TQ-MIX-TT,47.9055,C,OK,2026-06-28 10:22:42,13,leitura,,,,
TQ-MIX-LT,62.6,%,OK,2026-06-28 10:22:42,13,leitura,,,,
TQ-MIX-PT,2.252,BAR,OK,2026-06-28 10:22:42,13,leitura,,,,
RES-Q-TT,73.4679,C,OK,2026-06-28 10:22:42,13,leitura,,,,
RES-F-TT,14.6743,C,OK,2026-06-28 10:22:42,13,leitura,,,,
,28.0,,,2026-06-28 10:22:42,13,atuador,BOMBA-Q,PRINCIPAL,,
,40.0,,,2026-06-28 10:22:42,13,atuador,BOMBA-F,PRINCIPAL,,
TQ-MIX-TT,50.9881,C,OK,2026-06-28 10:22:47,14,leitura,,,,
TQ-MIX-LT,63.664,%,OK,2026-06-28 10:22:47,14,leitura,,,,
TQ-MIX-PT,2.27328,BAR,OK,2026-06-28 10:22:47,14,leitura,,,,
RES-Q-TT,73.2505,C,OK,2026-06-28 10:22:47,14,leitura,,,,
RES-F-TT,14.6264,C,OK,2026-06-28 10:22:47,14,leitura,,,,
,28.0,,,2026-06-28 10:22:47,14,atuador,BOMBA-Q,PRINCIPAL,,
,40.0,,,2026-06-28 10:22:47,14,atuador,BOMBA-F,PRINCIPAL,,
TQ-MIX-TT,60.7628,C,OK,2026-06-28 10:33:33,1,leitura,,,,
TQ-MIX-LT,50.12,%,OK,2026-06-28 10:33:33,1,leitura,,,,
TQ-MIX-PT,2.0024,BAR,OK,2026-06-28 10:33:33,1,leitura,,,,
RES-Q-TT,71.2386,C,OK,2026-06-28 10:33:33,1,leitura,,,,
RES-F-TT,18.8595,C,OK,2026-06-28 10:33:33,1,leitura,,,,
,8.0,,,2026-06-28 10:33:33,1,atuador,BOMBA-Q,PRINCIPAL,,
,8.0,,,2026-06-28 10:33:33,1,atuador,BOMBA-F,PRINCIPAL,,
TQ-MIX-TT,30.1891,C,OK,2026-06-28 10:33:36,2,leitura,,,,
TQ-MIX-LT,50.752,%,OK,2026-06-28 10:33:36,2,leitura,,,,
TQ-MIX-PT,2.01504,BAR,OK,2026-06-28 10:33:36,2,leitura,,,,
RES-Q-TT,72.2581,C,OK,2026-06-28 10:33:36,2,leitura,,,,
RES-F-TT,17.5685,C,OK,2026-06-28 10:33:36,2,leitura,,,,
,28.0,,,2026-06-28 10:33:36,2,atuador,BOMBA-Q,PRINCIPAL,,
,40.0,,,2026-06-28 10:33:36,2,atuador,BOMBA-F,PRINCIPAL,,
TQ-MIX-TT,48.403,C,OK,2026-06-28 10:33:41,3,leitura,,,,
TQ-MIX-LT,51.84,%,OK,2026-06-28 10:33:41,3,leitura,,,,
TQ-MIX-PT,2.0368,BAR,OK,2026-06-28 10:33:41,3,leitura,,,,
RES-Q-TT,72.7764,C,OK,2026-06-28 10:33:41,3,leitura,,,,
RES-F-TT,16.7176,C,OK,2026-06-28 10:33:41,3,leitura,,,,
,28.0,,,2026-06-28 10:33:41,3,atuador,BOMBA-Q,PRINCIPAL,,
,40.0,,,2026-06-28 10:33:41,3,atuador,BOMBA-F,PRINCIPAL,,
TQ-MIX-TT,51.7843,C,OK,2026-06-28 10:33:46,4,leitura,,,,
TQ-MIX-LT,52.904,%,OK,2026-06-28 10:33:46,4,leitura,,,,
TQ-MIX-PT,2.05808,BAR,OK,2026-06-28 10:33:46,4,leitura,,,,
RES-Q-TT,73.5176,C,OK,2026-06-28 10:33:46,4,leitura,,,,
RES-F-TT,16.2865,C,OK,2026-06-28 10:33:46,4,leitura,,,,
,28.0,,,2026-06-28 10:33:46,4,atuador,BOMBA-Q,PRINCIPAL,,
,28.0,,,2026-06-28 10:33:46,4,atuador,BOMBA-F,PRINCIPAL,,
TQ-MIX-TT,48.5335,C,OK,2026-06-28 10:33:51,5,leitura,,,,
TQ-MIX-LT,53.992,%,OK,2026-06-28 10:33:51,5,leitura,,,,
TQ-MIX-PT,2.07984,BAR,OK,2026-06-28 10:33:51,5,leitura,,,,
RES-Q-TT,73.6576,C,OK,2026-06-28 10:33:51,5,leitura,,,,
RES-F-TT,15.872,C,OK,2026-06-28 10:33:51,5,leitura,,,,
,28.0,,,2026-06-28 10:33:51,5,atuador,BOMBA-Q,PRINCIPAL,,
,40.0,,,2026-06-28 10:33:51,5,atuador,BOMBA-F,PRINCIPAL,,
TQ-MIX-TT,51.6044,C,OK,2026-06-28 10:33:56,6,leitura,,,,
TQ-MIX-LT,55.056,%,OK,2026-06-28 10:33:56,6,leitura,,,,
TQ-MIX-PT,2.10112,BAR,OK,2026-06-28 10:33:56,6,leitura,,,,
RES-Q-TT,73.5959,C,OK,2026-06-28 10:33:56,6,leitura,,,,
RES-F-TT,15.685,C,OK,2026-06-28 10:33:56,6,leitura,,,,
,28.0,,,2026-06-28 10:33:56,6,atuador,BOMBA-Q,PRINCIPAL,,
,28.0,,,2026-06-28 10:33:56,6,atuador,BOMBA-F,PRINCIPAL,,
TQ-MIX-TT,48.4377,C,OK,2026-06-28 10:34:01,7,leitura,,,,
TQ-MIX-LT,56.144,%,OK,2026-06-28 10:34:01,7,leitura,,,,
TQ-MIX-PT,2.12288,BAR,OK,2026-06-28 10:34:01,7,leitura,,,,
RES-Q-TT,73.4118,C,OK,2026-06-28 10:34:01,7,leitura,,,,
RES-F-TT,15.9715,C,OK,2026-06-28 10:34:01,7,leitura,,,,
,28.0,,,2026-06-28 10:34:01,7,atuador,BOMBA-Q,PRINCIPAL,,
,40.0,,,2026-06-28 10:34:01,7,atuador,BOMBA-F,PRINCIPAL,,
TQ-MIX-TT,51.7302,C,OK,2026-06-28 10:34:06,8,leitura,,,,
TQ-MIX-LT,57.208,%,OK,2026-06-28 10:34:06,8,leitura,,,,
TQ-MIX-PT,2.14416,BAR,OK,2026-06-28 10:34:06,8,leitura,,,,
RES-Q-TT,73.4681,C,OK,2026-06-28 10:34:06,8,leitura,,,,
RES-F-TT,16.225,C,OK,2026-06-28 10:34:06,8,leitura,,,,
,28.0,,,2026-06-28 10:34:06,8,atuador,BOMBA-Q,PRINCIPAL,,
,28.0,,,2026-06-28 10:34:06,8,atuador,BOMBA-F,PRINCIPAL,,
TQ-MIX-TT,48.5976,C,OK,2026-06-28 10:34:11,9,leitura,,,,
TQ-MIX-LT,58.296,%,OK,2026-06-28 10:34:11,9,leitura,,,,
TQ-MIX-PT,2.16592,BAR,OK,2026-06-28 10:34:11,9,leitura,,,,
RES-Q-TT,73.6518,C,OK,2026-06-28 10:34:11,9,leitura,,,,
RES-F-TT,16.027,C,OK,2026-06-28 10:34:11,9,leitura,,,,
,28.0,,,2026-06-28 10:34:11,9,atuador,BOMBA-Q,PRINCIPAL,,
,40.0,,,2026-06-28 10:34:11,9,atuador,BOMBA-F,PRINCIPAL,,
TQ-MIX-TT,51.7924,C,OK,2026-06-28 10:34:16,10,leitura,,,,
TQ-MIX-LT,59.36,%,OK,2026-06-28 10:34:16,10,leitura,,,,
TQ-MIX-PT,2.1872,BAR,OK,2026-06-28 10:34:16,10,leitura,,,,
RES-Q-TT,73.7916,C,OK,2026-06-28 10:34:16,10,leitura,,,,
RES-F-TT,15.8602,C,OK,2026-06-28 10:34:16,10,leitura,,,,
,28.0,,,2026-06-28 10:34:16,10,atuador,BOMBA-Q,PRINCIPAL,,
,28.0,,,2026-06-28 10:34:16,10,atuador,BOMBA-F,PRINCIPAL,,
TQ-MIX-TT,48.4622,C,OK,2026-06-28 10:34:21,11,leitura,,,,
TQ-MIX-LT,60.448,%,OK,2026-06-28 10:34:21,11,leitura,,,,
TQ-MIX-PT,2.20896,BAR,OK,2026-06-28 10:34:21,11,leitura,,,,
RES-Q-TT,73.7455,C,OK,2026-06-28 10:34:21,11,leitura,,,,
RES-F-TT,15.594,C,OK,2026-06-28 10:34:21,11,leitura,,,,
,28.0,,,2026-06-28 10:34:21,11,atuador,BOMBA-Q,PRINCIPAL,,
,40.0,,,2026-06-28 10:34:21,11,atuador,BOMBA-F,PRINCIPAL,,
TQ-MIX-TT,51.6284,C,OK,2026-06-28 10:34:26,12,leitura,,,,
TQ-MIX-LT,61.512,%,OK,2026-06-28 10:34:26,12,leitura,,,,
TQ-MIX-PT,2.2302400000000002,BAR,OK,2026-06-28 10:34:26,12,leitura,,,,
RES-Q-TT,73.6875,C,OK,2026-06-28 10:34:26,12,leitura,,,,
RES-F-TT,15.598700000000001,C,OK,2026-06-28 10:34:26,12,leitura,,,,
,28.0,,,2026-06-28 10:34:26,12,atuador,BOMBA-Q,PRINCIPAL,,
,28.0,,,2026-06-28 10:34:26,12,atuador,BOMBA-F,PRINCIPAL,,
TQ-MIX-TT,48.3604,C,OK,2026-06-28 10:34:31,13,leitura,,,,
TQ-MIX-LT,62.6,%,OK,2026-06-28 10:34:31,13,leitura,,,,
TQ-MIX-PT,2.252,BAR,OK,2026-06-28 10:34:31,13,leitura,,,,
RES-Q-TT,73.6302,C,OK,2026-06-28 10:34:31,13,leitura,,,,
RES-F-TT,15.5097,C,OK,2026-06-28 10:34:31,13,leitura,,,,
,28.0,,,2026-06-28 10:34:31,13,atuador,BOMBA-Q,PRINCIPAL,,
,40.0,,,2026-06-28 10:34:31,13,atuador,BOMBA-F,PRINCIPAL,,
TQ-MIX-TT,51.5612,C,OK,2026-06-28 10:34:36,14,leitura,,,,
TQ-MIX-LT,63.664,%,OK,2026-06-28 10:34:36,14,leitura,,,,
TQ-MIX-PT,2.27328,BAR,OK,2026-06-28 10:34:36,14,leitura,,,,
RES-Q-TT,73.6445,C,OK,2026-06-28 10:34:36,14,leitura,,,,
RES-F-TT,15.4919,C,OK,2026-06-28 10:34:36,14,leitura,,,,
,28.0,,,2026-06-28 10:34:36,14,atuador,BOMBA-Q,PRINCIPAL,,
,28.0,,,2026-06-28 10:34:36,14,atuador,BOMBA-F,PRINCIPAL,,
TQ-MIX-TT,48.502,C,OK,2026-06-28 10:34:41,15,leitura,,,,
TQ-MIX-LT,64.752,%,OK,2026-06-28 10:34:41,15,leitura,,,,
TQ-MIX-PT,2.29504,BAR,OK,2026-06-28 10:34:41,15,leitura,,,,
RES-Q-TT,73.8098,C,OK,2026-06-28 10:34:41,15,leitura,,,,
RES-F-TT,15.6019,C,OK,2026-06-28 10:34:41,15,leitura,,,,
,28.0,,,2026-06-28 10:34:41,15,atuador,BOMBA-Q,PRINCIPAL,,
,40.0,,,2026-06-28 10:34:41,15,atuador,BOMBA-F,PRINCIPAL,,
TQ-MIX-TT,51.5391,C,OK,2026-06-28 10:34:46,16,leitura,,,,
TQ-MIX-LT,65.816,%,OK,2026-06-28 10:34:46,16,leitura,,,,
TQ-MIX-PT,2.31632,BAR,OK,2026-06-28 10:34:46,16,leitura,,,,
RES-Q-TT,73.5184,C,OK,2026-06-28 10:34:46,16,leitura,,,,
RES-F-TT,15.6396,C,OK,2026-06-28 10:34:46,16,leitura,,,,
,28.0,,,2026-06-28 10:34:46,16,atuador,BOMBA-Q,PRINCIPAL,,
,28.0,,,2026-06-28 10:34:46,16,atuador,BOMBA-F,PRINCIPAL,,
TQ-MIX-TT,48.3748,C,OK,2026-06-28 10:34:51,17,leitura,,,,
TQ-MIX-LT,66.904,%,OK,2026-06-28 10:34:51,17,leitura,,,,
TQ-MIX-PT,2.33808,BAR,OK,2026-06-28 10:34:51,17,leitura,,,,
RES-Q-TT,73.6685,C,OK,2026-06-28 10:34:51,17,leitura,,,,
RES-F-TT,15.4929,C,OK,2026-06-28 10:34:51,17,leitura,,,,
,28.0,,,2026-06-28 10:34:51,17,atuador,BOMBA-Q,PRINCIPAL,,
,40.0,,,2026-06-28 10:34:51,17,atuador,BOMBA-F,PRINCIPAL,,
TQ-MIX-TT,51.5854,C,OK,2026-06-28 10:34:56,18,leitura,,,,
TQ-MIX-LT,67.968,%,OK,2026-06-28 10:34:56,18,leitura,,,,
TQ-MIX-PT,2.35936,BAR,OK,2026-06-28 10:34:56,18,leitura,,,,
RES-Q-TT,73.5668,C,OK,2026-06-28 10:34:56,18,leitura,,,,
RES-F-TT,15.6824,C,OK,2026-06-28 10:34:56,18,leitura,,,,
,28.0,,,2026-06-28 10:34:56,18,atuador,BOMBA-Q,PRINCIPAL,,
,28.0,,,2026-06-28 10:34:56,18,atuador,BOMBA-F,PRINCIPAL,,
TQ-MIX-TT,48.5499,C,OK,2026-06-28 10:35:01,19,leitura,,,,
TQ-MIX-LT,69.056,%,OK,2026-06-28 10:35:01,19,leitura,,,,
TQ-MIX-PT,2.38112,BAR,OK,2026-06-28 10:35:01,19,leitura,,,,
RES-Q-TT,73.6091,C,OK,2026-06-28 10:35:01,19,leitura,,,,
RES-F-TT,15.9731,C,OK,2026-06-28 10:35:01,19,leitura,,,,
,28.0,,,2026-06-28 10:35:01,19,atuador,BOMBA-Q,PRINCIPAL,,
,40.0,,,2026-06-28 10:35:01,19,atuador,BOMBA-F,PRINCIPAL,,
TQ-MIX-TT,19.8516,C,OK,2026-06-28 10:36:11,1,leitura,,,,
TQ-MIX-LT,50.12,%,OK,2026-06-28 10:36:11,1,leitura,,,,
TQ-MIX-PT,2.0024,BAR,OK,2026-06-28 10:36:11,1,leitura,,,,
RES-Q-TT,70.9852,C,OK,2026-06-28 10:36:11,1,leitura,,,,
RES-F-TT,18.8081,C,OK,2026-06-28 10:36:11,1,leitura,,,,
,8.0,,,2026-06-28 10:36:11,1,atuador,BOMBA-Q,PRINCIPAL,,
,28.0,,,2026-06-28 10:36:11,1,atuador,BOMBA-F,PRINCIPAL,,
TQ-MIX-TT,30.5116,C,OK,2026-06-28 10:36:14,2,leitura,,,,
TQ-MIX-LT,50.752,%,OK,2026-06-28 10:36:14,2,leitura,,,,
TQ-MIX-PT,2.01504,BAR,OK,2026-06-28 10:36:14,2,leitura,,,,
RES-Q-TT,72.0764,C,OK,2026-06-28 10:36:14,2,leitura,,,,
RES-F-TT,18.0422,C,OK,2026-06-28 10:36:14,2,leitura,,,,
,28.0,,,2026-06-28 10:36:14,2,atuador,BOMBA-Q,PRINCIPAL,,
,40.0,,,2026-06-28 10:36:14,2,atuador,BOMBA-F,PRINCIPAL,,
TQ-MIX-TT,48.8801,C,OK,2026-06-28 10:36:17,3,leitura,,,,
TQ-MIX-LT,51.84,%,OK,2026-06-28 10:36:17,3,leitura,,,,
TQ-MIX-PT,2.0368,BAR,OK,2026-06-28 10:36:17,3,leitura,,,,
RES-Q-TT,73.1639,C,OK,2026-06-28 10:36:17,3,leitura,,,,
RES-F-TT,17.3112,C,OK,2026-06-28 10:36:17,3,leitura,,,,
,28.0,,,2026-06-28 10:36:17,3,atuador,BOMBA-Q,PRINCIPAL,,
,40.0,,,2026-06-28 10:36:17,3,atuador,BOMBA-F,PRINCIPAL,,
TQ-MIX-TT,51.9908,C,OK,2026-06-28 10:36:20,4,leitura,,,,
TQ-MIX-LT,52.904,%,OK,2026-06-28 10:36:20,4,leitura,,,,
TQ-MIX-PT,2.05808,BAR,OK,2026-06-28 10:36:20,4,leitura,,,,
RES-Q-TT,73.7217,C,OK,2026-06-28 10:36:20,4,leitura,,,,
RES-F-TT,16.497,C,OK,2026-06-28 10:36:20,4,leitura,,,,
,28.0,,,2026-06-28 10:36:20,4,atuador,BOMBA-Q,PRINCIPAL,,
,28.0,,,2026-06-28 10:36:20,4,atuador,BOMBA-F,PRINCIPAL,,
TQ-MIX-TT,48.9741,C,OK,2026-06-28 10:36:23,5,leitura,,,,
TQ-MIX-LT,53.992,%,OK,2026-06-28 10:36:23,5,leitura,,,,
TQ-MIX-PT,2.07984,BAR,OK,2026-06-28 10:36:23,5,leitura,,,,
RES-Q-TT,74.3091,C,OK,2026-06-28 10:36:23,5,leitura,,,,
RES-F-TT,16.0385,C,OK,2026-06-28 10:36:23,5,leitura,,,,
,28.0,,,2026-06-28 10:36:23,5,atuador,BOMBA-Q,PRINCIPAL,,
,40.0,,,2026-06-28 10:36:23,5,atuador,BOMBA-F,PRINCIPAL,,
TQ-MIX-TT,52.1161,C,OK,2026-06-28 10:36:26,6,leitura,,,,
TQ-MIX-LT,55.056,%,OK,2026-06-28 10:36:26,6,leitura,,,,
TQ-MIX-PT,2.10112,BAR,OK,2026-06-28 10:36:26,6,leitura,,,,
RES-Q-TT,74.6149,C,OK,2026-06-28 10:36:26,6,leitura,,,,
RES-F-TT,15.368,C,OK,2026-06-28 10:36:26,6,leitura,,,,
,28.0,,,2026-06-28 10:36:26,6,atuador,BOMBA-Q,PRINCIPAL,,
,28.0,,,2026-06-28 10:36:26,6,atuador,BOMBA-F,PRINCIPAL,,
TQ-MIX-TT,48.6498,C,OK,2026-06-28 10:36:29,7,leitura,,,,
TQ-MIX-LT,56.144,%,OK,2026-06-28 10:36:29,7,leitura,,,,
TQ-MIX-PT,2.12288,BAR,OK,2026-06-28 10:36:29,7,leitura,,,,
RES-Q-TT,74.5934,C,OK,2026-06-28 10:36:29,7,leitura,,,,
RES-F-TT,14.9231,C,OK,2026-06-28 10:36:29,7,leitura,,,,
,28.0,,,2026-06-28 10:36:29,7,atuador,BOMBA-Q,PRINCIPAL,,
,40.0,,,2026-06-28 10:36:29,7,atuador,BOMBA-F,PRINCIPAL,,
TQ-MIX-TT,51.8227,C,OK,2026-06-28 10:36:32,8,leitura,,,,
TQ-MIX-LT,57.208,%,OK,2026-06-28 10:36:32,8,leitura,,,,
TQ-MIX-PT,2.14416,BAR,OK,2026-06-28 10:36:32,8,leitura,,,,
RES-Q-TT,74.5114,C,OK,2026-06-28 10:36:32,8,leitura,,,,
RES-F-TT,14.7645,C,OK,2026-06-28 10:36:32,8,leitura,,,,
,28.0,,,2026-06-28 10:36:32,8,atuador,BOMBA-Q,PRINCIPAL,,
,28.0,,,2026-06-28 10:36:32,8,atuador,BOMBA-F,PRINCIPAL,,
TQ-MIX-TT,48.4424,C,OK,2026-06-28 10:36:35,9,leitura,,,,
TQ-MIX-LT,58.296,%,OK,2026-06-28 10:36:35,9,leitura,,,,
TQ-MIX-PT,2.16592,BAR,OK,2026-06-28 10:36:35,9,leitura,,,,
RES-Q-TT,74.5399,C,OK,2026-06-28 10:36:35,9,leitura,,,,
RES-F-TT,14.5157,C,OK,2026-06-28 10:36:35,9,leitura,,,,
,28.0,,,2026-06-28 10:36:35,9,atuador,BOMBA-Q,PRINCIPAL,,
,40.0,,,2026-06-28 10:36:35,9,atuador,BOMBA-F,PRINCIPAL,,
TQ-MIX-TT,51.7067,C,OK,2026-06-28 10:36:38,10,leitura,,,,
TQ-MIX-LT,59.36,%,OK,2026-06-28 10:36:38,10,leitura,,,,
TQ-MIX-PT,2.1872,BAR,OK,2026-06-28 10:36:38,10,leitura,,,,
RES-Q-TT,74.4365,C,OK,2026-06-28 10:36:38,10,leitura,,,,
RES-F-TT,14.5813,C,OK,2026-06-28 10:36:38,10,leitura,,,,
,28.0,,,2026-06-28 10:36:38,10,atuador,BOMBA-Q,PRINCIPAL,,
,28.0,,,2026-06-28 10:36:38,10,atuador,BOMBA-F,PRINCIPAL,,
TQ-MIX-TT,48.5696,C,OK,2026-06-28 10:36:41,11,leitura,,,,
TQ-MIX-LT,60.448,%,OK,2026-06-28 10:36:41,11,leitura,,,,
TQ-MIX-PT,2.20896,BAR,OK,2026-06-28 10:36:41,11,leitura,,,,
RES-Q-TT,74.6291,C,OK,2026-06-28 10:36:41,11,leitura,,,,
RES-F-TT,14.6923,C,OK,2026-06-28 10:36:41,11,leitura,,,,
,28.0,,,2026-06-28 10:36:41,11,atuador,BOMBA-Q,PRINCIPAL,,
,40.0,,,2026-06-28 10:36:41,11,atuador,BOMBA-F,PRINCIPAL,,
TQ-MIX-TT,51.8865,C,OK,2026-06-28 10:36:44,12,leitura,,,,
TQ-MIX-LT,61.512,%,OK,2026-06-28 10:36:44,12,leitura,,,,
TQ-MIX-PT,2.2302400000000002,BAR,OK,2026-06-28 10:36:44,12,leitura,,,,
RES-Q-TT,74.8154,C,OK,2026-06-28 10:36:44,12,leitura,,,,
RES-F-TT,14.4361,C,OK,2026-06-28 10:36:44,12,leitura,,,,
,28.0,,,2026-06-28 10:36:44,12,atuador,BOMBA-Q,PRINCIPAL,,
,28.0,,,2026-06-28 10:36:44,12,atuador,BOMBA-F,PRINCIPAL,,
TQ-MIX-TT,48.4386,C,OK,2026-06-28 10:36:47,13,leitura,,,,
TQ-MIX-LT,62.6,%,OK,2026-06-28 10:36:47,13,leitura,,,,
TQ-MIX-PT,2.252,BAR,OK,2026-06-28 10:36:47,13,leitura,,,,
RES-Q-TT,74.5196,C,OK,2026-06-28 10:36:47,13,leitura,,,,
RES-F-TT,14.5334,C,OK,2026-06-28 10:36:47,13,leitura,,,,
,28.0,,,2026-06-28 10:36:47,13,atuador,BOMBA-Q,PRINCIPAL,,
,40.0,,,2026-06-28 10:36:47,13,atuador,BOMBA-F,PRINCIPAL,,
TQ-MIX-TT,51.6193,C,OK,2026-06-28 10:36:50,14,leitura,,,,
TQ-MIX-LT,63.664,%,OK,2026-06-28 10:36:50,14,leitura,,,,
TQ-MIX-PT,2.27328,BAR,OK,2026-06-28 10:36:50,14,leitura,,,,
RES-Q-TT,74.322,C,OK,2026-06-28 10:36:50,14,leitura,,,,
RES-F-TT,14.5381,C,OK,2026-06-28 10:36:50,14,leitura,,,,
,28.0,,,2026-06-28 10:36:50,14,atuador,BOMBA-Q,PRINCIPAL,,
,28.0,,,2026-06-28 10:36:50,14,atuador,BOMBA-F,PRINCIPAL,,
TQ-MIX-TT,48.1606,C,OK,2026-06-28 10:36:53,15,leitura,,,,
TQ-MIX-LT,64.752,%,OK,2026-06-28 10:36:53,15,leitura,,,,
TQ-MIX-PT,2.29504,BAR,OK,2026-06-28 10:36:53,15,leitura,,,,
RES-Q-TT,74.1233,C,OK,2026-06-28 10:36:53,15,leitura,,,,
RES-F-TT,14.4092,C,OK,2026-06-28 10:36:53,15,leitura,,,,
,28.0,,,2026-06-28 10:36:53,15,atuador,BOMBA-Q,PRINCIPAL,,
,40.0,,,2026-06-28 10:36:53,15,atuador,BOMBA-F,PRINCIPAL,,
TQ-MIX-TT,51.3793,C,OK,2026-06-28 10:36:56,16,leitura,,,,
TQ-MIX-LT,65.816,%,OK,2026-06-28 10:36:56,16,leitura,,,,
TQ-MIX-PT,2.31632,BAR,OK,2026-06-28 10:36:56,16,leitura,,,,
RES-Q-TT,74.1177,C,OK,2026-06-28 10:36:56,16,leitura,,,,
RES-F-TT,14.2399,C,OK,2026-06-28 10:36:56,16,leitura,,,,
,28.0,,,2026-06-28 10:36:56,16,atuador,BOMBA-Q,PRINCIPAL,,
,28.0,,,2026-06-28 10:36:56,16,atuador,BOMBA-F,PRINCIPAL,,
TQ-MIX-TT,48.1689,C,OK,2026-06-28 10:36:59,17,leitura,,,,
TQ-MIX-LT,66.904,%,OK,2026-06-28 10:36:59,17,leitura,,,,
TQ-MIX-PT,2.33808,BAR,OK,2026-06-28 10:36:59,17,leitura,,,,
RES-Q-TT,74.1801,C,OK,2026-06-28 10:36:59,17,leitura,,,,
RES-F-TT,14.3543,C,OK,2026-06-28 10:36:59,17,leitura,,,,
,28.0,,,2026-06-28 10:36:59,17,atuador,BOMBA-Q,PRINCIPAL,,
,40.0,,,2026-06-28 10:36:59,17,atuador,BOMBA-F,PRINCIPAL,,
TQ-MIX-TT,51.4057,C,OK,2026-06-28 10:37:02,18,leitura,,,,
TQ-MIX-LT,67.968,%,OK,2026-06-28 10:37:02,18,leitura,,,,
TQ-MIX-PT,2.35936,BAR,OK,2026-06-28 10:37:02,18,leitura,,,,
RES-Q-TT,74.2281,C,OK,2026-06-28 10:37:02,18,leitura,,,,
RES-F-TT,14.1291,C,OK,2026-06-28 10:37:02,18,leitura,,,,
,28.0,,,2026-06-28 10:37:02,18,atuador,BOMBA-Q,PRINCIPAL,,
,28.0,,,2026-06-28 10:37:02,18,atuador,BOMBA-F,PRINCIPAL,,
TQ-MIX-TT,48.0221,C,OK,2026-06-28 10:37:05,19,leitura,,,,
TQ-MIX-LT,69.056,%,OK,2026-06-28 10:37:05,19,leitura,,,,
TQ-MIX-PT,2.38112,BAR,OK,2026-06-28 10:37:05,19,leitura,,,,
RES-Q-TT,74.0497,C,OK,2026-06-28 10:37:05,19,leitura,,,,
RES-F-TT,14.1861,C,OK,2026-06-28 10:37:05,19,leitura,,,,
,28.0,,,2026-06-28 10:37:05,19,atuador,BOMBA-Q,PRINCIPAL,,
,40.0,,,2026-06-28 10:37:05,19,atuador,BOMBA-F,PRINCIPAL,,
TQ-MIX-TT,51.421,C,OK,2026-06-28 10:37:08,20,leitura,,,,
TQ-MIX-LT,70.12,%,OK,2026-06-28 10:37:08,20,leitura,,,,
TQ-MIX-PT,2.4024,BAR,OK,2026-06-28 10:37:08,20,leitura,,,,
RES-Q-TT,74.0359,C,OK,2026-06-28 10:37:08,20,leitura,,,,
RES-F-TT,14.4833,C,OK,2026-06-28 10:37:08,20,leitura,,,,
,28.0,,,2026-06-28 10:37:08,20,atuador,BOMBA-Q,PRINCIPAL,,
,28.0,,,2026-06-28 10:37:08,20,atuador,BOMBA-F,PRINCIPAL,,
TQ-MIX-TT,48.2229,C,OK,2026-06-28 10:37:11,21,leitura,,,,
TQ-MIX-LT,71.208,%,OK,2026-06-28 10:37:11,21,leitura,,,,
TQ-MIX-PT,2.42416,BAR,OK,2026-06-28 10:37:11,21,leitura,,,,
RES-Q-TT,74.2738,C,OK,2026-06-28 10:37:11,21,leitura,,,,
RES-F-TT,14.3567,C,OK,2026-06-28 10:37:11,21,leitura,,,,
,28.0,,,2026-06-28 10:37:11,21,atuador,BOMBA-Q,PRINCIPAL,,
,40.0,,,2026-06-28 10:37:11,21,atuador,BOMBA-F,PRINCIPAL,,
TQ-MIX-TT,51.4923,C,OK,2026-06-28 10:37:14,22,leitura,,,,
TQ-MIX-LT,72.272,%,OK,2026-06-28 10:37:14,22,leitura,,,,
TQ-MIX-PT,2.44544,BAR,OK,2026-06-28 10:37:14,22,leitura,,,,
RES-Q-TT,74.2417,C,OK,2026-06-28 10:37:14,22,leitura,,,,
RES-F-TT,14.3349,C,OK,2026-06-28 10:37:14,22,leitura,,,,
,28.0,,,2026-06-28 10:37:14,22,atuador,BOMBA-Q,PRINCIPAL,,
,28.0,,,2026-06-28 10:37:14,22,atuador,BOMBA-F,PRINCIPAL,,
TQ-MIX-TT,48.2561,C,OK,2026-06-28 10:37:17,23,leitura,,,,
TQ-MIX-LT,73.36,%,OK,2026-06-28 10:37:17,23,leitura,,,,
TQ-MIX-PT,2.4672,BAR,OK,2026-06-28 10:37:17,23,leitura,,,,
RES-Q-TT,74.3383,C,OK,2026-06-28 10:37:17,23,leitura,,,,
RES-F-TT,14.3493,C,OK,2026-06-28 10:37:17,23,leitura,,,,
,28.0,,,2026-06-28 10:37:17,23,atuador,BOMBA-Q,PRINCIPAL,,
,40.0,,,2026-06-28 10:37:17,23,atuador,BOMBA-F,PRINCIPAL,,
TQ-MIX-TT,51.4193,C,OK,2026-06-28 10:37:20,24,leitura,,,,
TQ-MIX-LT,74.424,%,OK,2026-06-28 10:37:20,24,leitura,,,,
TQ-MIX-PT,2.48848,BAR,OK,2026-06-28 10:37:20,24,leitura,,,,
RES-Q-TT,74.2618,C,OK,2026-06-28 10:37:20,24,leitura,,,,
RES-F-TT,14.1098,C,OK,2026-06-28 10:37:20,24,leitura,,,,
,28.0,,,2026-06-28 10:37:20,24,atuador,BOMBA-Q,PRINCIPAL,,
,28.0,,,2026-06-28 10:37:20,24,atuador,BOMBA-F,PRINCIPAL,,
TQ-MIX-TT,48.2767,C,OK,2026-06-28 10:37:23,25,leitura,,,,
TQ-MIX-LT,75.512,%,OK,2026-06-28 10:37:23,25,leitura,,,,
TQ-MIX-PT,2.51024,BAR,OK,2026-06-28 10:37:23,25,leitura,,,,
RES-Q-TT,74.5311,C,OK,2026-06-28 10:37:23,25,leitura,,,,
RES-F-TT,14.146,C,OK,2026-06-28 10:37:23,25,leitura,,,,
,28.0,,,2026-06-28 10:37:23,25,atuador,BOMBA-Q,PRINCIPAL,,
,40.0,,,2026-06-28 10:37:23,25,atuador,BOMBA-F,PRINCIPAL,,
TQ-MIX-TT,51.5244,C,OK,2026-06-28 10:37:26,26,leitura,,,,
TQ-MIX-LT,76.576,%,OK,2026-06-28 10:37:26,26,leitura,,,,
TQ-MIX-PT,2.53152,BAR,OK,2026-06-28 10:37:26,26,leitura,,,,
RES-Q-TT,74.381,C,OK,2026-06-28 10:37:26,26,leitura,,,,
RES-F-TT,14.192,C,OK,2026-06-28 10:37:26,26,leitura,,,,
,28.0,,,2026-06-28 10:37:26,26,atuador,BOMBA-Q,PRINCIPAL,,
,28.0,,,2026-06-28 10:37:26,26,atuador,BOMBA-F,PRINCIPAL,,
TQ-MIX-TT,48.4537,C,OK,2026-06-28 10:37:29,27,leitura,,,,
TQ-MIX-LT,77.664,%,OK,2026-06-28 10:37:29,27,leitura,,,,
TQ-MIX-PT,2.55328,BAR,OK,2026-06-28 10:37:29,27,leitura,,,,
RES-Q-TT,74.6391,C,OK,2026-06-28 10:37:29,27,leitura,,,,
RES-F-TT,14.4127,C,OK,2026-06-28 10:37:29,27,leitura,,,,
,28.0,,,2026-06-28 10:37:29,27,atuador,BOMBA-Q,PRINCIPAL,,
,40.0,,,2026-06-28 10:37:29,27,atuador,BOMBA-F,PRINCIPAL,,
TQ-MIX-TT,51.8034,C,OK,2026-06-28 10:37:32,28,leitura,,,,
TQ-MIX-LT,78.728,%,OK,2026-06-28 10:37:32,28,leitura,,,,
TQ-MIX-PT,2.57456,BAR,OK,2026-06-28 10:37:32,28,leitura,,,,
RES-Q-TT,74.7639,C,OK,2026-06-28 10:37:32,28,leitura,,,,
RES-F-TT,14.3012,C,OK,2026-06-28 10:37:32,28,leitura,,,,
,28.0,,,2026-06-28 10:37:32,28,atuador,BOMBA-Q,PRINCIPAL,,
,28.0,,,2026-06-28 10:37:32,28,atuador,BOMBA-F,PRINCIPAL,,
TQ-MIX-TT,48.3364,C,OK,2026-06-28 10:37:35,29,leitura,,,,
TQ-MIX-LT,79.816,%,OK,2026-06-28 10:37:35,29,leitura,,,,
TQ-MIX-PT,2.59632,BAR,OK,2026-06-28 10:37:35,29,leitura,,,,
RES-Q-TT,74.603,C,OK,2026-06-28 10:37:35,29,leitura,,,,
RES-F-TT,14.1899,C,OK,2026-06-28 10:37:35,29,leitura,,,,
,28.0,,,2026-06-28 10:37:35,29,atuador,BOMBA-Q,PRINCIPAL,,
,40.0,,,2026-06-28 10:37:35,29,atuador,BOMBA-F,PRINCIPAL,,
TQ-MIX-TT,51.5207,C,OK,2026-06-28 10:37:38,30,leitura,,,,
TQ-MIX-LT,80.88,%,OK,2026-06-28 10:37:38,30,leitura,,,,
TQ-MIX-PT,2.6176,BAR,OK,2026-06-28 10:37:38,30,leitura,,,,
RES-Q-TT,74.5578,C,OK,2026-06-28 10:37:38,30,leitura,,,,
RES-F-TT,13.8934,C,OK,2026-06-28 10:37:38,30,leitura,,,,
,28.0,,,2026-06-28 10:37:38,30,atuador,BOMBA-Q,PRINCIPAL,,
,28.0,,,2026-06-28 10:37:38,30,atuador,BOMBA-F,PRINCIPAL,,
TQ-MIX-TT,48.1781,C,OK,2026-06-28 10:37:41,31,leitura,,,,
TQ-MIX-LT,81.968,%,OK,2026-06-28 10:37:41,31,leitura,,,,
TQ-MIX-PT,2.63936,BAR,OK,2026-06-28 10:37:41,31,leitura,,,,
RES-Q-TT,74.7739,C,OK,2026-06-28 10:37:41,31,leitura,,,,
RES-F-TT,13.6034,C,OK,2026-06-28 10:37:41,31,leitura,,,,
,28.0,,,2026-06-28 10:37:41,31,atuador,BOMBA-Q,PRINCIPAL,,
,40.0,,,2026-06-28 10:37:41,31,atuador,BOMBA-F,PRINCIPAL,,
TQ-MIX-TT,51.6983,C,ALARME,2026-06-28 10:37:44,32,leitura,,,,
TQ-MIX-LT,83.032,%,ALARME,2026-06-28 10:37:44,32,leitura,,,,
TQ-MIX-PT,2.66064,BAR,OK,2026-06-28 10:37:44,32,leitura,,,,
RES-Q-TT,74.9614,C,OK,2026-06-28 10:37:44,32,leitura,,,,
RES-F-TT,13.7019,C,OK,2026-06-28 10:37:44,32,leitura,,,,
,28.0,,,2026-06-28 10:37:44,32,atuador,BOMBA-Q,PRINCIPAL,,
,28.0,,,2026-06-28 10:37:44,32,atuador,BOMBA-F,PRINCIPAL,,
,,,,2026-06-28 10:37:44,32,alarme,,,NIVEL_ALTO,media
TQ-MIX-TT,49.3834,C,ALARME,2026-06-28 10:37:47,33,leitura,,,,
TQ-MIX-LT,83.984,%,ALARME,2026-06-28 10:37:47,33,leitura,,,,
TQ-MIX-PT,2.6796800000000003,BAR,OK,2026-06-28 10:37:47,33,leitura,,,,
RES-Q-TT,74.7471,C,OK,2026-06-28 10:37:47,33,leitura,,,,
RES-F-TT,13.8741,C,OK,2026-06-28 10:37:47,33,leitura,,,,
,28.0,,,2026-06-28 10:37:47,33,atuador,BOMBA-Q,PRINCIPAL,,
,40.0,,,2026-06-28 10:37:47,33,atuador,BOMBA-F,PRINCIPAL,,
,,,,2026-06-28 10:37:47,33,alarme,,,NIVEL_ALTO,media
TQ-MIX-TT,50.8203,C,ALARME,2026-06-28 10:37:50,34,leitura,,,,
TQ-MIX-LT,84.8,%,ALARME,2026-06-28 10:37:50,34,leitura,,,,
TQ-MIX-PT,2.696,BAR,OK,2026-06-28 10:37:50,34,leitura,,,,
RES-Q-TT,74.6191,C,OK,2026-06-28 10:37:50,34,leitura,,,,
RES-F-TT,14.1703,C,OK,2026-06-28 10:37:50,34,leitura,,,,
,28.0,,,2026-06-28 10:37:50,34,atuador,BOMBA-Q,PRINCIPAL,,
,40.0,,,2026-06-28 10:37:50,34,atuador,BOMBA-F,PRINCIPAL,,
,,,,2026-06-28 10:37:50,34,alarme,,,NIVEL_ALTO,media
TQ-MIX-TT,52.6088,C,ALARME,2026-06-28 10:37:53,35,leitura,,,,
TQ-MIX-LT,85.48,%,ALARME,2026-06-28 10:37:53,35,leitura,,,,
TQ-MIX-PT,2.7096,BAR,OK,2026-06-28 10:37:53,35,leitura,,,,
RES-Q-TT,74.5814,C,OK,2026-06-28 10:37:53,35,leitura,,,,
RES-F-TT,14.1568,C,OK,2026-06-28 10:37:53,35,leitura,,,,
,28.0,,,2026-06-28 10:37:53,35,atuador,BOMBA-Q,PRINCIPAL,,
,28.0,,,2026-06-28 10:37:53,35,atuador,BOMBA-F,PRINCIPAL,,
,,,,2026-06-28 10:37:53,35,alarme,,,NIVEL_ALTO,media
TQ-MIX-TT,49.2238,C,ALARME,2026-06-28 10:37:56,36,leitura,,,,
TQ-MIX-LT,86.048,%,ALARME,2026-06-28 10:37:56,36,leitura,,,,
TQ-MIX-PT,2.72096,BAR,OK,2026-06-28 10:37:56,36,leitura,,,,
RES-Q-TT,74.3197,C,OK,2026-06-28 10:37:56,36,leitura,,,,
RES-F-TT,14.0895,C,OK,2026-06-28 10:37:56,36,leitura,,,,
,28.0,,,2026-06-28 10:37:56,36,atuador,BOMBA-Q,PRINCIPAL,,
,40.0,,,2026-06-28 10:37:56,36,atuador,BOMBA-F,PRINCIPAL,,
,,,,2026-06-28 10:37:56,36,alarme,,,NIVEL_ALTO,media
TQ-MIX-TT,51.634,C,ALARME,2026-06-28 10:37:59,37,leitura,,,,
TQ-MIX-LT,86.48,%,ALARME,2026-06-28 10:37:59,37,leitura,,,,
TQ-MIX-PT,2.7296,BAR,OK,2026-06-28 10:37:59,37,leitura,,,,
RES-Q-TT,74.4745,C,OK,2026-06-28 10:37:59,37,leitura,,,,
RES-F-TT,14.3277,C,OK,2026-06-28 10:37:59,37,leitura,,,,
,28.0,,,2026-06-28 10:37:59,37,atuador,BOMBA-Q,PRINCIPAL,,
,28.0,,,2026-06-28 10:37:59,37,atuador,BOMBA-F,PRINCIPAL,,
,,,,2026-06-28 10:37:59,37,alarme,,,NIVEL_ALTO,media
TQ-MIX-TT,46.7228,C,ALARME,2026-06-28 10:38:02,38,leitura,,,,
TQ-MIX-LT,86.8,%,ALARME,2026-06-28 10:38:02,38,leitura,,,,
TQ-MIX-PT,2.7359999999999998,BAR,OK,2026-06-28 10:38:02,38,leitura,,,,
RES-Q-TT,74.4732,C,OK,2026-06-28 10:38:02,38,leitura,,,,
RES-F-TT,14.3473,C,OK,2026-06-28 10:38:02,38,leitura,,,,
,28.0,,,2026-06-28 10:38:02,38,atuador,BOMBA-Q,PRINCIPAL,,
,40.0,,,2026-06-28 10:38:02,38,atuador,BOMBA-F,PRINCIPAL,,
,,,,2026-06-28 10:38:02,38,alarme,,,NIVEL_ALTO,media
TQ-MIX-TT,60.9151,C,ALARME,2026-06-28 10:38:05,39,leitura,,,,
TQ-MIX-LT,86.96,%,ALARME,2026-06-28 10:38:05,39,leitura,,,,
TQ-MIX-PT,2.7392000000000003,BAR,OK,2026-06-28 10:38:05,39,leitura,,,,
RES-Q-TT,74.221,C,OK,2026-06-28 10:38:05,39,leitura,,,,
RES-F-TT,14.3446,C,OK,2026-06-28 10:38:05,39,leitura,,,,
,28.0,,,2026-06-28 10:38:05,39,atuador,BOMBA-Q,PRINCIPAL,,
,28.0,,,2026-06-28 10:38:05,39,atuador,BOMBA-F,PRINCIPAL,,
,,,,2026-06-28 10:38:05,39,alarme,,,NIVEL_ALTO,media
TQ-MIX-TT,55.0079,C,ALARME,2026-06-28 10:38:08,40,leitura,,,,
TQ-MIX-LT,87.008,%,ALARME,2026-06-28 10:38:08,40,leitura,,,,
TQ-MIX-PT,2.74016,BAR,OK,2026-06-28 10:38:08,40,leitura,,,,
RES-Q-TT,74.4918,C,OK,2026-06-28 10:38:08,40,leitura,,,,
RES-F-TT,14.0916,C,OK,2026-06-28 10:38:08,40,leitura,,,,
,28.0,,,2026-06-28 10:38:08,40,atuador,BOMBA-Q,PRINCIPAL,,
,28.0,,,2026-06-28 10:38:08,40,atuador,BOMBA-F,PRINCIPAL,,
,,,,2026-06-28 10:38:08,40,alarme,,,NIVEL_ALTO,media
TQ-MIX-TT,38.8134,C,ALARME,2026-06-28 10:38:11,41,leitura,,,,
TQ-MIX-LT,86.944,%,ALARME,2026-06-28 10:38:11,41,leitura,,,,
TQ-MIX-PT,2.73888,BAR,OK,2026-06-28 10:38:11,41,leitura,,,,
RES-Q-TT,74.4287,C,OK,2026-06-28 10:38:11,41,leitura,,,,
RES-F-TT,13.8827,C,OK,2026-06-28 10:38:11,41,leitura,,,,
,28.0,,,2026-06-28 10:38:11,41,atuador,BOMBA-Q,PRINCIPAL,,
,40.0,,,2026-06-28 10:38:11,41,atuador,BOMBA-F,PRINCIPAL,,
,,,,2026-06-28 10:38:11,41,alarme,,,NIVEL_ALTO,media
TQ-MIX-TT,74.265,C,ALARME,2026-06-28 10:38:14,42,leitura,,,,
TQ-MIX-LT,86.8,%,ALARME,2026-06-28 10:38:14,42,leitura,,,,
TQ-MIX-PT,2.7359999999999998,BAR,OK,2026-06-28 10:38:14,42,leitura,,,,
RES-Q-TT,74.265,C,OK,2026-06-28 10:38:14,42,leitura,,,,
RES-F-TT,13.666,C,OK,2026-06-28 10:38:14,42,leitura,,,,
,28.0,,,2026-06-28 10:38:14,42,atuador,BOMBA-Q,PRINCIPAL,,
,28.0,,,2026-06-28 10:38:14,42,atuador,BOMBA-F,PRINCIPAL,,
,,,,2026-06-28 10:38:14,42,alarme,,,NIVEL_ALTO,media
TQ-MIX-TT,13.9078,C,ALARME,2026-06-28 10:38:17,43,leitura,,,,
TQ-MIX-LT,86.68,%,ALARME,2026-06-28 10:38:17,43,leitura,,,,
TQ-MIX-PT,2.7336,BAR,OK,2026-06-28 10:38:17,43,leitura,,,,
RES-Q-TT,74.2736,C,OK,2026-06-28 10:38:17,43,leitura,,,,
RES-F-TT,13.9078,C,OK,2026-06-28 10:38:17,43,leitura,,,,
,28.0,,,2026-06-28 10:38:17,43,atuador,BOMBA-Q,PRINCIPAL,,
,40.0,,,2026-06-28 10:38:17,43,atuador,BOMBA-F,PRINCIPAL,,
,,,,2026-06-28 10:38:17,43,alarme,,,NIVEL_ALTO,media
TQ-MIX-TT,74.2413,C,ALARME,2026-06-28 10:38:20,44,leitura,,,,
TQ-MIX-LT,86.536,%,ALARME,2026-06-28 10:38:20,44,leitura,,,,
TQ-MIX-PT,2.73072,BAR,OK,2026-06-28 10:38:20,44,leitura,,,,
RES-Q-TT,74.2413,C,OK,2026-06-28 10:38:20,44,leitura,,,,
RES-F-TT,14.0659,C,OK,2026-06-28 10:38:20,44,leitura,,,,
,28.0,,,2026-06-28 10:38:20,44,atuador,BOMBA-Q,PRINCIPAL,,
,28.0,,,2026-06-28 10:38:20,44,atuador,BOMBA-F,PRINCIPAL,,
,,,,2026-06-28 10:38:20,44,alarme,,,NIVEL_ALTO,media
TQ-MIX-TT,13.9838,C,ALARME,2026-06-28 10:38:23,45,leitura,,,,
TQ-MIX-LT,86.416,%,ALARME,2026-06-28 10:38:23,45,leitura,,,,
TQ-MIX-PT,2.72832,BAR,OK,2026-06-28 10:38:23,45,leitura,,,,
RES-Q-TT,74.4005,C,OK,2026-06-28 10:38:23,45,leitura,,,,
RES-F-TT,13.9838,C,OK,2026-06-28 10:38:23,45,leitura,,,,
,28.0,,,2026-06-28 10:38:23,45,atuador,BOMBA-Q,PRINCIPAL,,
,40.0,,,2026-06-28 10:38:23,45,atuador,BOMBA-F,PRINCIPAL,,
,,,,2026-06-28 10:38:23,45,alarme,,,NIVEL_ALTO,media
TQ-MIX-TT,74.4737,C,ALARME,2026-06-28 10:38:26,46,leitura,,,,
TQ-MIX-LT,86.272,%,ALARME,2026-06-28 10:38:26,46,leitura,,,,
TQ-MIX-PT,2.72544,BAR,OK,2026-06-28 10:38:26,46,leitura,,,,
RES-Q-TT,74.4737,C,OK,2026-06-28 10:38:26,46,leitura,,,,
RES-F-TT,14.2342,C,OK,2026-06-28 10:38:26,46,leitura,,,,
,28.0,,,2026-06-28 10:38:26,46,atuador,BOMBA-Q,PRINCIPAL,,
,28.0,,,2026-06-28 10:38:26,46,atuador,BOMBA-F,PRINCIPAL,,
,,,,2026-06-28 10:38:26,46,alarme,,,NIVEL_ALTO,media
TQ-MIX-TT,14.2251,C,ALARME,2026-06-28 10:38:29,47,leitura,,,,
TQ-MIX-LT,86.152,%,ALARME,2026-06-28 10:38:29,47,leitura,,,,
TQ-MIX-PT,2.72304,BAR,OK,2026-06-28 10:38:29,47,leitura,,,,
RES-Q-TT,74.7329,C,OK,2026-06-28 10:38:29,47,leitura,,,,
RES-F-TT,14.2251,C,OK,2026-06-28 10:38:29,47,leitura,,,,
,28.0,,,2026-06-28 10:38:29,47,atuador,BOMBA-Q,PRINCIPAL,,
,40.0,,,2026-06-28 10:38:29,47,atuador,BOMBA-F,PRINCIPAL,,
,,,,2026-06-28 10:38:29,47,alarme,,,NIVEL_ALTO,media
TQ-MIX-TT,74.8396,C,ALARME,2026-06-28 10:38:32,48,leitura,,,,
TQ-MIX-LT,86.008,%,ALARME,2026-06-28 10:38:32,48,leitura,,,,
TQ-MIX-PT,2.72016,BAR,OK,2026-06-28 10:38:32,48,leitura,,,,
RES-Q-TT,74.8396,C,OK,2026-06-28 10:38:32,48,leitura,,,,
RES-F-TT,13.9951,C,OK,2026-06-28 10:38:32,48,leitura,,,,
,28.0,,,2026-06-28 10:38:32,48,atuador,BOMBA-Q,PRINCIPAL,,
,28.0,,,2026-06-28 10:38:32,48,atuador,BOMBA-F,PRINCIPAL,,
,,,,2026-06-28 10:38:32,48,alarme,,,NIVEL_ALTO,media
TQ-MIX-TT,13.722,C,ALARME,2026-06-28 10:38:35,49,leitura,,,,
TQ-MIX-LT,85.888,%,ALARME,2026-06-28 10:38:35,49,leitura,,,,
TQ-MIX-PT,2.71776,BAR,OK,2026-06-28 10:38:35,49,leitura,,,,
RES-Q-TT,74.8244,C,OK,2026-06-28 10:38:35,49,leitura,,,,
RES-F-TT,13.722,C,OK,2026-06-28 10:38:35,49,leitura,,,,
,28.0,,,2026-06-28 10:38:35,49,atuador,BOMBA-Q,PRINCIPAL,,
,40.0,,,2026-06-28 10:38:35,49,atuador,BOMBA-F,PRINCIPAL,,
,,,,2026-06-28 10:38:35,49,alarme,,,NIVEL_ALTO,media
TQ-MIX-TT,74.754,C,ALARME,2026-06-28 10:38:38,50,leitura,,,,
TQ-MIX-LT,85.744,%,ALARME,2026-06-28 10:38:38,50,leitura,,,,
TQ-MIX-PT,2.71488,BAR,OK,2026-06-28 10:38:38,50,leitura,,,,
RES-Q-TT,74.754,C,OK,2026-06-28 10:38:38,50,leitura,,,,
RES-F-TT,13.861,C,OK,2026-06-28 10:38:38,50,leitura,,,,
,28.0,,,2026-06-28 10:38:38,50,atuador,BOMBA-Q,PRINCIPAL,,
,28.0,,,2026-06-28 10:38:38,50,atuador,BOMBA-F,PRINCIPAL,,
,,,,2026-06-28 10:38:38,50,alarme,,,NIVEL_ALTO,media
TQ-MIX-TT,13.7492,C,ALARME,2026-06-28 10:38:41,51,leitura,,,,
TQ-MIX-LT,85.624,%,ALARME,2026-06-28 10:38:41,51,leitura,,,,
TQ-MIX-PT,2.7124800000000002,BAR,OK,2026-06-28 10:38:41,51,leitura,,,,
RES-Q-TT,74.6815,C,OK,2026-06-28 10:38:41,51,leitura,,,,
RES-F-TT,13.7492,C,OK,2026-06-28 10:38:41,51,leitura,,,,
,28.0,,,2026-06-28 10:38:41,51,atuador,BOMBA-Q,PRINCIPAL,,
,40.0,,,2026-06-28 10:38:41,51,atuador,BOMBA-F,PRINCIPAL,,
,,,,2026-06-28 10:38:41,51,alarme,,,NIVEL_ALTO,media
TQ-MIX-TT,74.9804,C,ALARME,2026-06-28 10:38:44,52,leitura,,,,
TQ-MIX-LT,85.48,%,ALARME,2026-06-28 10:38:44,52,leitura,,,,
TQ-MIX-PT,2.7096,BAR,OK,2026-06-28 10:38:44,52,leitura,,,,
RES-Q-TT,74.9804,C,OK,2026-06-28 10:38:44,52,leitura,,,,
RES-F-TT,13.944,C,OK,2026-06-28 10:38:44,52,leitura,,,,
,28.0,,,2026-06-28 10:38:44,52,atuador,BOMBA-Q,PRINCIPAL,,
,28.0,,,2026-06-28 10:38:44,52,atuador,BOMBA-F,PRINCIPAL,,
,,,,2026-06-28 10:38:44,52,alarme,,,NIVEL_ALTO,media
TQ-MIX-TT,13.6886,C,ALARME,2026-06-28 10:38:47,53,leitura,,,,
TQ-MIX-LT,85.36,%,ALARME,2026-06-28 10:38:47,53,leitura,,,,
TQ-MIX-PT,2.7072000000000003,BAR,OK,2026-06-28 10:38:47,53,leitura,,,,
RES-Q-TT,75.0576,C,OK,2026-06-28 10:38:47,53,leitura,,,,
RES-F-TT,13.6886,C,OK,2026-06-28 10:38:47,53,leitura,,,,
,28.0,,,2026-06-28 10:38:47,53,atuador,BOMBA-Q,PRINCIPAL,,
,40.0,,,2026-06-28 10:38:47,53,atuador,BOMBA-F,PRINCIPAL,,
,,,,2026-06-28 10:38:47,53,alarme,,,NIVEL_ALTO,media
TQ-MIX-TT,74.8853,C,ALARME,2026-06-28 10:38:50,54,leitura,,,,
TQ-MIX-LT,85.216,%,ALARME,2026-06-28 10:38:50,54,leitura,,,,
TQ-MIX-PT,2.70432,BAR,OK,2026-06-28 10:38:50,54,leitura,,,,
RES-Q-TT,74.8853,C,OK,2026-06-28 10:38:50,54,leitura,,,,
RES-F-TT,13.4411,C,OK,2026-06-28 10:38:50,54,leitura,,,,
,28.0,,,2026-06-28 10:38:50,54,atuador,BOMBA-Q,PRINCIPAL,,
,28.0,,,2026-06-28 10:38:50,54,atuador,BOMBA-F,PRINCIPAL,,
,,,,2026-06-28 10:38:50,54,alarme,,,NIVEL_ALTO,media
TQ-MIX-TT,13.4509,C,ALARME,2026-06-28 10:38:53,55,leitura,,,,
TQ-MIX-LT,85.096,%,ALARME,2026-06-28 10:38:53,55,leitura,,,,
TQ-MIX-PT,2.7019200000000003,BAR,OK,2026-06-28 10:38:53,55,leitura,,,,
RES-Q-TT,75.1512,C,OK,2026-06-28 10:38:53,55,leitura,,,,
RES-F-TT,13.4509,C,OK,2026-06-28 10:38:53,55,leitura,,,,
,28.0,,,2026-06-28 10:38:53,55,atuador,BOMBA-Q,PRINCIPAL,,
,40.0,,,2026-06-28 10:38:53,55,atuador,BOMBA-F,PRINCIPAL,,
,,,,2026-06-28 10:38:53,55,alarme,,,NIVEL_ALTO,media
TQ-MIX-TT,75.1791,C,ALARME,2026-06-28 10:38:56,56,leitura,,,,
TQ-MIX-LT,84.952,%,ALARME,2026-06-28 10:38:56,56,leitura,,,,
TQ-MIX-PT,2.69904,BAR,OK,2026-06-28 10:38:56,56,leitura,,,,
RES-Q-TT,75.1791,C,OK,2026-06-28 10:38:56,56,leitura,,,,
RES-F-TT,13.161200000000001,C,OK,2026-06-28 10:38:56,56,leitura,,,,
,28.0,,,2026-06-28 10:38:56,56,atuador,BOMBA-Q,PRINCIPAL,,
,28.0,,,2026-06-28 10:38:56,56,atuador,BOMBA-F,PRINCIPAL,,
,,,,2026-06-28 10:38:56,56,alarme,,,NIVEL_ALTO,media
TQ-MIX-TT,13.2553,C,ALARME,2026-06-28 10:38:59,57,leitura,,,,
TQ-MIX-LT,84.832,%,ALARME,2026-06-28 10:38:59,57,leitura,,,,
TQ-MIX-PT,2.69664,BAR,OK,2026-06-28 10:38:59,57,leitura,,,,
RES-Q-TT,75.2626,C,OK,2026-06-28 10:38:59,57,leitura,,,,
RES-F-TT,13.2553,C,OK,2026-06-28 10:38:59,57,leitura,,,,
,28.0,,,2026-06-28 10:38:59,57,atuador,BOMBA-Q,PRINCIPAL,,
,40.0,,,2026-06-28 10:38:59,57,atuador,BOMBA-F,PRINCIPAL,,
,,,,2026-06-28 10:38:59,57,alarme,,,NIVEL_ALTO,media
TQ-MIX-TT,74.8267,C,ALARME,2026-06-28 10:39:02,58,leitura,,,,
TQ-MIX-LT,84.688,%,ALARME,2026-06-28 10:39:02,58,leitura,,,,
TQ-MIX-PT,2.69376,BAR,OK,2026-06-28 10:39:02,58,leitura,,,,
RES-Q-TT,74.8267,C,OK,2026-06-28 10:39:02,58,leitura,,,,
RES-F-TT,13.267900000000001,C,OK,2026-06-28 10:39:02,58,leitura,,,,
,28.0,,,2026-06-28 10:39:02,58,atuador,BOMBA-Q,PRINCIPAL,,
,28.0,,,2026-06-28 10:39:02,58,atuador,BOMBA-F,PRINCIPAL,,
,,,,2026-06-28 10:39:02,58,alarme,,,NIVEL_ALTO,media
TQ-MIX-TT,13.1706,C,ALARME,2026-06-28 10:39:05,59,leitura,,,,
TQ-MIX-LT,84.568,%,ALARME,2026-06-28 10:39:05,59,leitura,,,,
TQ-MIX-PT,2.69136,BAR,OK,2026-06-28 10:39:05,59,leitura,,,,
RES-Q-TT,75.0936,C,OK,2026-06-28 10:39:05,59,leitura,,,,
RES-F-TT,13.1706,C,OK,2026-06-28 10:39:05,59,leitura,,,,
,28.0,,,2026-06-28 10:39:05,59,atuador,BOMBA-Q,PRINCIPAL,,
,40.0,,,2026-06-28 10:39:05,59,atuador,BOMBA-F,PRINCIPAL,,
,,,,2026-06-28 10:39:05,59,alarme,,,NIVEL_ALTO,media
TQ-MIX-TT,74.7338,C,ALARME,2026-06-28 10:39:08,60,leitura,,,,
TQ-MIX-LT,84.424,%,ALARME,2026-06-28 10:39:08,60,leitura,,,,
TQ-MIX-PT,2.68848,BAR,OK,2026-06-28 10:39:08,60,leitura,,,,
RES-Q-TT,74.7338,C,OK,2026-06-28 10:39:08,60,leitura,,,,
RES-F-TT,13.2124,C,OK,2026-06-28 10:39:08,60,leitura,,,,
,28.0,,,2026-06-28 10:39:08,60,atuador,BOMBA-Q,PRINCIPAL,,
,28.0,,,2026-06-28 10:39:08,60,atuador,BOMBA-F,PRINCIPAL,,
,,,,2026-06-28 10:39:08,60,alarme,,,NIVEL_ALTO,media
TQ-MIX-TT,13.1231,C,ALARME,2026-06-28 10:39:11,61,leitura,,,,
TQ-MIX-LT,84.304,%,ALARME,2026-06-28 10:39:11,61,leitura,,,,
TQ-MIX-PT,2.68608,BAR,OK,2026-06-28 10:39:11,61,leitura,,,,
RES-Q-TT,74.4731,C,OK,2026-06-28 10:39:11,61,leitura,,,,
RES-F-TT,13.1231,C,OK,2026-06-28 10:39:11,61,leitura,,,,
,28.0,,,2026-06-28 10:39:11,61,atuador,BOMBA-Q,PRINCIPAL,,
,40.0,,,2026-06-28 10:39:11,61,atuador,BOMBA-F,PRINCIPAL,,
,,,,2026-06-28 10:39:11,61,alarme,,,NIVEL_ALTO,media
TQ-MIX-TT,74.27590000000001,C,ALARME,2026-06-28 10:39:14,62,leitura,,,,
TQ-MIX-LT,84.16,%,ALARME,2026-06-28 10:39:14,62,leitura,,,,
TQ-MIX-PT,2.6832000000000003,BAR,OK,2026-06-28 10:39:14,62,leitura,,,,
RES-Q-TT,74.27590000000001,C,OK,2026-06-28 10:39:14,62,leitura,,,,
RES-F-TT,13.1793,C,OK,2026-06-28 10:39:14,62,leitura,,,,
,28.0,,,2026-06-28 10:39:14,62,atuador,BOMBA-Q,PRINCIPAL,,
,28.0,,,2026-06-28 10:39:14,62,atuador,BOMBA-F,PRINCIPAL,,
,,,,2026-06-28 10:39:14,62,alarme,,,NIVEL_ALTO,media
TQ-MIX-TT,13.0391,C,ALARME,2026-06-28 10:39:17,63,leitura,,,,
TQ-MIX-LT,84.04,%,ALARME,2026-06-28 10:39:17,63,leitura,,,,
TQ-MIX-PT,2.6808,BAR,OK,2026-06-28 10:39:17,63,leitura,,,,
RES-Q-TT,74.1864,C,OK,2026-06-28 10:39:17,63,leitura,,,,
RES-F-TT,13.0391,C,OK,2026-06-28 10:39:17,63,leitura,,,,
,28.0,,,2026-06-28 10:39:17,63,atuador,BOMBA-Q,PRINCIPAL,,
,40.0,,,2026-06-28 10:39:17,63,atuador,BOMBA-F,PRINCIPAL,,
,,,,2026-06-28 10:39:17,63,alarme,,,NIVEL_ALTO,media
TQ-MIX-TT,74.4376,C,ALARME,2026-06-28 10:39:20,64,leitura,,,,
TQ-MIX-LT,83.896,%,ALARME,2026-06-28 10:39:20,64,leitura,,,,
TQ-MIX-PT,2.6779200000000003,BAR,OK,2026-06-28 10:39:20,64,leitura,,,,
RES-Q-TT,74.4376,C,OK,2026-06-28 10:39:20,64,leitura,,,,
RES-F-TT,12.7822,C,OK,2026-06-28 10:39:20,64,leitura,,,,
,28.0,,,2026-06-28 10:39:20,64,atuador,BOMBA-Q,PRINCIPAL,,
,28.0,,,2026-06-28 10:39:20,64,atuador,BOMBA-F,PRINCIPAL,,
,,,,2026-06-28 10:39:20,64,alarme,,,NIVEL_ALTO,media
TQ-MIX-TT,12.613,C,ALARME,2026-06-28 10:39:23,65,leitura,,,,
TQ-MIX-LT,83.776,%,ALARME,2026-06-28 10:39:23,65,leitura,,,,
TQ-MIX-PT,2.67552,BAR,OK,2026-06-28 10:39:23,65,leitura,,,,
RES-Q-TT,74.1394,C,OK,2026-06-28 10:39:23,65,leitura,,,,
RES-F-TT,12.613,C,OK,2026-06-28 10:39:23,65,leitura,,,,
,28.0,,,2026-06-28 10:39:23,65,atuador,BOMBA-Q,PRINCIPAL,,
,40.0,,,2026-06-28 10:39:23,65,atuador,BOMBA-F,PRINCIPAL,,
,,,,2026-06-28 10:39:23,65,alarme,,,NIVEL_ALTO,media
TQ-MIX-TT,74.3425,C,ALARME,2026-06-28 10:39:26,66,leitura,,,,
TQ-MIX-LT,83.632,%,ALARME,2026-06-28 10:39:26,66,leitura,,,,
TQ-MIX-PT,2.67264,BAR,OK,2026-06-28 10:39:26,66,leitura,,,,
RES-Q-TT,74.3425,C,OK,2026-06-28 10:39:26,66,leitura,,,,
RES-F-TT,12.4472,C,OK,2026-06-28 10:39:26,66,leitura,,,,
,28.0,,,2026-06-28 10:39:26,66,atuador,BOMBA-Q,PRINCIPAL,,
,28.0,,,2026-06-28 10:39:26,66,atuador,BOMBA-F,PRINCIPAL,,
,,,,2026-06-28 10:39:26,66,alarme,,,NIVEL_ALTO,media
TQ-MIX-TT,12.2536,C,ALARME,2026-06-28 10:39:29,67,leitura,,,,
TQ-MIX-LT,83.512,%,ALARME,2026-06-28 10:39:29,67,leitura,,,,
TQ-MIX-PT,2.67024,BAR,OK,2026-06-28 10:39:29,67,leitura,,,,
RES-Q-TT,74.6353,C,OK,2026-06-28 10:39:29,67,leitura,,,,
RES-F-TT,12.2536,C,OK,2026-06-28 10:39:29,67,leitura,,,,
,28.0,,,2026-06-28 10:39:29,67,atuador,BOMBA-Q,PRINCIPAL,,
,40.0,,,2026-06-28 10:39:29,67,atuador,BOMBA-F,PRINCIPAL,,
,,,,2026-06-28 10:39:29,67,alarme,,,NIVEL_ALTO,media
TQ-MIX-TT,74.4609,C,ALARME,2026-06-28 10:39:32,68,leitura,,,,
TQ-MIX-LT,83.368,%,ALARME,2026-06-28 10:39:32,68,leitura,,,,
TQ-MIX-PT,2.66736,BAR,OK,2026-06-28 10:39:32,68,leitura,,,,
RES-Q-TT,74.4609,C,OK,2026-06-28 10:39:32,68,leitura,,,,
RES-F-TT,12.1444,C,OK,2026-06-28 10:39:32,68,leitura,,,,
,28.0,,,2026-06-28 10:39:32,68,atuador,BOMBA-Q,PRINCIPAL,,
,28.0,,,2026-06-28 10:39:32,68,atuador,BOMBA-F,PRINCIPAL,,
,,,,2026-06-28 10:39:32,68,alarme,,,NIVEL_ALTO,media
TQ-MIX-TT,11.8984,C,ALARME,2026-06-28 10:39:35,69,leitura,,,,
TQ-MIX-LT,83.248,%,ALARME,2026-06-28 10:39:35,69,leitura,,,,
TQ-MIX-PT,2.66496,BAR,OK,2026-06-28 10:39:35,69,leitura,,,,
RES-Q-TT,74.4328,C,OK,2026-06-28 10:39:35,69,leitura,,,,
RES-F-TT,11.8984,C,OK,2026-06-28 10:39:35,69,leitura,,,,
,28.0,,,2026-06-28 10:39:35,69,atuador,BOMBA-Q,PRINCIPAL,,
,40.0,,,2026-06-28 10:39:35,69,atuador,BOMBA-F,PRINCIPAL,,
,,,,2026-06-28 10:39:35,69,alarme,,,NIVEL_ALTO,media
TQ-MIX-TT,74.6555,C,ALARME,2026-06-28 10:39:38,70,leitura,,,,
TQ-MIX-LT,83.104,%,ALARME,2026-06-28 10:39:38,70,leitura,,,,
TQ-MIX-PT,2.66208,BAR,OK,2026-06-28 10:39:38,70,leitura,,,,
RES-Q-TT,74.6555,C,OK,2026-06-28 10:39:38,70,leitura,,,,
RES-F-TT,12.1598,C,OK,2026-06-28 10:39:38,70,leitura,,,,
,28.0,,,2026-06-28 10:39:38,70,atuador,BOMBA-Q,PRINCIPAL,,
,28.0,,,2026-06-28 10:39:38,70,atuador,BOMBA-F,PRINCIPAL,,
,,,,2026-06-28 10:39:38,70,alarme,,,NIVEL_ALTO,media
TQ-MIX-TT,12.0896,C,ALARME,2026-06-28 10:39:41,71,leitura,,,,
TQ-MIX-LT,82.984,%,ALARME,2026-06-28 10:39:41,71,leitura,,,,
TQ-MIX-PT,2.65968,BAR,OK,2026-06-28 10:39:41,71,leitura,,,,
RES-Q-TT,74.9,C,OK,2026-06-28 10:39:41,71,leitura,,,,
RES-F-TT,12.0896,C,OK,2026-06-28 10:39:41,71,leitura,,,,
,28.0,,,2026-06-28 10:39:41,71,atuador,BOMBA-Q,PRINCIPAL,,
,40.0,,,2026-06-28 10:39:41,71,atuador,BOMBA-F,PRINCIPAL,,
,,,,2026-06-28 10:39:41,71,alarme,,,NIVEL_ALTO,media
TQ-MIX-TT,74.676,C,ALARME,2026-06-28 10:39:44,72,leitura,,,,
TQ-MIX-LT,82.84,%,ALARME,2026-06-28 10:39:44,72,leitura,,,,
TQ-MIX-PT,2.6568,BAR,OK,2026-06-28 10:39:44,72,leitura,,,,
RES-Q-TT,74.676,C,OK,2026-06-28 10:39:44,72,leitura,,,,
RES-F-TT,11.917,C,OK,2026-06-28 10:39:44,72,leitura,,,,
,28.0,,,2026-06-28 10:39:44,72,atuador,BOMBA-Q,PRINCIPAL,,
,28.0,,,2026-06-28 10:39:44,72,atuador,BOMBA-F,PRINCIPAL,,
,,,,2026-06-28 10:39:44,72,alarme,,,NIVEL_ALTO,media
TQ-MIX-TT,11.8937,C,ALARME,2026-06-28 10:39:47,73,leitura,,,,
TQ-MIX-LT,82.72,%,ALARME,2026-06-28 10:39:47,73,leitura,,,,
TQ-MIX-PT,2.6544,BAR,OK,2026-06-28 10:39:47,73,leitura,,,,
RES-Q-TT,74.4999,C,OK,2026-06-28 10:39:47,73,leitura,,,,
RES-F-TT,11.8937,C,OK,2026-06-28 10:39:47,73,leitura,,,,
,28.0,,,2026-06-28 10:39:47,73,atuador,BOMBA-Q,PRINCIPAL,,
,40.0,,,2026-06-28 10:39:47,73,atuador,BOMBA-F,PRINCIPAL,,
,,,,2026-06-28 10:39:47,73,alarme,,,NIVEL_ALTO,media
TQ-MIX-TT,74.593,C,ALARME,2026-06-28 10:39:50,74,leitura,,,,
TQ-MIX-LT,82.576,%,ALARME,2026-06-28 10:39:50,74,leitura,,,,
TQ-MIX-PT,2.65152,BAR,OK,2026-06-28 10:39:50,74,leitura,,,,
RES-Q-TT,74.593,C,OK,2026-06-28 10:39:50,74,leitura,,,,
RES-F-TT,11.911200000000001,C,OK,2026-06-28 10:39:50,74,leitura,,,,
,28.0,,,2026-06-28 10:39:50,74,atuador,BOMBA-Q,PRINCIPAL,,
,28.0,,,2026-06-28 10:39:50,74,atuador,BOMBA-F,PRINCIPAL,,
,,,,2026-06-28 10:39:50,74,alarme,,,NIVEL_ALTO,media
TQ-MIX-TT,11.7072,C,OK,2026-06-28 10:39:53,75,leitura,,,,
TQ-MIX-LT,82.456,%,OK,2026-06-28 10:39:53,75,leitura,,,,
TQ-MIX-PT,2.64912,BAR,OK,2026-06-28 10:39:53,75,leitura,,,,
RES-Q-TT,74.7502,C,OK,2026-06-28 10:39:53,75,leitura,,,,
RES-F-TT,11.7072,C,OK,2026-06-28 10:39:53,75,leitura,,,,
,28.0,,,2026-06-28 10:39:53,75,atuador,BOMBA-Q,PRINCIPAL,,
,40.0,,,2026-06-28 10:39:53,75,atuador,BOMBA-F,PRINCIPAL,,
TQ-MIX-TT,74.7194,C,OK,2026-06-28 10:39:56,76,leitura,,,,
TQ-MIX-LT,82.312,%,OK,2026-06-28 10:39:56,76,leitura,,,,
TQ-MIX-PT,2.64624,BAR,OK,2026-06-28 10:39:56,76,leitura,,,,
RES-Q-TT,74.7194,C,OK,2026-06-28 10:39:56,76,leitura,,,,
RES-F-TT,11.7729,C,OK,2026-06-28 10:39:56,76,leitura,,,,
,28.0,,,2026-06-28 10:39:56,76,atuador,BOMBA-Q,PRINCIPAL,,
,28.0,,,2026-06-28 10:39:56,76,atuador,BOMBA-F,PRINCIPAL,,
TQ-MIX-TT,11.9671,C,OK,2026-06-28 10:39:59,77,leitura,,,,
TQ-MIX-LT,82.192,%,OK,2026-06-28 10:39:59,77,leitura,,,,
TQ-MIX-PT,2.64384,BAR,OK,2026-06-28 10:39:59,77,leitura,,,,
RES-Q-TT,74.9576,C,OK,2026-06-28 10:39:59,77,leitura,,,,
RES-F-TT,11.9671,C,OK,2026-06-28 10:39:59,77,leitura,,,,
,28.0,,,2026-06-28 10:39:59,77,atuador,BOMBA-Q,PRINCIPAL,,
,40.0,,,2026-06-28 10:39:59,77,atuador,BOMBA-F,PRINCIPAL,,
TQ-MIX-TT,74.8865,C,OK,2026-06-28 10:40:02,78,leitura,,,,
TQ-MIX-LT,82.048,%,OK,2026-06-28 10:40:02,78,leitura,,,,
TQ-MIX-PT,2.64096,BAR,OK,2026-06-28 10:40:02,78,leitura,,,,
RES-Q-TT,74.8865,C,OK,2026-06-28 10:40:02,78,leitura,,,,
RES-F-TT,11.7025,C,OK,2026-06-28 10:40:02,78,leitura,,,,
,28.0,,,2026-06-28 10:40:02,78,atuador,BOMBA-Q,PRINCIPAL,,
,28.0,,,2026-06-28 10:40:02,78,atuador,BOMBA-F,PRINCIPAL,,
TQ-MIX-TT,11.461500000000001,C,OK,2026-06-28 10:40:05,79,leitura,,,,
TQ-MIX-LT,81.928,%,OK,2026-06-28 10:40:05,79,leitura,,,,
TQ-MIX-PT,2.63856,BAR,OK,2026-06-28 10:40:05,79,leitura,,,,
RES-Q-TT,75.0872,C,OK,2026-06-28 10:40:05,79,leitura,,,,
RES-F-TT,11.461500000000001,C,OK,2026-06-28 10:40:05,79,leitura,,,,
,28.0,,,2026-06-28 10:40:05,79,atuador,BOMBA-Q,PRINCIPAL,,
,40.0,,,2026-06-28 10:40:05,79,atuador,BOMBA-F,PRINCIPAL,,
TQ-MIX-TT,74.7479,C,OK,2026-06-28 10:40:08,80,leitura,,,,
TQ-MIX-LT,81.784,%,OK,2026-06-28 10:40:08,80,leitura,,,,
TQ-MIX-PT,2.63568,BAR,OK,2026-06-28 10:40:08,80,leitura,,,,
RES-Q-TT,74.7479,C,OK,2026-06-28 10:40:08,80,leitura,,,,
RES-F-TT,11.666,C,OK,2026-06-28 10:40:08,80,leitura,,,,
,28.0,,,2026-06-28 10:40:08,80,atuador,BOMBA-Q,PRINCIPAL,,
,28.0,,,2026-06-28 10:40:08,80,atuador,BOMBA-F,PRINCIPAL,,
TQ-MIX-TT,11.7141,C,OK,2026-06-28 10:40:11,81,leitura,,,,
TQ-MIX-LT,81.664,%,OK,2026-06-28 10:40:11,81,leitura,,,,
TQ-MIX-PT,2.63328,BAR,OK,2026-06-28 10:40:11,81,leitura,,,,
RES-Q-TT,74.9793,C,OK,2026-06-28 10:40:11,81,leitura,,,,
RES-F-TT,11.7141,C,OK,2026-06-28 10:40:11,81,leitura,,,,
,28.0,,,2026-06-28 10:40:11,81,atuador,BOMBA-Q,PRINCIPAL,,
,40.0,,,2026-06-28 10:40:11,81,atuador,BOMBA-F,PRINCIPAL,,
TQ-MIX-TT,75.1271,C,OK,2026-06-28 10:40:14,82,leitura,,,,
TQ-MIX-LT,81.52,%,OK,2026-06-28 10:40:14,82,leitura,,,,
TQ-MIX-PT,2.6304,BAR,OK,2026-06-28 10:40:14,82,leitura,,,,
RES-Q-TT,75.1271,C,OK,2026-06-28 10:40:14,82,leitura,,,,
RES-F-TT,11.707,C,OK,2026-06-28 10:40:14,82,leitura,,,,
,28.0,,,2026-06-28 10:40:14,82,atuador,BOMBA-Q,PRINCIPAL,,
,28.0,,,2026-06-28 10:40:14,82,atuador,BOMBA-F,PRINCIPAL,,
TQ-MIX-TT,11.7009,C,OK,2026-06-28 10:40:17,83,leitura,,,,
TQ-MIX-LT,81.4,%,OK,2026-06-28 10:40:17,83,leitura,,,,
TQ-MIX-PT,2.628,BAR,OK,2026-06-28 10:40:17,83,leitura,,,,
RES-Q-TT,75.0048,C,OK,2026-06-28 10:40:17,83,leitura,,,,
RES-F-TT,11.7009,C,OK,2026-06-28 10:40:17,83,leitura,,,,
,28.0,,,2026-06-28 10:40:17,83,atuador,BOMBA-Q,PRINCIPAL,,
,40.0,,,2026-06-28 10:40:17,83,atuador,BOMBA-F,PRINCIPAL,,
TQ-MIX-TT,74.7705,C,OK,2026-06-28 10:40:20,84,leitura,,,,
TQ-MIX-LT,81.256,%,OK,2026-06-28 10:40:20,84,leitura,,,,
TQ-MIX-PT,2.62512,BAR,OK,2026-06-28 10:40:20,84,leitura,,,,
RES-Q-TT,74.7705,C,OK,2026-06-28 10:40:20,84,leitura,,,,
RES-F-TT,11.4492,C,OK,2026-06-28 10:40:20,84,leitura,,,,
,28.0,,,2026-06-28 10:40:20,84,atuador,BOMBA-Q,PRINCIPAL,,
,28.0,,,2026-06-28 10:40:20,84,atuador,BOMBA-F,PRINCIPAL,,
TQ-MIX-TT,11.3991,C,OK,2026-06-28 10:40:23,85,leitura,,,,
TQ-MIX-LT,81.136,%,OK,2026-06-28 10:40:23,85,leitura,,,,
TQ-MIX-PT,2.62272,BAR,OK,2026-06-28 10:40:23,85,leitura,,,,
RES-Q-TT,75.0139,C,OK,2026-06-28 10:40:23,85,leitura,,,,
RES-F-TT,11.3991,C,OK,2026-06-28 10:40:23,85,leitura,,,,
,28.0,,,2026-06-28 10:40:23,85,atuador,BOMBA-Q,PRINCIPAL,,
,40.0,,,2026-06-28 10:40:23,85,atuador,BOMBA-F,PRINCIPAL,,
TQ-MIX-TT,75.1701,C,OK,2026-06-28 10:40:26,86,leitura,,,,
TQ-MIX-LT,80.992,%,OK,2026-06-28 10:40:26,86,leitura,,,,
TQ-MIX-PT,2.61984,BAR,OK,2026-06-28 10:40:26,86,leitura,,,,
RES-Q-TT,75.1701,C,OK,2026-06-28 10:40:26,86,leitura,,,,
RES-F-TT,11.3,C,OK,2026-06-28 10:40:26,86,leitura,,,,
,28.0,,,2026-06-28 10:40:26,86,atuador,BOMBA-Q,PRINCIPAL,,
,28.0,,,2026-06-28 10:40:26,86,atuador,BOMBA-F,PRINCIPAL,,
TQ-MIX-TT,11.2674,C,OK,2026-06-28 10:40:29,87,leitura,,,,
TQ-MIX-LT,80.872,%,OK,2026-06-28 10:40:29,87,leitura,,,,
TQ-MIX-PT,2.61744,BAR,OK,2026-06-28 10:40:29,87,leitura,,,,
RES-Q-TT,74.8143,C,OK,2026-06-28 10:40:29,87,leitura,,,,
RES-F-TT,11.2674,C,OK,2026-06-28 10:40:29,87,leitura,,,,
,28.0,,,2026-06-28 10:40:29,87,atuador,BOMBA-Q,PRINCIPAL,,
,40.0,,,2026-06-28 10:40:29,87,atuador,BOMBA-F,PRINCIPAL,,
TQ-MIX-TT,74.9256,C,OK,2026-06-28 10:40:32,88,leitura,,,,
TQ-MIX-LT,80.728,%,OK,2026-06-28 10:40:32,88,leitura,,,,
TQ-MIX-PT,2.61456,BAR,OK,2026-06-28 10:40:32,88,leitura,,,,
RES-Q-TT,74.9256,C,OK,2026-06-28 10:40:32,88,leitura,,,,
RES-F-TT,11.531,C,OK,2026-06-28 10:40:32,88,leitura,,,,
,28.0,,,2026-06-28 10:40:32,88,atuador,BOMBA-Q,PRINCIPAL,,
,28.0,,,2026-06-28 10:40:32,88,atuador,BOMBA-F,PRINCIPAL,,
TQ-MIX-TT,11.6656,C,OK,2026-06-28 10:40:35,89,leitura,,,,
TQ-MIX-LT,80.608,%,OK,2026-06-28 10:40:35,89,leitura,,,,
TQ-MIX-PT,2.6121600000000003,BAR,OK,2026-06-28 10:40:35,89,leitura,,,,
RES-Q-TT,74.9962,C,OK,2026-06-28 10:40:35,89,leitura,,,,
RES-F-TT,11.6656,C,OK,2026-06-28 10:40:35,89,leitura,,,,
,28.0,,,2026-06-28 10:40:35,89,atuador,BOMBA-Q,PRINCIPAL,,
,40.0,,,2026-06-28 10:40:35,89,atuador,BOMBA-F,PRINCIPAL,,
TQ-MIX-TT,74.9769,C,OK,2026-06-28 10:40:38,90,leitura,,,,
TQ-MIX-LT,80.464,%,OK,2026-06-28 10:40:38,90,leitura,,,,
TQ-MIX-PT,2.60928,BAR,OK,2026-06-28 10:40:38,90,leitura,,,,
RES-Q-TT,74.9769,C,OK,2026-06-28 10:40:38,90,leitura,,,,
RES-F-TT,11.6092,C,OK,2026-06-28 10:40:38,90,leitura,,,,
,28.0,,,2026-06-28 10:40:38,90,atuador,BOMBA-Q,PRINCIPAL,,
,28.0,,,2026-06-28 10:40:38,90,atuador,BOMBA-F,PRINCIPAL,,
TQ-MIX-TT,11.569,C,OK,2026-06-28 10:40:41,91,leitura,,,,
TQ-MIX-LT,80.344,%,OK,2026-06-28 10:40:41,91,leitura,,,,
TQ-MIX-PT,2.6068800000000003,BAR,OK,2026-06-28 10:40:41,91,leitura,,,,
RES-Q-TT,75.0628,C,OK,2026-06-28 10:40:41,91,leitura,,,,
RES-F-TT,11.569,C,OK,2026-06-28 10:40:41,91,leitura,,,,
,28.0,,,2026-06-28 10:40:41,91,atuador,BOMBA-Q,PRINCIPAL,,
,40.0,,,2026-06-28 10:40:41,91,atuador,BOMBA-F,PRINCIPAL,,
TQ-MIX-TT,75.1475,C,OK,2026-06-28 10:40:44,92,leitura,,,,
TQ-MIX-LT,80.2,%,OK,2026-06-28 10:40:44,92,leitura,,,,
TQ-MIX-PT,2.604,BAR,OK,2026-06-28 10:40:44,92,leitura,,,,
RES-Q-TT,75.1475,C,OK,2026-06-28 10:40:44,92,leitura,,,,
RES-F-TT,11.3559,C,OK,2026-06-28 10:40:44,92,leitura,,,,
,28.0,,,2026-06-28 10:40:44,92,atuador,BOMBA-Q,PRINCIPAL,,
,28.0,,,2026-06-28 10:40:44,92,atuador,BOMBA-F,PRINCIPAL,,
TQ-MIX-TT,11.1198,C,OK,2026-06-28 10:40:47,93,leitura,,,,
TQ-MIX-LT,80.08,%,OK,2026-06-28 10:40:47,93,leitura,,,,
TQ-MIX-PT,2.6016,BAR,OK,2026-06-28 10:40:47,93,leitura,,,,
RES-Q-TT,74.8038,C,OK,2026-06-28 10:40:47,93,leitura,,,,
RES-F-TT,11.1198,C,OK,2026-06-28 10:40:47,93,leitura,,,,
,28.0,,,2026-06-28 10:40:47,93,atuador,BOMBA-Q,PRINCIPAL,,
,40.0,,,2026-06-28 10:40:47,93,atuador,BOMBA-F,PRINCIPAL,,
TQ-MIX-TT,74.8213,C,OK,2026-06-28 10:40:50,94,leitura,,,,
TQ-MIX-LT,79.936,%,OK,2026-06-28 10:40:50,94,leitura,,,,
TQ-MIX-PT,2.59872,BAR,OK,2026-06-28 10:40:50,94,leitura,,,,
RES-Q-TT,74.8213,C,OK,2026-06-28 10:40:50,94,leitura,,,,
RES-F-TT,11.0854,C,OK,2026-06-28 10:40:50,94,leitura,,,,
,28.0,,,2026-06-28 10:40:50,94,atuador,BOMBA-Q,PRINCIPAL,,
,28.0,,,2026-06-28 10:40:50,94,atuador,BOMBA-F,PRINCIPAL,,
TQ-MIX-TT,10.998,C,OK,2026-06-28 10:40:53,95,leitura,,,,
TQ-MIX-LT,79.816,%,OK,2026-06-28 10:40:53,95,leitura,,,,
TQ-MIX-PT,2.59632,BAR,OK,2026-06-28 10:40:53,95,leitura,,,,
RES-Q-TT,74.9985,C,OK,2026-06-28 10:40:53,95,leitura,,,,
RES-F-TT,10.998,C,OK,2026-06-28 10:40:53,95,leitura,,,,
,28.0,,,2026-06-28 10:40:53,95,atuador,BOMBA-Q,PRINCIPAL,,
,40.0,,,2026-06-28 10:40:53,95,atuador,BOMBA-F,PRINCIPAL,,
TQ-MIX-TT,75.0049,C,OK,2026-06-28 10:40:56,96,leitura,,,,
TQ-MIX-LT,79.672,%,OK,2026-06-28 10:40:56,96,leitura,,,,
TQ-MIX-PT,2.59344,BAR,OK,2026-06-28 10:40:56,96,leitura,,,,
RES-Q-TT,75.0049,C,OK,2026-06-28 10:40:56,96,leitura,,,,
RES-F-TT,11.1362,C,OK,2026-06-28 10:40:56,96,leitura,,,,
,28.0,,,2026-06-28 10:40:56,96,atuador,BOMBA-Q,PRINCIPAL,,
,28.0,,,2026-06-28 10:40:56,96,atuador,BOMBA-F,PRINCIPAL,,
TQ-MIX-TT,11.1255,C,OK,2026-06-28 10:40:59,97,leitura,,,,
TQ-MIX-LT,79.552,%,OK,2026-06-28 10:40:59,97,leitura,,,,
TQ-MIX-PT,2.59104,BAR,OK,2026-06-28 10:40:59,97,leitura,,,,
RES-Q-TT,74.9418,C,OK,2026-06-28 10:40:59,97,leitura,,,,
RES-F-TT,11.1255,C,OK,2026-06-28 10:40:59,97,leitura,,,,
,28.0,,,2026-06-28 10:40:59,97,atuador,BOMBA-Q,PRINCIPAL,,
,40.0,,,2026-06-28 10:40:59,97,atuador,BOMBA-F,PRINCIPAL,,
TQ-MIX-TT,75.0471,C,OK,2026-06-28 10:41:02,98,leitura,,,,
TQ-MIX-LT,79.408,%,OK,2026-06-28 10:41:02,98,leitura,,,,
TQ-MIX-PT,2.5881600000000002,BAR,OK,2026-06-28 10:41:02,98,leitura,,,,
RES-Q-TT,75.0471,C,OK,2026-06-28 10:41:02,98,leitura,,,,
RES-F-TT,11.1753,C,OK,2026-06-28 10:41:02,98,leitura,,,,
,28.0,,,2026-06-28 10:41:02,98,atuador,BOMBA-Q,PRINCIPAL,,
,28.0,,,2026-06-28 10:41:02,98,atuador,BOMBA-F,PRINCIPAL,,
TQ-MIX-TT,11.3994,C,OK,2026-06-28 10:41:05,99,leitura,,,,
TQ-MIX-LT,79.288,%,OK,2026-06-28 10:41:05,99,leitura,,,,
TQ-MIX-PT,2.58576,BAR,OK,2026-06-28 10:41:05,99,leitura,,,,
RES-Q-TT,75.0546,C,OK,2026-06-28 10:41:05,99,leitura,,,,
RES-F-TT,11.3994,C,OK,2026-06-28 10:41:05,99,leitura,,,,
,28.0,,,2026-06-28 10:41:05,99,atuador,BOMBA-Q,PRINCIPAL,,
,40.0,,,2026-06-28 10:41:05,99,atuador,BOMBA-F,PRINCIPAL,,
TQ-MIX-TT,75.0197,C,OK,2026-06-28 10:41:08,100,leitura,,,,
TQ-MIX-LT,79.144,%,OK,2026-06-28 10:41:08,100,leitura,,,,
TQ-MIX-PT,2.5828800000000003,BAR,OK,2026-06-28 10:41:08,100,leitura,,,,
RES-Q-TT,75.0197,C,OK,2026-06-28 10:41:08,100,leitura,,,,
RES-F-TT,11.6618,C,OK,2026-06-28 10:41:08,100,leitura,,,,
,28.0,,,2026-06-28 10:41:08,100,atuador,BOMBA-Q,PRINCIPAL,,
,28.0,,,2026-06-28 10:41:08,100,atuador,BOMBA-F,PRINCIPAL,,
TQ-MIX-TT,11.4909,C,OK,2026-06-28 10:41:11,101,leitura,,,,
TQ-MIX-LT,79.024,%,OK,2026-06-28 10:41:11,101,leitura,,,,
TQ-MIX-PT,2.58048,BAR,OK,2026-06-28 10:41:11,101,leitura,,,,
RES-Q-TT,75.2526,C,OK,2026-06-28 10:41:11,101,leitura,,,,
RES-F-TT,11.4909,C,OK,2026-06-28 10:41:11,101,leitura,,,,
,28.0,,,2026-06-28 10:41:11,101,atuador,BOMBA-Q,PRINCIPAL,,
,40.0,,,2026-06-28 10:41:11,101,atuador,BOMBA-F,PRINCIPAL,,
TQ-MIX-TT,74.8036,C,OK,2026-06-28 10:41:14,102,leitura,,,,
TQ-MIX-LT,78.88,%,OK,2026-06-28 10:41:14,102,leitura,,,,
TQ-MIX-PT,2.5776,BAR,OK,2026-06-28 10:41:14,102,leitura,,,,
RES-Q-TT,74.8036,C,OK,2026-06-28 10:41:14,102,leitura,,,,
RES-F-TT,11.2508,C,OK,2026-06-28 10:41:14,102,leitura,,,,
,28.0,,,2026-06-28 10:41:14,102,atuador,BOMBA-Q,PRINCIPAL,,
,28.0,,,2026-06-28 10:41:14,102,atuador,BOMBA-F,PRINCIPAL,,
TQ-MIX-TT,11.0041,C,OK,2026-06-28 10:41:17,103,leitura,,,,
TQ-MIX-LT,78.76,%,OK,2026-06-28 10:41:17,103,leitura,,,,
TQ-MIX-PT,2.5752,BAR,OK,2026-06-28 10:41:17,103,leitura,,,,
RES-Q-TT,74.6608,C,OK,2026-06-28 10:41:17,103,leitura,,,,
RES-F-TT,11.0041,C,OK,2026-06-28 10:41:17,103,leitura,,,,
,28.0,,,2026-06-28 10:41:17,103,atuador,BOMBA-Q,PRINCIPAL,,
,40.0,,,2026-06-28 10:41:17,103,atuador,BOMBA-F,PRINCIPAL,,
TQ-MIX-TT,74.3952,C,OK,2026-06-28 10:41:20,104,leitura,,,,
TQ-MIX-LT,78.616,%,OK,2026-06-28 10:41:20,104,leitura,,,,
TQ-MIX-PT,2.57232,BAR,OK,2026-06-28 10:41:20,104,leitura,,,,
RES-Q-TT,74.3952,C,OK,2026-06-28 10:41:20,104,leitura,,,,
RES-F-TT,11.2521,C,OK,2026-06-28 10:41:20,104,leitura,,,,
,28.0,,,2026-06-28 10:41:20,104,atuador,BOMBA-Q,PRINCIPAL,,
,28.0,,,2026-06-28 10:41:20,104,atuador,BOMBA-F,PRINCIPAL,,
TQ-MIX-TT,11.0612,C,OK,2026-06-28 10:41:23,105,leitura,,,,
TQ-MIX-LT,78.496,%,OK,2026-06-28 10:41:23,105,leitura,,,,
TQ-MIX-PT,2.56992,BAR,OK,2026-06-28 10:41:23,105,leitura,,,,
RES-Q-TT,74.5806,C,OK,2026-06-28 10:41:23,105,leitura,,,,
RES-F-TT,11.0612,C,OK,2026-06-28 10:41:23,105,leitura,,,,
,28.0,,,2026-06-28 10:41:23,105,atuador,BOMBA-Q,PRINCIPAL,,
,40.0,,,2026-06-28 10:41:23,105,atuador,BOMBA-F,PRINCIPAL,,
TQ-MIX-TT,74.432,C,OK,2026-06-28 10:41:26,106,leitura,,,,
TQ-MIX-LT,78.352,%,OK,2026-06-28 10:41:26,106,leitura,,,,
TQ-MIX-PT,2.56704,BAR,OK,2026-06-28 10:41:26,106,leitura,,,,
RES-Q-TT,74.432,C,OK,2026-06-28 10:41:26,106,leitura,,,,
RES-F-TT,11.345,C,OK,2026-06-28 10:41:26,106,leitura,,,,
,28.0,,,2026-06-28 10:41:26,106,atuador,BOMBA-Q,PRINCIPAL,,
,28.0,,,2026-06-28 10:41:26,106,atuador,BOMBA-F,PRINCIPAL,,
TQ-MIX-TT,11.2709,C,OK,2026-06-28 10:41:29,107,leitura,,,,
TQ-MIX-LT,78.232,%,OK,2026-06-28 10:41:29,107,leitura,,,,
TQ-MIX-PT,2.56464,BAR,OK,2026-06-28 10:41:29,107,leitura,,,,
RES-Q-TT,74.3755,C,OK,2026-06-28 10:41:29,107,leitura,,,,
RES-F-TT,11.2709,C,OK,2026-06-28 10:41:29,107,leitura,,,,
,28.0,,,2026-06-28 10:41:29,107,atuador,BOMBA-Q,PRINCIPAL,,
,40.0,,,2026-06-28 10:41:29,107,atuador,BOMBA-F,PRINCIPAL,,
TQ-MIX-TT,74.4582,C,OK,2026-06-28 10:41:32,108,leitura,,,,
TQ-MIX-LT,78.088,%,OK,2026-06-28 10:41:32,108,leitura,,,,
TQ-MIX-PT,2.56176,BAR,OK,2026-06-28 10:41:32,108,leitura,,,,
RES-Q-TT,74.4582,C,OK,2026-06-28 10:41:32,108,leitura,,,,
RES-F-TT,11.3801,C,OK,2026-06-28 10:41:32,108,leitura,,,,
,28.0,,,2026-06-28 10:41:32,108,atuador,BOMBA-Q,PRINCIPAL,,
,28.0,,,2026-06-28 10:41:32,108,atuador,BOMBA-F,PRINCIPAL,,
TQ-MIX-TT,11.3349,C,OK,2026-06-28 10:41:35,109,leitura,,,,
TQ-MIX-LT,77.968,%,OK,2026-06-28 10:41:35,109,leitura,,,,
TQ-MIX-PT,2.55936,BAR,OK,2026-06-28 10:41:35,109,leitura,,,,
RES-Q-TT,74.6602,C,OK,2026-06-28 10:41:35,109,leitura,,,,
RES-F-TT,11.3349,C,OK,2026-06-28 10:41:35,109,leitura,,,,
,28.0,,,2026-06-28 10:41:35,109,atuador,BOMBA-Q,PRINCIPAL,,
,40.0,,,2026-06-28 10:41:35,109,atuador,BOMBA-F,PRINCIPAL,,
TQ-MIX-TT,74.701,C,OK,2026-06-28 10:41:38,110,leitura,,,,
TQ-MIX-LT,77.824,%,OK,2026-06-28 10:41:38,110,leitura,,,,
TQ-MIX-PT,2.55648,BAR,OK,2026-06-28 10:41:38,110,leitura,,,,
RES-Q-TT,74.701,C,OK,2026-06-28 10:41:38,110,leitura,,,,
RES-F-TT,11.1865,C,OK,2026-06-28 10:41:38,110,leitura,,,,
,28.0,,,2026-06-28 10:41:38,110,atuador,BOMBA-Q,PRINCIPAL,,
,28.0,,,2026-06-28 10:41:38,110,atuador,BOMBA-F,PRINCIPAL,,
TQ-MIX-TT,11.3666,C,OK,2026-06-28 10:41:41,111,leitura,,,,
TQ-MIX-LT,77.704,%,OK,2026-06-28 10:41:41,111,leitura,,,,
TQ-MIX-PT,2.55408,BAR,OK,2026-06-28 10:41:41,111,leitura,,,,
RES-Q-TT,74.6438,C,OK,2026-06-28 10:41:41,111,leitura,,,,
RES-F-TT,11.3666,C,OK,2026-06-28 10:41:41,111,leitura,,,,
,28.0,,,2026-06-28 10:41:41,111,atuador,BOMBA-Q,PRINCIPAL,,
,40.0,,,2026-06-28 10:41:41,111,atuador,BOMBA-F,PRINCIPAL,,
TQ-MIX-TT,74.3755,C,OK,2026-06-28 10:41:44,112,leitura,,,,
TQ-MIX-LT,77.56,%,OK,2026-06-28 10:41:44,112,leitura,,,,
TQ-MIX-PT,2.5512,BAR,OK,2026-06-28 10:41:44,112,leitura,,,,
RES-Q-TT,74.3755,C,OK,2026-06-28 10:41:44,112,leitura,,,,
RES-F-TT,11.2747,C,OK,2026-06-28 10:41:44,112,leitura,,,,
,28.0,,,2026-06-28 10:41:44,112,atuador,BOMBA-Q,PRINCIPAL,,
,28.0,,,2026-06-28 10:41:44,112,atuador,BOMBA-F,PRINCIPAL,,
TQ-MIX-TT,11.3461,C,OK,2026-06-28 10:41:47,113,leitura,,,,
TQ-MIX-LT,77.44,%,OK,2026-06-28 10:41:47,113,leitura,,,,
TQ-MIX-PT,2.5488,BAR,OK,2026-06-28 10:41:47,113,leitura,,,,
RES-Q-TT,74.0984,C,OK,2026-06-28 10:41:47,113,leitura,,,,
RES-F-TT,11.3461,C,OK,2026-06-28 10:41:47,113,leitura,,,,
,28.0,,,2026-06-28 10:41:47,113,atuador,BOMBA-Q,PRINCIPAL,,
,40.0,,,2026-06-28 10:41:47,113,atuador,BOMBA-F,PRINCIPAL,,
TQ-MIX-TT,74.3847,C,OK,2026-06-28 10:41:50,114,leitura,,,,
TQ-MIX-LT,77.296,%,OK,2026-06-28 10:41:50,114,leitura,,,,
TQ-MIX-PT,2.54592,BAR,OK,2026-06-28 10:41:50,114,leitura,,,,
RES-Q-TT,74.3847,C,OK,2026-06-28 10:41:50,114,leitura,,,,
RES-F-TT,11.487,C,OK,2026-06-28 10:41:50,114,leitura,,,,
,28.0,,,2026-06-28 10:41:50,114,atuador,BOMBA-Q,PRINCIPAL,,
,28.0,,,2026-06-28 10:41:50,114,atuador,BOMBA-F,PRINCIPAL,,
TQ-MIX-TT,11.2761,C,OK,2026-06-28 10:41:53,115,leitura,,,,
TQ-MIX-LT,77.176,%,OK,2026-06-28 10:41:53,115,leitura,,,,
TQ-MIX-PT,2.54352,BAR,OK,2026-06-28 10:41:53,115,leitura,,,,
RES-Q-TT,74.2923,C,OK,2026-06-28 10:41:53,115,leitura,,,,
RES-F-TT,11.2761,C,OK,2026-06-28 10:41:53,115,leitura,,,,
,28.0,,,2026-06-28 10:41:53,115,atuador,BOMBA-Q,PRINCIPAL,,
,40.0,,,2026-06-28 10:41:53,115,atuador,BOMBA-F,PRINCIPAL,,
TQ-MIX-TT,74.4756,C,OK,2026-06-28 10:41:56,116,leitura,,,,
TQ-MIX-LT,77.032,%,OK,2026-06-28 10:41:56,116,leitura,,,,
TQ-MIX-PT,2.54064,BAR,OK,2026-06-28 10:41:56,116,leitura,,,,
RES-Q-TT,74.4756,C,OK,2026-06-28 10:41:56,116,leitura,,,,
RES-F-TT,11.0115,C,OK,2026-06-28 10:41:56,116,leitura,,,,
,28.0,,,2026-06-28 10:41:56,116,atuador,BOMBA-Q,PRINCIPAL,,
,28.0,,,2026-06-28 10:41:56,116,atuador,BOMBA-F,PRINCIPAL,,
TQ-MIX-TT,10.9951,C,OK,2026-06-28 10:41:59,117,leitura,,,,
TQ-MIX-LT,76.912,%,OK,2026-06-28 10:41:59,117,leitura,,,,
TQ-MIX-PT,2.53824,BAR,OK,2026-06-28 10:41:59,117,leitura,,,,
RES-Q-TT,74.2021,C,OK,2026-06-28 10:41:59,117,leitura,,,,
RES-F-TT,10.9951,C,OK,2026-06-28 10:41:59,117,leitura,,,,
,28.0,,,2026-06-28 10:41:59,117,atuador,BOMBA-Q,PRINCIPAL,,
,40.0,,,2026-06-28 10:41:59,117,atuador,BOMBA-F,PRINCIPAL,,
TQ-MIX-TT,73.9212,C,OK,2026-06-28 10:42:02,118,leitura,,,,
TQ-MIX-LT,76.768,%,OK,2026-06-28 10:42:02,118,leitura,,,,
TQ-MIX-PT,2.53536,BAR,OK,2026-06-28 10:42:02,118,leitura,,,,
RES-Q-TT,73.9212,C,OK,2026-06-28 10:42:02,118,leitura,,,,
RES-F-TT,10.7338,C,OK,2026-06-28 10:42:02,118,leitura,,,,
,28.0,,,2026-06-28 10:42:02,118,atuador,BOMBA-Q,PRINCIPAL,,
,28.0,,,2026-06-28 10:42:02,118,atuador,BOMBA-F,PRINCIPAL,,
TQ-MIX-TT,10.6022,C,OK,2026-06-28 10:42:05,119,leitura,,,,
TQ-MIX-LT,76.648,%,OK,2026-06-28 10:42:05,119,leitura,,,,
TQ-MIX-PT,2.53296,BAR,OK,2026-06-28 10:42:05,119,leitura,,,,
RES-Q-TT,73.9157,C,OK,2026-06-28 10:42:05,119,leitura,,,,
RES-F-TT,10.6022,C,OK,2026-06-28 10:42:05,119,leitura,,,,
,28.0,,,2026-06-28 10:42:05,119,atuador,BOMBA-Q,PRINCIPAL,,
,40.0,,,2026-06-28 10:42:05,119,atuador,BOMBA-F,PRINCIPAL,,
TQ-MIX-TT,73.9778,C,OK,2026-06-28 10:42:08,120,leitura,,,,
TQ-MIX-LT,76.504,%,OK,2026-06-28 10:42:08,120,leitura,,,,
TQ-MIX-PT,2.53008,BAR,OK,2026-06-28 10:42:08,120,leitura,,,,
RES-Q-TT,73.9778,C,OK,2026-06-28 10:42:08,120,leitura,,,,
RES-F-TT,10.7906,C,OK,2026-06-28 10:42:08,120,leitura,,,,
,28.0,,,2026-06-28 10:42:08,120,atuador,BOMBA-Q,PRINCIPAL,,
,28.0,,,2026-06-28 10:42:08,120,atuador,BOMBA-F,PRINCIPAL,,
TQ-MIX-TT,10.7223,C,OK,2026-06-28 10:42:11,121,leitura,,,,
TQ-MIX-LT,76.384,%,OK,2026-06-28 10:42:11,121,leitura,,,,
TQ-MIX-PT,2.52768,BAR,OK,2026-06-28 10:42:11,121,leitura,,,,
RES-Q-TT,73.8237,C,OK,2026-06-28 10:42:11,121,leitura,,,,
RES-F-TT,10.7223,C,OK,2026-06-28 10:42:11,121,leitura,,,,
,28.0,,,2026-06-28 10:42:11,121,atuador,BOMBA-Q,PRINCIPAL,,
,40.0,,,2026-06-28 10:42:11,121,atuador,BOMBA-F,PRINCIPAL,,
TQ-MIX-TT,74.12,C,OK,2026-06-28 10:42:14,122,leitura,,,,
TQ-MIX-LT,76.24,%,OK,2026-06-28 10:42:14,122,leitura,,,,
TQ-MIX-PT,2.5248,BAR,OK,2026-06-28 10:42:14,122,leitura,,,,
RES-Q-TT,74.12,C,OK,2026-06-28 10:42:14,122,leitura,,,,
RES-F-TT,10.827,C,OK,2026-06-28 10:42:14,122,leitura,,,,
,28.0,,,2026-06-28 10:42:14,122,atuador,BOMBA-Q,PRINCIPAL,,
,28.0,,,2026-06-28 10:42:14,122,atuador,BOMBA-F,PRINCIPAL,,
TQ-MIX-TT,10.6349,C,OK,2026-06-28 10:42:17,123,leitura,,,,
TQ-MIX-LT,76.12,%,OK,2026-06-28 10:42:17,123,leitura,,,,
TQ-MIX-PT,2.5224,BAR,OK,2026-06-28 10:42:17,123,leitura,,,,
RES-Q-TT,74.3751,C,OK,2026-06-28 10:42:17,123,leitura,,,,
RES-F-TT,10.6349,C,OK,2026-06-28 10:42:17,123,leitura,,,,
,28.0,,,2026-06-28 10:42:17,123,atuador,BOMBA-Q,PRINCIPAL,,
,40.0,,,2026-06-28 10:42:17,123,atuador,BOMBA-F,PRINCIPAL,,
TQ-MIX-TT,74.4478,C,OK,2026-06-28 10:42:20,124,leitura,,,,
TQ-MIX-LT,75.976,%,OK,2026-06-28 10:42:20,124,leitura,,,,
TQ-MIX-PT,2.51952,BAR,OK,2026-06-28 10:42:20,124,leitura,,,,
RES-Q-TT,74.4478,C,OK,2026-06-28 10:42:20,124,leitura,,,,
RES-F-TT,10.3607,C,OK,2026-06-28 10:42:20,124,leitura,,,,
,28.0,,,2026-06-28 10:42:20,124,atuador,BOMBA-Q,PRINCIPAL,,
,28.0,,,2026-06-28 10:42:20,124,atuador,BOMBA-F,PRINCIPAL,,
TQ-MIX-TT,10.1415,C,OK,2026-06-28 10:42:23,125,leitura,,,,
TQ-MIX-LT,75.856,%,OK,2026-06-28 10:42:23,125,leitura,,,,
TQ-MIX-PT,2.5171200000000002,BAR,OK,2026-06-28 10:42:23,125,leitura,,,,
RES-Q-TT,74.4082,C,OK,2026-06-28 10:42:23,125,leitura,,,,
RES-F-TT,10.1415,C,OK,2026-06-28 10:42:23,125,leitura,,,,
,28.0,,,2026-06-28 10:42:23,125,atuador,BOMBA-Q,PRINCIPAL,,
,40.0,,,2026-06-28 10:42:23,125,atuador,BOMBA-F,PRINCIPAL,,
TQ-MIX-TT,74.4255,C,OK,2026-06-28 10:42:26,126,leitura,,,,
TQ-MIX-LT,75.712,%,OK,2026-06-28 10:42:26,126,leitura,,,,
TQ-MIX-PT,2.51424,BAR,OK,2026-06-28 10:42:26,126,leitura,,,,
RES-Q-TT,74.4255,C,OK,2026-06-28 10:42:26,126,leitura,,,,
RES-F-TT,9.90374,C,OK,2026-06-28 10:42:26,126,leitura,,,,
,28.0,,,2026-06-28 10:42:26,126,atuador,BOMBA-Q,PRINCIPAL,,
,28.0,,,2026-06-28 10:42:26,126,atuador,BOMBA-F,PRINCIPAL,,
TQ-MIX-TT,10.0794,C,OK,2026-06-28 10:42:29,127,leitura,,,,
TQ-MIX-LT,75.592,%,OK,2026-06-28 10:42:29,127,leitura,,,,
TQ-MIX-PT,2.5118400000000003,BAR,OK,2026-06-28 10:42:29,127,leitura,,,,
RES-Q-TT,74.4664,C,OK,2026-06-28 10:42:29,127,leitura,,,,
RES-F-TT,10.0794,C,OK,2026-06-28 10:42:29,127,leitura,,,,
,28.0,,,2026-06-28 10:42:29,127,atuador,BOMBA-Q,PRINCIPAL,,
,40.0,,,2026-06-28 10:42:29,127,atuador,BOMBA-F,PRINCIPAL,,
TQ-MIX-TT,74.5668,C,OK,2026-06-28 10:42:32,128,leitura,,,,
TQ-MIX-LT,75.448,%,OK,2026-06-28 10:42:32,128,leitura,,,,
TQ-MIX-PT,2.50896,BAR,OK,2026-06-28 10:42:32,128,leitura,,,,
RES-Q-TT,74.5668,C,OK,2026-06-28 10:42:32,128,leitura,,,,
RES-F-TT,10.1229,C,OK,2026-06-28 10:42:32,128,leitura,,,,
,28.0,,,2026-06-28 10:42:32,128,atuador,BOMBA-Q,PRINCIPAL,,
,28.0,,,2026-06-28 10:42:32,128,atuador,BOMBA-F,PRINCIPAL,,
TQ-MIX-TT,10.0562,C,OK,2026-06-28 10:42:35,129,leitura,,,,
TQ-MIX-LT,75.328,%,OK,2026-06-28 10:42:35,129,leitura,,,,
TQ-MIX-PT,2.50656,BAR,OK,2026-06-28 10:42:35,129,leitura,,,,
RES-Q-TT,74.339,C,OK,2026-06-28 10:42:35,129,leitura,,,,
RES-F-TT,10.0562,C,OK,2026-06-28 10:42:35,129,leitura,,,,
,28.0,,,2026-06-28 10:42:35,129,atuador,BOMBA-Q,PRINCIPAL,,
,40.0,,,2026-06-28 10:42:35,129,atuador,BOMBA-F,PRINCIPAL,,
TQ-MIX-TT,74.60210000000001,C,OK,2026-06-28 10:42:38,130,leitura,,,,
TQ-MIX-LT,75.184,%,OK,2026-06-28 10:42:38,130,leitura,,,,
TQ-MIX-PT,2.50368,BAR,OK,2026-06-28 10:42:38,130,leitura,,,,
RES-Q-TT,74.60210000000001,C,OK,2026-06-28 10:42:38,130,leitura,,,,
RES-F-TT,9.9469,C,OK,2026-06-28 10:42:38,130,leitura,,,,
,28.0,,,2026-06-28 10:42:38,130,atuador,BOMBA-Q,PRINCIPAL,,
,28.0,,,2026-06-28 10:42:38,130,atuador,BOMBA-F,PRINCIPAL,,
TQ-MIX-TT,9.89087,C,OK,2026-06-28 10:42:41,131,leitura,,,,
TQ-MIX-LT,75.064,%,OK,2026-06-28 10:42:41,131,leitura,,,,
TQ-MIX-PT,2.50128,BAR,OK,2026-06-28 10:42:41,131,leitura,,,,
RES-Q-TT,74.9,C,OK,2026-06-28 10:42:41,131,leitura,,,,
RES-F-TT,9.89087,C,OK,2026-06-28 10:42:41,131,leitura,,,,
,28.0,,,2026-06-28 10:42:41,131,atuador,BOMBA-Q,PRINCIPAL,,
,40.0,,,2026-06-28 10:42:41,131,atuador,BOMBA-F,PRINCIPAL,,
TQ-MIX-TT,75.1818,C,OK,2026-06-28 10:42:44,132,leitura,,,,
TQ-MIX-LT,74.92,%,OK,2026-06-28 10:42:44,132,leitura,,,,
TQ-MIX-PT,2.4984,BAR,OK,2026-06-28 10:42:44,132,leitura,,,,
RES-Q-TT,75.1818,C,OK,2026-06-28 10:42:44,132,leitura,,,,
RES-F-TT,10.032,C,OK,2026-06-28 10:42:44,132,leitura,,,,
,28.0,,,2026-06-28 10:42:44,132,atuador,BOMBA-Q,PRINCIPAL,,
,28.0,,,2026-06-28 10:42:44,132,atuador,BOMBA-F,PRINCIPAL,,
TQ-MIX-TT,10.2204,C,OK,2026-06-28 10:42:47,133,leitura,,,,
TQ-MIX-LT,74.8,%,OK,2026-06-28 10:42:47,133,leitura,,,,
TQ-MIX-PT,2.496,BAR,OK,2026-06-28 10:42:47,133,leitura,,,,
RES-Q-TT,74.8175,C,OK,2026-06-28 10:42:47,133,leitura,,,,
RES-F-TT,10.2204,C,OK,2026-06-28 10:42:47,133,leitura,,,,
,28.0,,,2026-06-28 10:42:47,133,atuador,BOMBA-Q,PRINCIPAL,,
,40.0,,,2026-06-28 10:42:47,133,atuador,BOMBA-F,PRINCIPAL,,
TQ-MIX-TT,75.0829,C,OK,2026-06-28 10:42:50,134,leitura,,,,
TQ-MIX-LT,74.656,%,OK,2026-06-28 10:42:50,134,leitura,,,,
TQ-MIX-PT,2.4931200000000002,BAR,OK,2026-06-28 10:42:50,134,leitura,,,,
RES-Q-TT,75.0829,C,OK,2026-06-28 10:42:50,134,leitura,,,,
RES-F-TT,10.0062,C,OK,2026-06-28 10:42:50,134,leitura,,,,
,28.0,,,2026-06-28 10:42:50,134,atuador,BOMBA-Q,PRINCIPAL,,
,28.0,,,2026-06-28 10:42:50,134,atuador,BOMBA-F,PRINCIPAL,,
TQ-MIX-TT,10.2797,C,OK,2026-06-28 10:42:53,135,leitura,,,,
TQ-MIX-LT,74.536,%,OK,2026-06-28 10:42:53,135,leitura,,,,
TQ-MIX-PT,2.49072,BAR,OK,2026-06-28 10:42:53,135,leitura,,,,
RES-Q-TT,74.7753,C,OK,2026-06-28 10:42:53,135,leitura,,,,
RES-F-TT,10.2797,C,OK,2026-06-28 10:42:53,135,leitura,,,,
,28.0,,,2026-06-28 10:42:53,135,atuador,BOMBA-Q,PRINCIPAL,,
,40.0,,,2026-06-28 10:42:53,135,atuador,BOMBA-F,PRINCIPAL,,
TQ-MIX-TT,74.8026,C,OK,2026-06-28 10:42:56,136,leitura,,,,
TQ-MIX-LT,74.392,%,OK,2026-06-28 10:42:56,136,leitura,,,,
TQ-MIX-PT,2.4878400000000003,BAR,OK,2026-06-28 10:42:56,136,leitura,,,,
RES-Q-TT,74.8026,C,OK,2026-06-28 10:42:56,136,leitura,,,,
RES-F-TT,10.2276,C,OK,2026-06-28 10:42:56,136,leitura,,,,
,28.0,,,2026-06-28 10:42:56,136,atuador,BOMBA-Q,PRINCIPAL,,
,28.0,,,2026-06-28 10:42:56,136,atuador,BOMBA-F,PRINCIPAL,,
TQ-MIX-TT,10.0046,C,OK,2026-06-28 10:42:59,137,leitura,,,,
TQ-MIX-LT,74.272,%,OK,2026-06-28 10:42:59,137,leitura,,,,
TQ-MIX-PT,2.48544,BAR,OK,2026-06-28 10:42:59,137,leitura,,,,
RES-Q-TT,74.9538,C,OK,2026-06-28 10:42:59,137,leitura,,,,
RES-F-TT,10.0046,C,OK,2026-06-28 10:42:59,137,leitura,,,,
,28.0,,,2026-06-28 10:42:59,137,atuador,BOMBA-Q,PRINCIPAL,,
,40.0,,,2026-06-28 10:42:59,137,atuador,BOMBA-F,PRINCIPAL,,
TQ-MIX-TT,75.0273,C,OK,2026-06-28 10:43:02,138,leitura,,,,
TQ-MIX-LT,74.128,%,OK,2026-06-28 10:43:02,138,leitura,,,,
TQ-MIX-PT,2.48256,BAR,OK,2026-06-28 10:43:02,138,leitura,,,,
RES-Q-TT,75.0273,C,OK,2026-06-28 10:43:02,138,leitura,,,,
RES-F-TT,9.71637,C,OK,2026-06-28 10:43:02,138,leitura,,,,
,28.0,,,2026-06-28 10:43:02,138,atuador,BOMBA-Q,PRINCIPAL,,
,28.0,,,2026-06-28 10:43:02,138,atuador,BOMBA-F,PRINCIPAL,,
TQ-MIX-TT,10.0197,C,OK,2026-06-28 10:43:05,139,leitura,,,,
TQ-MIX-LT,74.008,%,OK,2026-06-28 10:43:05,139,leitura,,,,
TQ-MIX-PT,2.48016,BAR,OK,2026-06-28 10:43:05,139,leitura,,,,
RES-Q-TT,74.7594,C,OK,2026-06-28 10:43:05,139,leitura,,,,
RES-F-TT,10.0197,C,OK,2026-06-28 10:43:05,139,leitura,,,,
,28.0,,,2026-06-28 10:43:05,139,atuador,BOMBA-Q,PRINCIPAL,,
,40.0,,,2026-06-28 10:43:05,139,atuador,BOMBA-F,PRINCIPAL,,
TQ-MIX-TT,74.6086,C,OK,2026-06-28 10:43:08,140,leitura,,,,
TQ-MIX-LT,73.864,%,OK,2026-06-28 10:43:08,140,leitura,,,,
TQ-MIX-PT,2.47728,BAR,OK,2026-06-28 10:43:08,140,leitura,,,,
RES-Q-TT,74.6086,C,OK,2026-06-28 10:43:08,140,leitura,,,,
RES-F-TT,10.0257,C,OK,2026-06-28 10:43:08,140,leitura,,,,
,28.0,,,2026-06-28 10:43:08,140,atuador,BOMBA-Q,PRINCIPAL,,
,28.0,,,2026-06-28 10:43:08,140,atuador,BOMBA-F,PRINCIPAL,,
TQ-MIX-TT,9.80507,C,OK,2026-06-28 10:43:11,141,leitura,,,,
TQ-MIX-LT,73.744,%,OK,2026-06-28 10:43:11,141,leitura,,,,
TQ-MIX-PT,2.47488,BAR,OK,2026-06-28 10:43:11,141,leitura,,,,
RES-Q-TT,74.4238,C,OK,2026-06-28 10:43:11,141,leitura,,,,
RES-F-TT,9.80507,C,OK,2026-06-28 10:43:11,141,leitura,,,,
,28.0,,,2026-06-28 10:43:11,141,atuador,BOMBA-Q,PRINCIPAL,,
,40.0,,,2026-06-28 10:43:11,141,atuador,BOMBA-F,PRINCIPAL,,
TQ-MIX-TT,74.5418,C,OK,2026-06-28 10:43:14,142,leitura,,,,
TQ-MIX-LT,73.6,%,OK,2026-06-28 10:43:14,142,leitura,,,,
TQ-MIX-PT,2.472,BAR,OK,2026-06-28 10:43:14,142,leitura,,,,
RES-Q-TT,74.5418,C,OK,2026-06-28 10:43:14,142,leitura,,,,
RES-F-TT,10.0155,C,OK,2026-06-28 10:43:14,142,leitura,,,,
,28.0,,,2026-06-28 10:43:14,142,atuador,BOMBA-Q,PRINCIPAL,,
,28.0,,,2026-06-28 10:43:14,142,atuador,BOMBA-F,PRINCIPAL,,
TQ-MIX-TT,9.72502,C,OK,2026-06-28 10:43:17,143,leitura,,,,
TQ-MIX-LT,73.48,%,OK,2026-06-28 10:43:17,143,leitura,,,,
TQ-MIX-PT,2.4696,BAR,OK,2026-06-28 10:43:17,143,leitura,,,,
RES-Q-TT,74.8028,C,OK,2026-06-28 10:43:17,143,leitura,,,,
RES-F-TT,9.72502,C,OK,2026-06-28 10:43:17,143,leitura,,,,
,28.0,,,2026-06-28 10:43:17,143,atuador,BOMBA-Q,PRINCIPAL,,
,40.0,,,2026-06-28 10:43:17,143,atuador,BOMBA-F,PRINCIPAL,,
TQ-MIX-TT,74.9375,C,OK,2026-06-28 10:43:20,144,leitura,,,,
TQ-MIX-LT,73.336,%,OK,2026-06-28 10:43:20,144,leitura,,,,
TQ-MIX-PT,2.46672,BAR,OK,2026-06-28 10:43:20,144,leitura,,,,
RES-Q-TT,74.9375,C,OK,2026-06-28 10:43:20,144,leitura,,,,
RES-F-TT,10.2866,C,OK,2026-06-28 10:43:20,144,leitura,,,,
,28.0,,,2026-06-28 10:43:20,144,atuador,BOMBA-Q,PRINCIPAL,,
,28.0,,,2026-06-28 10:43:20,144,atuador,BOMBA-F,PRINCIPAL,,
TQ-MIX-TT,10.3526,C,OK,2026-06-28 10:43:23,145,leitura,,,,
TQ-MIX-LT,73.216,%,OK,2026-06-28 10:43:23,145,leitura,,,,
TQ-MIX-PT,2.46432,BAR,OK,2026-06-28 10:43:23,145,leitura,,,,
RES-Q-TT,74.699,C,OK,2026-06-28 10:43:23,145,leitura,,,,
RES-F-TT,10.3526,C,OK,2026-06-28 10:43:23,145,leitura,,,,
,28.0,,,2026-06-28 10:43:23,145,atuador,BOMBA-Q,PRINCIPAL,,
,40.0,,,2026-06-28 10:43:23,145,atuador,BOMBA-F,PRINCIPAL,,
TQ-MIX-TT,74.9954,C,OK,2026-06-28 10:43:26,146,leitura,,,,
TQ-MIX-LT,73.072,%,OK,2026-06-28 10:43:26,146,leitura,,,,
TQ-MIX-PT,2.46144,BAR,OK,2026-06-28 10:43:26,146,leitura,,,,
RES-Q-TT,74.9954,C,OK,2026-06-28 10:43:26,146,leitura,,,,
RES-F-TT,10.3473,C,OK,2026-06-28 10:43:26,146,leitura,,,,
,28.0,,,2026-06-28 10:43:26,146,atuador,BOMBA-Q,PRINCIPAL,,
,28.0,,,2026-06-28 10:43:26,146,atuador,BOMBA-F,PRINCIPAL,,
TQ-MIX-TT,10.4479,C,OK,2026-06-28 10:43:29,147,leitura,,,,
TQ-MIX-LT,72.952,%,OK,2026-06-28 10:43:29,147,leitura,,,,
TQ-MIX-PT,2.45904,BAR,OK,2026-06-28 10:43:29,147,leitura,,,,
RES-Q-TT,74.8531,C,OK,2026-06-28 10:43:29,147,leitura,,,,
RES-F-TT,10.4479,C,OK,2026-06-28 10:43:29,147,leitura,,,,
,28.0,,,2026-06-28 10:43:29,147,atuador,BOMBA-Q,PRINCIPAL,,
,40.0,,,2026-06-28 10:43:29,147,atuador,BOMBA-F,PRINCIPAL,,
TQ-MIX-TT,74.7215,C,OK,2026-06-28 10:43:32,148,leitura,,,,
TQ-MIX-LT,72.808,%,OK,2026-06-28 10:43:32,148,leitura,,,,
TQ-MIX-PT,2.45616,BAR,OK,2026-06-28 10:43:32,148,leitura,,,,
RES-Q-TT,74.7215,C,OK,2026-06-28 10:43:32,148,leitura,,,,
RES-F-TT,10.464,C,OK,2026-06-28 10:43:32,148,leitura,,,,
,28.0,,,2026-06-28 10:43:32,148,atuador,BOMBA-Q,PRINCIPAL,,
,28.0,,,2026-06-28 10:43:32,148,atuador,BOMBA-F,PRINCIPAL,,
TQ-MIX-TT,10.3141,C,OK,2026-06-28 10:43:35,149,leitura,,,,
TQ-MIX-LT,72.688,%,OK,2026-06-28 10:43:35,149,leitura,,,,
TQ-MIX-PT,2.45376,BAR,OK,2026-06-28 10:43:35,149,leitura,,,,
RES-Q-TT,74.6027,C,OK,2026-06-28 10:43:35,149,leitura,,,,
RES-F-TT,10.3141,C,OK,2026-06-28 10:43:35,149,leitura,,,,
,28.0,,,2026-06-28 10:43:35,149,atuador,BOMBA-Q,PRINCIPAL,,
,40.0,,,2026-06-28 10:43:35,149,atuador,BOMBA-F,PRINCIPAL,,
TQ-MIX-TT,74.7319,C,OK,2026-06-28 10:43:38,150,leitura,,,,
TQ-MIX-LT,72.544,%,OK,2026-06-28 10:43:38,150,leitura,,,,
TQ-MIX-PT,2.45088,BAR,OK,2026-06-28 10:43:38,150,leitura,,,,
RES-Q-TT,74.7319,C,OK,2026-06-28 10:43:38,150,leitura,,,,
RES-F-TT,10.2523,C,OK,2026-06-28 10:43:38,150,leitura,,,,
,28.0,,,2026-06-28 10:43:38,150,atuador,BOMBA-Q,PRINCIPAL,,
,28.0,,,2026-06-28 10:43:38,150,atuador,BOMBA-F,PRINCIPAL,,
TQ-MIX-TT,10.0228,C,OK,2026-06-28 10:43:41,151,leitura,,,,
TQ-MIX-LT,72.424,%,OK,2026-06-28 10:43:41,151,leitura,,,,
TQ-MIX-PT,2.44848,BAR,OK,2026-06-28 10:43:41,151,leitura,,,,
RES-Q-TT,74.7043,C,OK,2026-06-28 10:43:41,151,leitura,,,,
RES-F-TT,10.0228,C,OK,2026-06-28 10:43:41,151,leitura,,,,
,28.0,,,2026-06-28 10:43:41,151,atuador,BOMBA-Q,PRINCIPAL,,
,40.0,,,2026-06-28 10:43:41,151,atuador,BOMBA-F,PRINCIPAL,,
TQ-MIX-TT,74.945,C,OK,2026-06-28 10:43:44,152,leitura,,,,
TQ-MIX-LT,72.28,%,OK,2026-06-28 10:43:44,152,leitura,,,,
TQ-MIX-PT,2.4455999999999998,BAR,OK,2026-06-28 10:43:44,152,leitura,,,,
RES-Q-TT,74.945,C,OK,2026-06-28 10:43:44,152,leitura,,,,
RES-F-TT,9.79584,C,OK,2026-06-28 10:43:44,152,leitura,,,,
,28.0,,,2026-06-28 10:43:44,152,atuador,BOMBA-Q,PRINCIPAL,,
,28.0,,,2026-06-28 10:43:44,152,atuador,BOMBA-F,PRINCIPAL,,
TQ-MIX-TT,9.90061,C,OK,2026-06-28 10:43:47,153,leitura,,,,
TQ-MIX-LT,72.16,%,OK,2026-06-28 10:43:47,153,leitura,,,,
TQ-MIX-PT,2.4432,BAR,OK,2026-06-28 10:43:47,153,leitura,,,,
RES-Q-TT,74.7115,C,OK,2026-06-28 10:43:47,153,leitura,,,,
RES-F-TT,9.90061,C,OK,2026-06-28 10:43:47,153,leitura,,,,
,28.0,,,2026-06-28 10:43:47,153,atuador,BOMBA-Q,PRINCIPAL,,
,40.0,,,2026-06-28 10:43:47,153,atuador,BOMBA-F,PRINCIPAL,,
TQ-MIX-TT,74.625,C,OK,2026-06-28 10:43:50,154,leitura,,,,
TQ-MIX-LT,72.016,%,OK,2026-06-28 10:43:50,154,leitura,,,,
TQ-MIX-PT,2.44032,BAR,OK,2026-06-28 10:43:50,154,leitura,,,,
RES-Q-TT,74.625,C,OK,2026-06-28 10:43:50,154,leitura,,,,
RES-F-TT,10.2299,C,OK,2026-06-28 10:43:50,154,leitura,,,,
,28.0,,,2026-06-28 10:43:50,154,atuador,BOMBA-Q,PRINCIPAL,,
,28.0,,,2026-06-28 10:43:50,154,atuador,BOMBA-F,PRINCIPAL,,
TQ-MIX-TT,10.3537,C,OK,2026-06-28 10:43:53,155,leitura,,,,
TQ-MIX-LT,71.896,%,OK,2026-06-28 10:43:53,155,leitura,,,,
TQ-MIX-PT,2.43792,BAR,OK,2026-06-28 10:43:53,155,leitura,,,,
RES-Q-TT,74.6388,C,OK,2026-06-28 10:43:53,155,leitura,,,,
RES-F-TT,10.3537,C,OK,2026-06-28 10:43:53,155,leitura,,,,
,28.0,,,2026-06-28 10:43:53,155,atuador,BOMBA-Q,PRINCIPAL,,
,40.0,,,2026-06-28 10:43:53,155,atuador,BOMBA-F,PRINCIPAL,,
TQ-MIX-TT,74.352,C,OK,2026-06-28 10:43:56,156,leitura,,,,
TQ-MIX-LT,71.752,%,OK,2026-06-28 10:43:56,156,leitura,,,,
TQ-MIX-PT,2.43504,BAR,OK,2026-06-28 10:43:56,156,leitura,,,,
RES-Q-TT,74.352,C,OK,2026-06-28 10:43:56,156,leitura,,,,
RES-F-TT,10.4719,C,OK,2026-06-28 10:43:56,156,leitura,,,,
,28.0,,,2026-06-28 10:43:56,156,atuador,BOMBA-Q,PRINCIPAL,,
,28.0,,,2026-06-28 10:43:56,156,atuador,BOMBA-F,PRINCIPAL,,
TQ-MIX-TT,10.4218,C,OK,2026-06-28 10:43:59,157,leitura,,,,
TQ-MIX-LT,71.632,%,OK,2026-06-28 10:43:59,157,leitura,,,,
TQ-MIX-PT,2.43264,BAR,OK,2026-06-28 10:43:59,157,leitura,,,,
RES-Q-TT,74.4259,C,OK,2026-06-28 10:43:59,157,leitura,,,,
RES-F-TT,10.4218,C,OK,2026-06-28 10:43:59,157,leitura,,,,
,28.0,,,2026-06-28 10:43:59,157,atuador,BOMBA-Q,PRINCIPAL,,
,40.0,,,2026-06-28 10:43:59,157,atuador,BOMBA-F,PRINCIPAL,,
TQ-MIX-TT,74.2492,C,OK,2026-06-28 10:44:02,158,leitura,,,,
TQ-MIX-LT,71.488,%,OK,2026-06-28 10:44:02,158,leitura,,,,
TQ-MIX-PT,2.42976,BAR,OK,2026-06-28 10:44:02,158,leitura,,,,
RES-Q-TT,74.2492,C,OK,2026-06-28 10:44:02,158,leitura,,,,
RES-F-TT,10.2106,C,OK,2026-06-28 10:44:02,158,leitura,,,,
,28.0,,,2026-06-28 10:44:02,158,atuador,BOMBA-Q,PRINCIPAL,,
,28.0,,,2026-06-28 10:44:02,158,atuador,BOMBA-F,PRINCIPAL,,
TQ-MIX-TT,10.3751,C,OK,2026-06-28 10:44:05,159,leitura,,,,
TQ-MIX-LT,71.368,%,OK,2026-06-28 10:44:05,159,leitura,,,,
TQ-MIX-PT,2.42736,BAR,OK,2026-06-28 10:44:05,159,leitura,,,,
RES-Q-TT,74.4618,C,OK,2026-06-28 10:44:05,159,leitura,,,,
RES-F-TT,10.3751,C,OK,2026-06-28 10:44:05,159,leitura,,,,
,28.0,,,2026-06-28 10:44:05,159,atuador,BOMBA-Q,PRINCIPAL,,
,40.0,,,2026-06-28 10:44:05,159,atuador,BOMBA-F,PRINCIPAL,,
TQ-MIX-TT,74.4083,C,OK,2026-06-28 10:44:08,160,leitura,,,,
TQ-MIX-LT,71.224,%,OK,2026-06-28 10:44:08,160,leitura,,,,
TQ-MIX-PT,2.42448,BAR,OK,2026-06-28 10:44:08,160,leitura,,,,
RES-Q-TT,74.4083,C,OK,2026-06-28 10:44:08,160,leitura,,,,
RES-F-TT,10.4514,C,OK,2026-06-28 10:44:08,160,leitura,,,,
,28.0,,,2026-06-28 10:44:08,160,atuador,BOMBA-Q,PRINCIPAL,,
,28.0,,,2026-06-28 10:44:08,160,atuador,BOMBA-F,PRINCIPAL,,
TQ-MIX-TT,10.7188,C,OK,2026-06-28 10:44:11,161,leitura,,,,
TQ-MIX-LT,71.104,%,OK,2026-06-28 10:44:11,161,leitura,,,,
TQ-MIX-PT,2.4220800000000002,BAR,OK,2026-06-28 10:44:11,161,leitura,,,,
RES-Q-TT,74.4362,C,OK,2026-06-28 10:44:11,161,leitura,,,,
RES-F-TT,10.7188,C,OK,2026-06-28 10:44:11,161,leitura,,,,
,28.0,,,2026-06-28 10:44:11,161,atuador,BOMBA-Q,PRINCIPAL,,
,40.0,,,2026-06-28 10:44:11,161,atuador,BOMBA-F,PRINCIPAL,,
TQ-MIX-TT,74.3914,C,OK,2026-06-28 10:44:14,162,leitura,,,,
TQ-MIX-LT,70.96,%,OK,2026-06-28 10:44:14,162,leitura,,,,
TQ-MIX-PT,2.4192,BAR,OK,2026-06-28 10:44:14,162,leitura,,,,
RES-Q-TT,74.3914,C,OK,2026-06-28 10:44:14,162,leitura,,,,
RES-F-TT,10.5515,C,OK,2026-06-28 10:44:14,162,leitura,,,,
,28.0,,,2026-06-28 10:44:14,162,atuador,BOMBA-Q,PRINCIPAL,,
,28.0,,,2026-06-28 10:44:14,162,atuador,BOMBA-F,PRINCIPAL,,
TQ-MIX-TT,61.8188,C,OK,2026-06-28 10:44:17,163,leitura,,,,
TQ-MIX-LT,71.08,%,OK,2026-06-28 10:44:17,163,leitura,,,,
TQ-MIX-PT,2.4216,BAR,OK,2026-06-28 10:44:17,163,leitura,,,,
RES-Q-TT,74.382,C,OK,2026-06-28 10:44:17,163,leitura,,,,
RES-F-TT,10.48,C,OK,2026-06-28 10:44:17,163,leitura,,,,
,8.0,,,2026-06-28 10:44:17,163,atuador,BOMBA-Q,PRINCIPAL,,
,28.0,,,2026-06-28 10:44:17,163,atuador,BOMBA-F,PRINCIPAL,,
TQ-MIX-TT,40.1299,C,OK,2026-06-28 10:44:20,164,leitura,,,,
TQ-MIX-LT,71.3973,%,OK,2026-06-28 10:44:20,164,leitura,,,,
TQ-MIX-PT,2.42795,BAR,OK,2026-06-28 10:44:20,164,leitura,,,,
RES-Q-TT,74.4215,C,OK,2026-06-28 10:44:20,164,leitura,,,,
RES-F-TT,10.1968,C,OK,2026-06-28 10:44:20,164,leitura,,,,
,28.0,,,2026-06-28 10:44:20,164,atuador,BOMBA-Q,PRINCIPAL,,
,28.0,,,2026-06-28 10:44:20,164,atuador,BOMBA-F,PRINCIPAL,,
TQ-MIX-TT,61.97,C,OK,2026-06-28 10:44:23,165,leitura,,,,
TQ-MIX-LT,72.3173,%,OK,2026-06-28 10:44:23,165,leitura,,,,
TQ-MIX-PT,2.44635,BAR,OK,2026-06-28 10:44:23,165,leitura,,,,
RES-Q-TT,74.5885,C,OK,2026-06-28 10:44:23,165,leitura,,,,
RES-F-TT,10.4045,C,OK,2026-06-28 10:44:23,165,leitura,,,,
,28.0,,,2026-06-28 10:44:23,165,atuador,BOMBA-Q,PRINCIPAL,,
,28.0,,,2026-06-28 10:44:23,165,atuador,BOMBA-F,PRINCIPAL,,
TQ-MIX-TT,58.6659,C,OK,2026-06-28 10:44:26,166,leitura,,,,
TQ-MIX-LT,73.2373,%,OK,2026-06-28 10:44:26,166,leitura,,,,
TQ-MIX-PT,2.46475,BAR,OK,2026-06-28 10:44:26,166,leitura,,,,
RES-Q-TT,74.3711,C,OK,2026-06-28 10:44:26,166,leitura,,,,
RES-F-TT,10.6844,C,OK,2026-06-28 10:44:26,166,leitura,,,,
,28.0,,,2026-06-28 10:44:26,166,atuador,BOMBA-Q,PRINCIPAL,,
,28.0,,,2026-06-28 10:44:26,166,atuador,BOMBA-F,PRINCIPAL,,
TQ-MIX-TT,61.6469,C,OK,2026-06-28 10:44:29,167,leitura,,,,
TQ-MIX-LT,74.1573,%,OK,2026-06-28 10:44:29,167,leitura,,,,
TQ-MIX-PT,2.48315,BAR,OK,2026-06-28 10:44:29,167,leitura,,,,
RES-Q-TT,74.1881,C,OK,2026-06-28 10:44:29,167,leitura,,,,
RES-F-TT,10.3978,C,OK,2026-06-28 10:44:29,167,leitura,,,,
,28.0,,,2026-06-28 10:44:29,167,atuador,BOMBA-Q,PRINCIPAL,,
,28.0,,,2026-06-28 10:44:29,167,atuador,BOMBA-F,PRINCIPAL,,
TQ-MIX-TT,58.3682,C,OK,2026-06-28 10:44:32,168,leitura,,,,
TQ-MIX-LT,75.0773,%,OK,2026-06-28 10:44:32,168,leitura,,,,
TQ-MIX-PT,2.50155,BAR,OK,2026-06-28 10:44:32,168,leitura,,,,
RES-Q-TT,74.0775,C,OK,2026-06-28 10:44:32,168,leitura,,,,
RES-F-TT,10.3741,C,OK,2026-06-28 10:44:32,168,leitura,,,,
,28.0,,,2026-06-28 10:44:32,168,atuador,BOMBA-Q,PRINCIPAL,,
,28.0,,,2026-06-28 10:44:32,168,atuador,BOMBA-F,PRINCIPAL,,
TQ-MIX-TT,61.4632,C,OK,2026-06-28 10:44:35,169,leitura,,,,
TQ-MIX-LT,75.9973,%,OK,2026-06-28 10:44:35,169,leitura,,,,
TQ-MIX-PT,2.51995,BAR,OK,2026-06-28 10:44:35,169,leitura,,,,
RES-Q-TT,73.9773,C,OK,2026-06-28 10:44:35,169,leitura,,,,
RES-F-TT,10.3245,C,OK,2026-06-28 10:44:35,169,leitura,,,,
,28.0,,,2026-06-28 10:44:35,169,atuador,BOMBA-Q,PRINCIPAL,,
,28.0,,,2026-06-28 10:44:35,169,atuador,BOMBA-F,PRINCIPAL,,
TQ-MIX-TT,58.2594,C,OK,2026-06-28 10:44:38,170,leitura,,,,
TQ-MIX-LT,76.9173,%,OK,2026-06-28 10:44:38,170,leitura,,,,
TQ-MIX-PT,2.53835,BAR,OK,2026-06-28 10:44:38,170,leitura,,,,
RES-Q-TT,73.912,C,OK,2026-06-28 10:44:38,170,leitura,,,,
RES-F-TT,10.4382,C,OK,2026-06-28 10:44:38,170,leitura,,,,
,28.0,,,2026-06-28 10:44:38,170,atuador,BOMBA-Q,PRINCIPAL,,
,28.0,,,2026-06-28 10:44:38,170,atuador,BOMBA-F,PRINCIPAL,,
TQ-MIX-TT,61.5086,C,OK,2026-06-28 10:44:41,171,leitura,,,,
TQ-MIX-LT,77.8373,%,OK,2026-06-28 10:44:41,171,leitura,,,,
TQ-MIX-PT,2.55675,BAR,OK,2026-06-28 10:44:41,171,leitura,,,,
RES-Q-TT,73.9962,C,OK,2026-06-28 10:44:41,171,leitura,,,,
RES-F-TT,10.4785,C,OK,2026-06-28 10:44:41,171,leitura,,,,
,28.0,,,2026-06-28 10:44:41,171,atuador,BOMBA-Q,PRINCIPAL,,
,28.0,,,2026-06-28 10:44:41,171,atuador,BOMBA-F,PRINCIPAL,,
TQ-MIX-TT,58.5367,C,OK,2026-06-28 10:44:44,172,leitura,,,,
TQ-MIX-LT,78.7573,%,OK,2026-06-28 10:44:44,172,leitura,,,,
TQ-MIX-PT,2.57515,BAR,OK,2026-06-28 10:44:44,172,leitura,,,,
RES-Q-TT,74.2951,C,OK,2026-06-28 10:44:44,172,leitura,,,,
RES-F-TT,10.3922,C,OK,2026-06-28 10:44:44,172,leitura,,,,
,28.0,,,2026-06-28 10:44:44,172,atuador,BOMBA-Q,PRINCIPAL,,
,28.0,,,2026-06-28 10:44:44,172,atuador,BOMBA-F,PRINCIPAL,,
TQ-MIX-TT,61.8139,C,OK,2026-06-28 10:44:47,173,leitura,,,,
TQ-MIX-LT,79.6773,%,OK,2026-06-28 10:44:47,173,leitura,,,,
TQ-MIX-PT,2.59355,BAR,OK,2026-06-28 10:44:47,173,leitura,,,,
RES-Q-TT,74.4408,C,OK,2026-06-28 10:44:47,173,leitura,,,,
RES-F-TT,10.2143,C,OK,2026-06-28 10:44:47,173,leitura,,,,
,28.0,,,2026-06-28 10:44:47,173,atuador,BOMBA-Q,PRINCIPAL,,
,28.0,,,2026-06-28 10:44:47,173,atuador,BOMBA-F,PRINCIPAL,,
TQ-MIX-TT,58.4566,C,OK,2026-06-28 10:44:50,174,leitura,,,,
TQ-MIX-LT,80.5973,%,OK,2026-06-28 10:44:50,174,leitura,,,,
TQ-MIX-PT,2.61195,BAR,OK,2026-06-28 10:44:50,174,leitura,,,,
RES-Q-TT,74.1646,C,OK,2026-06-28 10:44:50,174,leitura,,,,
RES-F-TT,10.4664,C,OK,2026-06-28 10:44:50,174,leitura,,,,
,28.0,,,2026-06-28 10:44:50,174,atuador,BOMBA-Q,PRINCIPAL,,
,28.0,,,2026-06-28 10:44:50,174,atuador,BOMBA-F,PRINCIPAL,,
TQ-MIX-TT,61.3966,C,OK,2026-06-28 10:44:53,175,leitura,,,,
TQ-MIX-LT,81.5173,%,OK,2026-06-28 10:44:53,175,leitura,,,,
TQ-MIX-PT,2.63035,BAR,OK,2026-06-28 10:44:53,175,leitura,,,,
RES-Q-TT,73.8857,C,OK,2026-06-28 10:44:53,175,leitura,,,,
RES-F-TT,10.3602,C,OK,2026-06-28 10:44:53,175,leitura,,,,
,28.0,,,2026-06-28 10:44:53,175,atuador,BOMBA-Q,PRINCIPAL,,
,28.0,,,2026-06-28 10:44:53,175,atuador,BOMBA-F,PRINCIPAL,,
TQ-MIX-TT,58.1731,C,OK,2026-06-28 10:44:56,176,leitura,,,,
TQ-MIX-LT,82.4373,%,OK,2026-06-28 10:44:56,176,leitura,,,,
TQ-MIX-PT,2.64875,BAR,OK,2026-06-28 10:44:56,176,leitura,,,,
RES-Q-TT,73.8214,C,OK,2026-06-28 10:44:56,176,leitura,,,,
RES-F-TT,10.3651,C,OK,2026-06-28 10:44:56,176,leitura,,,,
,28.0,,,2026-06-28 10:44:56,176,atuador,BOMBA-Q,PRINCIPAL,,
,28.0,,,2026-06-28 10:44:56,176,atuador,BOMBA-F,PRINCIPAL,,
TQ-MIX-TT,61.0722,C,ALARME,2026-06-28 10:44:59,177,leitura,,,,
TQ-MIX-LT,83.3573,%,ALARME,2026-06-28 10:44:59,177,leitura,,,,
TQ-MIX-PT,2.66715,BAR,OK,2026-06-28 10:44:59,177,leitura,,,,
RES-Q-TT,73.5387,C,OK,2026-06-28 10:44:59,177,leitura,,,,
RES-F-TT,10.1284,C,OK,2026-06-28 10:44:59,177,leitura,,,,
,28.0,,,2026-06-28 10:44:59,177,atuador,BOMBA-Q,PRINCIPAL,,
,28.0,,,2026-06-28 10:44:59,177,atuador,BOMBA-F,PRINCIPAL,,
,,,,2026-06-28 10:44:59,177,alarme,,,NIVEL_ALTO,media
TQ-MIX-TT,63.3318,C,ALARME,2026-06-28 10:45:02,178,leitura,,,,
TQ-MIX-LT,84.1653,%,ALARME,2026-06-28 10:45:02,178,leitura,,,,
TQ-MIX-PT,2.68331,BAR,OK,2026-06-28 10:45:02,178,leitura,,,,
RES-Q-TT,73.6699,C,OK,2026-06-28 10:45:02,178,leitura,,,,
RES-F-TT,10.2029,C,OK,2026-06-28 10:45:02,178,leitura,,,,
,28.0,,,2026-06-28 10:45:02,178,atuador,BOMBA-Q,PRINCIPAL,,
,28.0,,,2026-06-28 10:45:02,178,atuador,BOMBA-F,PRINCIPAL,,
,,,,2026-06-28 10:45:02,178,alarme,,,NIVEL_ALTO,media
TQ-MIX-TT,62.1871,C,ALARME,2026-06-28 10:45:05,179,leitura,,,,
TQ-MIX-LT,84.8613,%,ALARME,2026-06-28 10:45:05,179,leitura,,,,
TQ-MIX-PT,2.6972300000000002,BAR,OK,2026-06-28 10:45:05,179,leitura,,,,
RES-Q-TT,73.885,C,OK,2026-06-28 10:45:05,179,leitura,,,,
RES-F-TT,10.0496,C,OK,2026-06-28 10:45:05,179,leitura,,,,
,28.0,,,2026-06-28 10:45:05,179,atuador,BOMBA-Q,PRINCIPAL,,
,28.0,,,2026-06-28 10:45:05,179,atuador,BOMBA-F,PRINCIPAL,,
,,,,2026-06-28 10:45:05,179,alarme,,,NIVEL_ALTO,media
TQ-MIX-TT,60.375,C,ALARME,2026-06-28 10:45:08,180,leitura,,,,
TQ-MIX-LT,85.4453,%,ALARME,2026-06-28 10:45:08,180,leitura,,,,
TQ-MIX-PT,2.70891,BAR,OK,2026-06-28 10:45:08,180,leitura,,,,
RES-Q-TT,73.744,C,OK,2026-06-28 10:45:08,180,leitura,,,,
RES-F-TT,9.908290000000001,C,OK,2026-06-28 10:45:08,180,leitura,,,,
,28.0,,,2026-06-28 10:45:08,180,atuador,BOMBA-Q,PRINCIPAL,,
,28.0,,,2026-06-28 10:45:08,180,atuador,BOMBA-F,PRINCIPAL,,
,,,,2026-06-28 10:45:08,180,alarme,,,NIVEL_ALTO,media
TQ-MIX-TT,63.5841,C,ALARME,2026-06-28 10:45:11,181,leitura,,,,
TQ-MIX-LT,85.9173,%,ALARME,2026-06-28 10:45:11,181,leitura,,,,
TQ-MIX-PT,2.71835,BAR,OK,2026-06-28 10:45:11,181,leitura,,,,
RES-Q-TT,73.8509,C,OK,2026-06-28 10:45:11,181,leitura,,,,
RES-F-TT,10.0821,C,OK,2026-06-28 10:45:11,181,leitura,,,,
,28.0,,,2026-06-28 10:45:11,181,atuador,BOMBA-Q,PRINCIPAL,,
,28.0,,,2026-06-28 10:45:11,181,atuador,BOMBA-F,PRINCIPAL,,
,,,,2026-06-28 10:45:11,181,alarme,,,NIVEL_ALTO,media
TQ-MIX-TT,61.7124,C,ALARME,2026-06-28 10:45:14,182,leitura,,,,
TQ-MIX-LT,86.2773,%,ALARME,2026-06-28 10:45:14,182,leitura,,,,
TQ-MIX-PT,2.72555,BAR,OK,2026-06-28 10:45:14,182,leitura,,,,
RES-Q-TT,74.1266,C,OK,2026-06-28 10:45:14,182,leitura,,,,
RES-F-TT,9.87076,C,OK,2026-06-28 10:45:14,182,leitura,,,,
,28.0,,,2026-06-28 10:45:14,182,atuador,BOMBA-Q,PRINCIPAL,,
,28.0,,,2026-06-28 10:45:14,182,atuador,BOMBA-F,PRINCIPAL,,
,,,,2026-06-28 10:45:14,182,alarme,,,NIVEL_ALTO,media
TQ-MIX-TT,58.4624,C,ALARME,2026-06-28 10:45:17,183,leitura,,,,
TQ-MIX-LT,86.5253,%,ALARME,2026-06-28 10:45:17,183,leitura,,,,
TQ-MIX-PT,2.73051,BAR,OK,2026-06-28 10:45:17,183,leitura,,,,
RES-Q-TT,73.8916,C,OK,2026-06-28 10:45:17,183,leitura,,,,
RES-F-TT,10.0028,C,OK,2026-06-28 10:45:17,183,leitura,,,,
,28.0,,,2026-06-28 10:45:17,183,atuador,BOMBA-Q,PRINCIPAL,,
,28.0,,,2026-06-28 10:45:17,183,atuador,BOMBA-F,PRINCIPAL,,
,,,,2026-06-28 10:45:17,183,alarme,,,NIVEL_ALTO,media
TQ-MIX-TT,74.1329,C,ALARME,2026-06-28 10:45:20,184,leitura,,,,
TQ-MIX-LT,86.6651,%,ALARME,2026-06-28 10:45:20,184,leitura,,,,
TQ-MIX-PT,2.7333,BAR,OK,2026-06-28 10:45:20,184,leitura,,,,
RES-Q-TT,74.1329,C,OK,2026-06-28 10:45:20,184,leitura,,,,
RES-F-TT,10.0975,C,OK,2026-06-28 10:45:20,184,leitura,,,,
,28.0,,,2026-06-28 10:45:20,184,atuador,BOMBA-Q,PRINCIPAL,,
,28.0,,,2026-06-28 10:45:20,184,atuador,BOMBA-F,PRINCIPAL,,
,,,,2026-06-28 10:45:20,184,alarme,,,NIVEL_ALTO,media
TQ-MIX-TT,61.3987,C,ALARME,2026-06-28 10:45:23,185,leitura,,,,
TQ-MIX-LT,86.7489,%,ALARME,2026-06-28 10:45:23,185,leitura,,,,
TQ-MIX-PT,2.73498,BAR,OK,2026-06-28 10:45:23,185,leitura,,,,
RES-Q-TT,74.0223,C,OK,2026-06-28 10:45:23,185,leitura,,,,
RES-F-TT,10.0459,C,OK,2026-06-28 10:45:23,185,leitura,,,,
,28.0,,,2026-06-28 10:45:23,185,atuador,BOMBA-Q,PRINCIPAL,,
,28.0,,,2026-06-28 10:45:23,185,atuador,BOMBA-F,PRINCIPAL,,
,,,,2026-06-28 10:45:23,185,alarme,,,NIVEL_ALTO,media
TQ-MIX-TT,53.081,C,ALARME,2026-06-28 10:45:26,186,leitura,,,,
TQ-MIX-LT,86.7207,%,ALARME,2026-06-28 10:45:26,186,leitura,,,,
TQ-MIX-PT,2.73441,BAR,OK,2026-06-28 10:45:26,186,leitura,,,,
RES-Q-TT,74.0146,C,OK,2026-06-28 10:45:26,186,leitura,,,,
RES-F-TT,9.79029,C,OK,2026-06-28 10:45:26,186,leitura,,,,
,28.0,,,2026-06-28 10:45:26,186,atuador,BOMBA-Q,PRINCIPAL,,
,28.0,,,2026-06-28 10:45:26,186,atuador,BOMBA-F,PRINCIPAL,,
,,,,2026-06-28 10:45:26,186,alarme,,,NIVEL_ALTO,media
TQ-MIX-TT,73.9643,C,ALARME,2026-06-28 10:45:29,187,leitura,,,,
TQ-MIX-LT,86.6365,%,ALARME,2026-06-28 10:45:29,187,leitura,,,,
TQ-MIX-PT,2.73273,BAR,OK,2026-06-28 10:45:29,187,leitura,,,,
RES-Q-TT,73.9643,C,OK,2026-06-28 10:45:29,187,leitura,,,,
RES-F-TT,10.1521,C,OK,2026-06-28 10:45:29,187,leitura,,,,
,28.0,,,2026-06-28 10:45:29,187,atuador,BOMBA-Q,PRINCIPAL,,
,28.0,,,2026-06-28 10:45:29,187,atuador,BOMBA-F,PRINCIPAL,,
,,,,2026-06-28 10:45:29,187,alarme,,,NIVEL_ALTO,media
TQ-MIX-TT,14.0193,C,ALARME,2026-06-28 10:45:32,188,leitura,,,,
TQ-MIX-LT,86.4963,%,ALARME,2026-06-28 10:45:32,188,leitura,,,,
TQ-MIX-PT,2.72993,BAR,OK,2026-06-28 10:45:32,188,leitura,,,,
RES-Q-TT,73.6687,C,OK,2026-06-28 10:45:32,188,leitura,,,,
RES-F-TT,9.9631,C,OK,2026-06-28 10:45:32,188,leitura,,,,
,28.0,,,2026-06-28 10:45:32,188,atuador,BOMBA-Q,PRINCIPAL,,
,28.0,,,2026-06-28 10:45:32,188,atuador,BOMBA-F,PRINCIPAL,,
,,,,2026-06-28 10:45:32,188,alarme,,,NIVEL_ALTO,media
TQ-MIX-TT,73.968,C,ALARME,2026-06-28 10:45:35,189,leitura,,,,
TQ-MIX-LT,86.3523,%,ALARME,2026-06-28 10:45:35,189,leitura,,,,
TQ-MIX-PT,2.72705,BAR,OK,2026-06-28 10:45:35,189,leitura,,,,
RES-Q-TT,73.968,C,OK,2026-06-28 10:45:35,189,leitura,,,,
RES-F-TT,10.1888,C,OK,2026-06-28 10:45:35,189,leitura,,,,
,28.0,,,2026-06-28 10:45:35,189,atuador,BOMBA-Q,PRINCIPAL,,
,28.0,,,2026-06-28 10:45:35,189,atuador,BOMBA-F,PRINCIPAL,,
,,,,2026-06-28 10:45:35,189,alarme,,,NIVEL_ALTO,media
TQ-MIX-TT,10.2461,C,ALARME,2026-06-28 10:45:38,190,leitura,,,,
TQ-MIX-LT,86.2083,%,ALARME,2026-06-28 10:45:38,190,leitura,,,,
TQ-MIX-PT,2.72417,BAR,OK,2026-06-28 10:45:38,190,leitura,,,,
RES-Q-TT,74.0285,C,OK,2026-06-28 10:45:38,190,leitura,,,,
RES-F-TT,10.2461,C,OK,2026-06-28 10:45:38,190,leitura,,,,
,28.0,,,2026-06-28 10:45:38,190,atuador,BOMBA-Q,PRINCIPAL,,
,28.0,,,2026-06-28 10:45:38,190,atuador,BOMBA-F,PRINCIPAL,,
,,,,2026-06-28 10:45:38,190,alarme,,,NIVEL_ALTO,media
TQ-MIX-TT,74.1602,C,ALARME,2026-06-28 10:45:41,191,leitura,,,,
TQ-MIX-LT,86.0643,%,ALARME,2026-06-28 10:45:41,191,leitura,,,,
TQ-MIX-PT,2.72129,BAR,OK,2026-06-28 10:45:41,191,leitura,,,,
RES-Q-TT,74.1602,C,OK,2026-06-28 10:45:41,191,leitura,,,,
RES-F-TT,10.0132,C,OK,2026-06-28 10:45:41,191,leitura,,,,
,28.0,,,2026-06-28 10:45:41,191,atuador,BOMBA-Q,PRINCIPAL,,
,28.0,,,2026-06-28 10:45:41,191,atuador,BOMBA-F,PRINCIPAL,,
,,,,2026-06-28 10:45:41,191,alarme,,,NIVEL_ALTO,media
TQ-MIX-TT,10.0327,C,ALARME,2026-06-28 10:45:44,192,leitura,,,,
TQ-MIX-LT,85.9203,%,ALARME,2026-06-28 10:45:44,192,leitura,,,,
TQ-MIX-PT,2.71841,BAR,OK,2026-06-28 10:45:44,192,leitura,,,,
RES-Q-TT,73.9775,C,OK,2026-06-28 10:45:44,192,leitura,,,,
RES-F-TT,10.0327,C,OK,2026-06-28 10:45:44,192,leitura,,,,
,28.0,,,2026-06-28 10:45:44,192,atuador,BOMBA-Q,PRINCIPAL,,
,28.0,,,2026-06-28 10:45:44,192,atuador,BOMBA-F,PRINCIPAL,,
,,,,2026-06-28 10:45:44,192,alarme,,,NIVEL_ALTO,media
TQ-MIX-TT,73.7079,C,ALARME,2026-06-28 10:45:47,193,leitura,,,,
TQ-MIX-LT,85.7763,%,ALARME,2026-06-28 10:45:47,193,leitura,,,,
TQ-MIX-PT,2.71553,BAR,OK,2026-06-28 10:45:47,193,leitura,,,,
RES-Q-TT,73.7079,C,OK,2026-06-28 10:45:47,193,leitura,,,,
RES-F-TT,10.2749,C,OK,2026-06-28 10:45:47,193,leitura,,,,
,28.0,,,2026-06-28 10:45:47,193,atuador,BOMBA-Q,PRINCIPAL,,
,28.0,,,2026-06-28 10:45:47,193,atuador,BOMBA-F,PRINCIPAL,,
,,,,2026-06-28 10:45:47,193,alarme,,,NIVEL_ALTO,media
TQ-MIX-TT,10.3425,C,ALARME,2026-06-28 10:45:50,194,leitura,,,,
TQ-MIX-LT,85.6323,%,ALARME,2026-06-28 10:45:50,194,leitura,,,,
TQ-MIX-PT,2.71265,BAR,OK,2026-06-28 10:45:50,194,leitura,,,,
RES-Q-TT,73.8436,C,OK,2026-06-28 10:45:50,194,leitura,,,,
RES-F-TT,10.3425,C,OK,2026-06-28 10:45:50,194,leitura,,,,
,28.0,,,2026-06-28 10:45:50,194,atuador,BOMBA-Q,PRINCIPAL,,
,28.0,,,2026-06-28 10:45:50,194,atuador,BOMBA-F,PRINCIPAL,,
,,,,2026-06-28 10:45:50,194,alarme,,,NIVEL_ALTO,media
TQ-MIX-TT,73.9069,C,ALARME,2026-06-28 10:45:53,195,leitura,,,,
TQ-MIX-LT,85.4883,%,ALARME,2026-06-28 10:45:53,195,leitura,,,,
TQ-MIX-PT,2.70977,BAR,OK,2026-06-28 10:45:53,195,leitura,,,,
RES-Q-TT,73.9069,C,OK,2026-06-28 10:45:53,195,leitura,,,,
RES-F-TT,10.5934,C,OK,2026-06-28 10:45:53,195,leitura,,,,
,28.0,,,2026-06-28 10:45:53,195,atuador,BOMBA-Q,PRINCIPAL,,
,28.0,,,2026-06-28 10:45:53,195,atuador,BOMBA-F,PRINCIPAL,,
,,,,2026-06-28 10:45:53,195,alarme,,,NIVEL_ALTO,media
TQ-MIX-TT,10.7973,C,ALARME,2026-06-28 10:45:56,196,leitura,,,,
TQ-MIX-LT,85.3443,%,ALARME,2026-06-28 10:45:56,196,leitura,,,,
TQ-MIX-PT,2.70689,BAR,OK,2026-06-28 10:45:56,196,leitura,,,,
RES-Q-TT,73.6344,C,OK,2026-06-28 10:45:56,196,leitura,,,,
RES-F-TT,10.7973,C,OK,2026-06-28 10:45:56,196,leitura,,,,
,28.0,,,2026-06-28 10:45:56,196,atuador,BOMBA-Q,PRINCIPAL,,
,28.0,,,2026-06-28 10:45:56,196,atuador,BOMBA-F,PRINCIPAL,,
,,,,2026-06-28 10:45:56,196,alarme,,,NIVEL_ALTO,media
TQ-MIX-TT,73.8619,C,ALARME,2026-06-28 10:45:59,197,leitura,,,,
TQ-MIX-LT,85.2003,%,ALARME,2026-06-28 10:45:59,197,leitura,,,,
TQ-MIX-PT,2.7040100000000002,BAR,OK,2026-06-28 10:45:59,197,leitura,,,,
RES-Q-TT,73.8619,C,OK,2026-06-28 10:45:59,197,leitura,,,,
RES-F-TT,10.8591,C,OK,2026-06-28 10:45:59,197,leitura,,,,
,28.0,,,2026-06-28 10:45:59,197,atuador,BOMBA-Q,PRINCIPAL,,
,28.0,,,2026-06-28 10:45:59,197,atuador,BOMBA-F,PRINCIPAL,,
,,,,2026-06-28 10:45:59,197,alarme,,,NIVEL_ALTO,media
TQ-MIX-TT,10.862,C,ALARME,2026-06-28 10:46:02,198,leitura,,,,
TQ-MIX-LT,85.0563,%,ALARME,2026-06-28 10:46:02,198,leitura,,,,
TQ-MIX-PT,2.70113,BAR,OK,2026-06-28 10:46:02,198,leitura,,,,
RES-Q-TT,73.7824,C,OK,2026-06-28 10:46:02,198,leitura,,,,
RES-F-TT,10.862,C,OK,2026-06-28 10:46:02,198,leitura,,,,
,28.0,,,2026-06-28 10:46:02,198,atuador,BOMBA-Q,PRINCIPAL,,
,28.0,,,2026-06-28 10:46:02,198,atuador,BOMBA-F,PRINCIPAL,,
,,,,2026-06-28 10:46:02,198,alarme,,,NIVEL_ALTO,media
TQ-MIX-TT,74.0374,C,ALARME,2026-06-28 10:46:05,199,leitura,,,,
TQ-MIX-LT,84.9123,%,ALARME,2026-06-28 10:46:05,199,leitura,,,,
TQ-MIX-PT,2.69825,BAR,OK,2026-06-28 10:46:05,199,leitura,,,,
RES-Q-TT,74.0374,C,OK,2026-06-28 10:46:05,199,leitura,,,,
RES-F-TT,10.9492,C,OK,2026-06-28 10:46:05,199,leitura,,,,
,28.0,,,2026-06-28 10:46:05,199,atuador,BOMBA-Q,PRINCIPAL,,
,28.0,,,2026-06-28 10:46:05,199,atuador,BOMBA-F,PRINCIPAL,,
,,,,2026-06-28 10:46:05,199,alarme,,,NIVEL_ALTO,media
TQ-MIX-TT,10.967,C,ALARME,2026-06-28 10:46:08,200,leitura,,,,
TQ-MIX-LT,84.7683,%,ALARME,2026-06-28 10:46:08,200,leitura,,,,
TQ-MIX-PT,2.69537,BAR,OK,2026-06-28 10:46:08,200,leitura,,,,
RES-Q-TT,74.3214,C,OK,2026-06-28 10:46:08,200,leitura,,,,
RES-F-TT,10.967,C,OK,2026-06-28 10:46:08,200,leitura,,,,
,28.0,,,2026-06-28 10:46:08,200,atuador,BOMBA-Q,PRINCIPAL,,
,28.0,,,2026-06-28 10:46:08,200,atuador,BOMBA-F,PRINCIPAL,,
,,,,2026-06-28 10:46:08,200,alarme,,,NIVEL_ALTO,media
TQ-MIX-TT,74.3851,C,ALARME,2026-06-28 10:46:11,201,leitura,,,,
TQ-MIX-LT,84.6243,%,ALARME,2026-06-28 10:46:11,201,leitura,,,,
TQ-MIX-PT,2.6924900000000003,BAR,OK,2026-06-28 10:46:11,201,leitura,,,,
RES-Q-TT,74.3851,C,OK,2026-06-28 10:46:11,201,leitura,,,,
RES-F-TT,11.0712,C,OK,2026-06-28 10:46:11,201,leitura,,,,
,28.0,,,2026-06-28 10:46:11,201,atuador,BOMBA-Q,PRINCIPAL,,
,28.0,,,2026-06-28 10:46:11,201,atuador,BOMBA-F,PRINCIPAL,,
,,,,2026-06-28 10:46:11,201,alarme,,,NIVEL_ALTO,media
TQ-MIX-TT,11.1468,C,ALARME,2026-06-28 10:46:14,202,leitura,,,,
TQ-MIX-LT,84.4803,%,ALARME,2026-06-28 10:46:14,202,leitura,,,,
TQ-MIX-PT,2.68961,BAR,OK,2026-06-28 10:46:14,202,leitura,,,,
RES-Q-TT,74.3532,C,OK,2026-06-28 10:46:14,202,leitura,,,,
RES-F-TT,11.1468,C,OK,2026-06-28 10:46:14,202,leitura,,,,
,28.0,,,2026-06-28 10:46:14,202,atuador,BOMBA-Q,PRINCIPAL,,
,28.0,,,2026-06-28 10:46:14,202,atuador,BOMBA-F,PRINCIPAL,,
,,,,2026-06-28 10:46:14,202,alarme,,,NIVEL_ALTO,media
TQ-MIX-TT,74.5198,C,ALARME,2026-06-28 10:46:17,203,leitura,,,,
TQ-MIX-LT,84.3363,%,ALARME,2026-06-28 10:46:17,203,leitura,,,,
TQ-MIX-PT,2.68673,BAR,OK,2026-06-28 10:46:17,203,leitura,,,,
RES-Q-TT,74.5198,C,OK,2026-06-28 10:46:17,203,leitura,,,,
RES-F-TT,11.1286,C,OK,2026-06-28 10:46:17,203,leitura,,,,
,28.0,,,2026-06-28 10:46:17,203,atuador,BOMBA-Q,PRINCIPAL,,
,28.0,,,2026-06-28 10:46:17,203,atuador,BOMBA-F,PRINCIPAL,,
,,,,2026-06-28 10:46:17,203,alarme,,,NIVEL_ALTO,media
TQ-MIX-TT,11.0121,C,ALARME,2026-06-28 10:46:20,204,leitura,,,,
TQ-MIX-LT,84.1923,%,ALARME,2026-06-28 10:46:20,204,leitura,,,,
TQ-MIX-PT,2.68385,BAR,OK,2026-06-28 10:46:20,204,leitura,,,,
RES-Q-TT,74.7637,C,OK,2026-06-28 10:46:20,204,leitura,,,,
RES-F-TT,11.0121,C,OK,2026-06-28 10:46:20,204,leitura,,,,
,28.0,,,2026-06-28 10:46:20,204,atuador,BOMBA-Q,PRINCIPAL,,
,28.0,,,2026-06-28 10:46:20,204,atuador,BOMBA-F,PRINCIPAL,,
,,,,2026-06-28 10:46:20,204,alarme,,,NIVEL_ALTO,media
TQ-MIX-TT,75.0064,C,ALARME,2026-06-28 10:46:23,205,leitura,,,,
TQ-MIX-LT,84.0483,%,ALARME,2026-06-28 10:46:23,205,leitura,,,,
TQ-MIX-PT,2.6809700000000003,BAR,OK,2026-06-28 10:46:23,205,leitura,,,,
RES-Q-TT,75.0064,C,OK,2026-06-28 10:46:23,205,leitura,,,,
RES-F-TT,10.8935,C,OK,2026-06-28 10:46:23,205,leitura,,,,
,28.0,,,2026-06-28 10:46:23,205,atuador,BOMBA-Q,PRINCIPAL,,
,28.0,,,2026-06-28 10:46:23,205,atuador,BOMBA-F,PRINCIPAL,,
,,,,2026-06-28 10:46:23,205,alarme,,,NIVEL_ALTO,media
TQ-MIX-TT,10.6132,C,ALARME,2026-06-28 10:46:26,206,leitura,,,,
TQ-MIX-LT,83.9043,%,ALARME,2026-06-28 10:46:26,206,leitura,,,,
TQ-MIX-PT,2.67809,BAR,OK,2026-06-28 10:46:26,206,leitura,,,,
RES-Q-TT,75.1202,C,OK,2026-06-28 10:46:26,206,leitura,,,,
RES-F-TT,10.6132,C,OK,2026-06-28 10:46:26,206,leitura,,,,
,28.0,,,2026-06-28 10:46:26,206,atuador,BOMBA-Q,PRINCIPAL,,
,28.0,,,2026-06-28 10:46:26,206,atuador,BOMBA-F,PRINCIPAL,,
,,,,2026-06-28 10:46:26,206,alarme,,,NIVEL_ALTO,media
TQ-MIX-TT,74.7792,C,ALARME,2026-06-28 10:46:29,207,leitura,,,,
TQ-MIX-LT,83.7603,%,ALARME,2026-06-28 10:46:29,207,leitura,,,,
TQ-MIX-PT,2.67521,BAR,OK,2026-06-28 10:46:29,207,leitura,,,,
RES-Q-TT,74.7792,C,OK,2026-06-28 10:46:29,207,leitura,,,,
RES-F-TT,10.3381,C,OK,2026-06-28 10:46:29,207,leitura,,,,
,28.0,,,2026-06-28 10:46:29,207,atuador,BOMBA-Q,PRINCIPAL,,
,28.0,,,2026-06-28 10:46:29,207,atuador,BOMBA-F,PRINCIPAL,,
,,,,2026-06-28 10:46:29,207,alarme,,,NIVEL_ALTO,media
TQ-MIX-TT,10.4251,C,ALARME,2026-06-28 10:46:32,208,leitura,,,,
TQ-MIX-LT,83.6163,%,ALARME,2026-06-28 10:46:32,208,leitura,,,,
TQ-MIX-PT,2.67233,BAR,OK,2026-06-28 10:46:32,208,leitura,,,,
RES-Q-TT,74.5222,C,OK,2026-06-28 10:46:32,208,leitura,,,,
RES-F-TT,10.4251,C,OK,2026-06-28 10:46:32,208,leitura,,,,
,28.0,,,2026-06-28 10:46:32,208,atuador,BOMBA-Q,PRINCIPAL,,
,28.0,,,2026-06-28 10:46:32,208,atuador,BOMBA-F,PRINCIPAL,,
,,,,2026-06-28 10:46:32,208,alarme,,,NIVEL_ALTO,media
TQ-MIX-TT,74.4032,C,ALARME,2026-06-28 10:46:35,209,leitura,,,,
TQ-MIX-LT,83.4723,%,ALARME,2026-06-28 10:46:35,209,leitura,,,,
TQ-MIX-PT,2.6694500000000003,BAR,OK,2026-06-28 10:46:35,209,leitura,,,,
RES-Q-TT,74.4032,C,OK,2026-06-28 10:46:35,209,leitura,,,,
RES-F-TT,10.4378,C,OK,2026-06-28 10:46:35,209,leitura,,,,
,28.0,,,2026-06-28 10:46:35,209,atuador,BOMBA-Q,PRINCIPAL,,
,28.0,,,2026-06-28 10:46:35,209,atuador,BOMBA-F,PRINCIPAL,,
,,,,2026-06-28 10:46:35,209,alarme,,,NIVEL_ALTO,media
TQ-MIX-TT,10.5728,C,ALARME,2026-06-28 10:46:38,210,leitura,,,,
TQ-MIX-LT,83.3283,%,ALARME,2026-06-28 10:46:38,210,leitura,,,,
TQ-MIX-PT,2.66657,BAR,OK,2026-06-28 10:46:38,210,leitura,,,,
RES-Q-TT,74.1103,C,OK,2026-06-28 10:46:38,210,leitura,,,,
RES-F-TT,10.5728,C,OK,2026-06-28 10:46:38,210,leitura,,,,
,28.0,,,2026-06-28 10:46:38,210,atuador,BOMBA-Q,PRINCIPAL,,
,28.0,,,2026-06-28 10:46:38,210,atuador,BOMBA-F,PRINCIPAL,,
,,,,2026-06-28 10:46:38,210,alarme,,,NIVEL_ALTO,media
TQ-MIX-TT,73.9584,C,ALARME,2026-06-28 10:46:41,211,leitura,,,,
TQ-MIX-LT,83.1843,%,ALARME,2026-06-28 10:46:41,211,leitura,,,,
TQ-MIX-PT,2.66369,BAR,OK,2026-06-28 10:46:41,211,leitura,,,,
RES-Q-TT,73.9584,C,OK,2026-06-28 10:46:41,211,leitura,,,,
RES-F-TT,10.4962,C,OK,2026-06-28 10:46:41,211,leitura,,,,
,28.0,,,2026-06-28 10:46:41,211,atuador,BOMBA-Q,PRINCIPAL,,
,28.0,,,2026-06-28 10:46:41,211,atuador,BOMBA-F,PRINCIPAL,,
,,,,2026-06-28 10:46:41,211,alarme,,,NIVEL_ALTO,media
TQ-MIX-TT,10.4686,C,ALARME,2026-06-28 10:46:44,212,leitura,,,,
TQ-MIX-LT,83.0403,%,ALARME,2026-06-28 10:46:44,212,leitura,,,,
TQ-MIX-PT,2.66081,BAR,OK,2026-06-28 10:46:44,212,leitura,,,,
RES-Q-TT,73.8984,C,OK,2026-06-28 10:46:44,212,leitura,,,,
RES-F-TT,10.4686,C,OK,2026-06-28 10:46:44,212,leitura,,,,
,28.0,,,2026-06-28 10:46:44,212,atuador,BOMBA-Q,PRINCIPAL,,
,28.0,,,2026-06-28 10:46:44,212,atuador,BOMBA-F,PRINCIPAL,,
,,,,2026-06-28 10:46:44,212,alarme,,,NIVEL_ALTO,media
TQ-MIX-TT,73.6107,C,ALARME,2026-06-28 10:46:47,213,leitura,,,,
TQ-MIX-LT,82.8963,%,ALARME,2026-06-28 10:46:47,213,leitura,,,,
TQ-MIX-PT,2.65793,BAR,OK,2026-06-28 10:46:47,213,leitura,,,,
RES-Q-TT,73.6107,C,OK,2026-06-28 10:46:47,213,leitura,,,,
RES-F-TT,10.6956,C,OK,2026-06-28 10:46:47,213,leitura,,,,
,28.0,,,2026-06-28 10:46:47,213,atuador,BOMBA-Q,PRINCIPAL,,
,28.0,,,2026-06-28 10:46:47,213,atuador,BOMBA-F,PRINCIPAL,,
,,,,2026-06-28 10:46:47,213,alarme,,,NIVEL_ALTO,media
TQ-MIX-TT,10.7842,C,ALARME,2026-06-28 10:46:50,214,leitura,,,,
TQ-MIX-LT,82.7523,%,ALARME,2026-06-28 10:46:50,214,leitura,,,,
TQ-MIX-PT,2.65505,BAR,OK,2026-06-28 10:46:50,214,leitura,,,,
RES-Q-TT,73.8657,C,OK,2026-06-28 10:46:50,214,leitura,,,,
RES-F-TT,10.7842,C,OK,2026-06-28 10:46:50,214,leitura,,,,
,28.0,,,2026-06-28 10:46:50,214,atuador,BOMBA-Q,PRINCIPAL,,
,28.0,,,2026-06-28 10:46:50,214,atuador,BOMBA-F,PRINCIPAL,,
,,,,2026-06-28 10:46:50,214,alarme,,,NIVEL_ALTO,media
TQ-MIX-TT,73.9675,C,ALARME,2026-06-28 10:46:53,215,leitura,,,,
TQ-MIX-LT,82.6083,%,ALARME,2026-06-28 10:46:53,215,leitura,,,,
TQ-MIX-PT,2.65217,BAR,OK,2026-06-28 10:46:53,215,leitura,,,,
RES-Q-TT,73.9675,C,OK,2026-06-28 10:46:53,215,leitura,,,,
RES-F-TT,10.9526,C,OK,2026-06-28 10:46:53,215,leitura,,,,
,28.0,,,2026-06-28 10:46:53,215,atuador,BOMBA-Q,PRINCIPAL,,
,28.0,,,2026-06-28 10:46:53,215,atuador,BOMBA-F,PRINCIPAL,,
,,,,2026-06-28 10:46:53,215,alarme,,,NIVEL_ALTO,media
TQ-MIX-TT,10.9223,C,OK,2026-06-28 10:46:56,216,leitura,,,,
TQ-MIX-LT,82.4643,%,OK,2026-06-28 10:46:56,216,leitura,,,,
TQ-MIX-PT,2.64929,BAR,OK,2026-06-28 10:46:56,216,leitura,,,,
RES-Q-TT,74.0996,C,OK,2026-06-28 10:46:56,216,leitura,,,,
RES-F-TT,10.9223,C,OK,2026-06-28 10:46:56,216,leitura,,,,
,28.0,,,2026-06-28 10:46:56,216,atuador,BOMBA-Q,PRINCIPAL,,
,28.0,,,2026-06-28 10:46:56,216,atuador,BOMBA-F,PRINCIPAL,,
TQ-MIX-TT,74.2011,C,OK,2026-06-28 10:46:59,217,leitura,,,,
TQ-MIX-LT,82.3203,%,OK,2026-06-28 10:46:59,217,leitura,,,,
TQ-MIX-PT,2.64641,BAR,OK,2026-06-28 10:46:59,217,leitura,,,,
RES-Q-TT,74.2011,C,OK,2026-06-28 10:46:59,217,leitura,,,,
RES-F-TT,10.6358,C,OK,2026-06-28 10:46:59,217,leitura,,,,
,28.0,,,2026-06-28 10:46:59,217,atuador,BOMBA-Q,PRINCIPAL,,
,28.0,,,2026-06-28 10:46:59,217,atuador,BOMBA-F,PRINCIPAL,,
TQ-MIX-TT,10.9032,C,OK,2026-06-28 10:47:02,218,leitura,,,,
TQ-MIX-LT,82.1763,%,OK,2026-06-28 10:47:02,218,leitura,,,,
TQ-MIX-PT,2.64353,BAR,OK,2026-06-28 10:47:02,218,leitura,,,,
RES-Q-TT,74.2524,C,OK,2026-06-28 10:47:02,218,leitura,,,,
RES-F-TT,10.9032,C,OK,2026-06-28 10:47:02,218,leitura,,,,
,28.0,,,2026-06-28 10:47:02,218,atuador,BOMBA-Q,PRINCIPAL,,
,28.0,,,2026-06-28 10:47:02,218,atuador,BOMBA-F,PRINCIPAL,,
TQ-MIX-TT,74.1628,C,OK,2026-06-28 10:47:05,219,leitura,,,,
TQ-MIX-LT,82.0323,%,OK,2026-06-28 10:47:05,219,leitura,,,,
TQ-MIX-PT,2.64065,BAR,OK,2026-06-28 10:47:05,219,leitura,,,,
RES-Q-TT,74.1628,C,OK,2026-06-28 10:47:05,219,leitura,,,,
RES-F-TT,10.832699999999999,C,OK,2026-06-28 10:47:05,219,leitura,,,,
,28.0,,,2026-06-28 10:47:05,219,atuador,BOMBA-Q,PRINCIPAL,,
,28.0,,,2026-06-28 10:47:05,219,atuador,BOMBA-F,PRINCIPAL,,
TQ-MIX-TT,11.1052,C,OK,2026-06-28 10:47:08,220,leitura,,,,
TQ-MIX-LT,81.8883,%,OK,2026-06-28 10:47:08,220,leitura,,,,
TQ-MIX-PT,2.63777,BAR,OK,2026-06-28 10:47:08,220,leitura,,,,
RES-Q-TT,74.1818,C,OK,2026-06-28 10:47:08,220,leitura,,,,
RES-F-TT,11.1052,C,OK,2026-06-28 10:47:08,220,leitura,,,,
,28.0,,,2026-06-28 10:47:08,220,atuador,BOMBA-Q,PRINCIPAL,,
,28.0,,,2026-06-28 10:47:08,220,atuador,BOMBA-F,PRINCIPAL,,
TQ-MIX-TT,74.3789,C,OK,2026-06-28 10:47:11,221,leitura,,,,
TQ-MIX-LT,81.7443,%,OK,2026-06-28 10:47:11,221,leitura,,,,
TQ-MIX-PT,2.63489,BAR,OK,2026-06-28 10:47:11,221,leitura,,,,
RES-Q-TT,74.3789,C,OK,2026-06-28 10:47:11,221,leitura,,,,
RES-F-TT,11.3097,C,OK,2026-06-28 10:47:11,221,leitura,,,,
,28.0,,,2026-06-28 10:47:11,221,atuador,BOMBA-Q,PRINCIPAL,,
,28.0,,,2026-06-28 10:47:11,221,atuador,BOMBA-F,PRINCIPAL,,
TQ-MIX-TT,11.486,C,OK,2026-06-28 10:47:14,222,leitura,,,,
TQ-MIX-LT,81.6003,%,OK,2026-06-28 10:47:14,222,leitura,,,,
TQ-MIX-PT,2.63201,BAR,OK,2026-06-28 10:47:14,222,leitura,,,,
RES-Q-TT,74.3573,C,OK,2026-06-28 10:47:14,222,leitura,,,,
RES-F-TT,11.486,C,OK,2026-06-28 10:47:14,222,leitura,,,,
,28.0,,,2026-06-28 10:47:14,222,atuador,BOMBA-Q,PRINCIPAL,,
,28.0,,,2026-06-28 10:47:14,222,atuador,BOMBA-F,PRINCIPAL,,
TQ-MIX-TT,74.4442,C,OK,2026-06-28 10:47:17,223,leitura,,,,
TQ-MIX-LT,81.4563,%,OK,2026-06-28 10:47:17,223,leitura,,,,
TQ-MIX-PT,2.62913,BAR,OK,2026-06-28 10:47:17,223,leitura,,,,
RES-Q-TT,74.4442,C,OK,2026-06-28 10:47:17,223,leitura,,,,
RES-F-TT,11.7856,C,OK,2026-06-28 10:47:17,223,leitura,,,,
,28.0,,,2026-06-28 10:47:17,223,atuador,BOMBA-Q,PRINCIPAL,,
,28.0,,,2026-06-28 10:47:17,223,atuador,BOMBA-F,PRINCIPAL,,
TQ-MIX-TT,11.6861,C,OK,2026-06-28 10:47:20,224,leitura,,,,
TQ-MIX-LT,81.3123,%,OK,2026-06-28 10:47:20,224,leitura,,,,
TQ-MIX-PT,2.62625,BAR,OK,2026-06-28 10:47:20,224,leitura,,,,
RES-Q-TT,74.5632,C,OK,2026-06-28 10:47:20,224,leitura,,,,
RES-F-TT,11.6861,C,OK,2026-06-28 10:47:20,224,leitura,,,,
,28.0,,,2026-06-28 10:47:20,224,atuador,BOMBA-Q,PRINCIPAL,,
,28.0,,,2026-06-28 10:47:20,224,atuador,BOMBA-F,PRINCIPAL,,
TQ-MIX-TT,74.6641,C,OK,2026-06-28 10:47:23,225,leitura,,,,
TQ-MIX-LT,81.1683,%,OK,2026-06-28 10:47:23,225,leitura,,,,
TQ-MIX-PT,2.62337,BAR,OK,2026-06-28 10:47:23,225,leitura,,,,
RES-Q-TT,74.6641,C,OK,2026-06-28 10:47:23,225,leitura,,,,
RES-F-TT,11.914,C,OK,2026-06-28 10:47:23,225,leitura,,,,
,28.0,,,2026-06-28 10:47:23,225,atuador,BOMBA-Q,PRINCIPAL,,
,28.0,,,2026-06-28 10:47:23,225,atuador,BOMBA-F,PRINCIPAL,,
TQ-MIX-TT,11.9063,C,OK,2026-06-28 10:47:26,226,leitura,,,,
TQ-MIX-LT,81.0243,%,OK,2026-06-28 10:47:26,226,leitura,,,,
TQ-MIX-PT,2.62049,BAR,OK,2026-06-28 10:47:26,226,leitura,,,,
RES-Q-TT,74.5852,C,OK,2026-06-28 10:47:26,226,leitura,,,,
RES-F-TT,11.9063,C,OK,2026-06-28 10:47:26,226,leitura,,,,
,28.0,,,2026-06-28 10:47:26,226,atuador,BOMBA-Q,PRINCIPAL,,
,28.0,,,2026-06-28 10:47:26,226,atuador,BOMBA-F,PRINCIPAL,,
TQ-MIX-TT,74.7321,C,OK,2026-06-28 10:47:29,227,leitura,,,,
TQ-MIX-LT,80.8803,%,OK,2026-06-28 10:47:29,227,leitura,,,,
TQ-MIX-PT,2.61761,BAR,OK,2026-06-28 10:47:29,227,leitura,,,,
RES-Q-TT,74.7321,C,OK,2026-06-28 10:47:29,227,leitura,,,,
RES-F-TT,11.7242,C,OK,2026-06-28 10:47:29,227,leitura,,,,
,28.0,,,2026-06-28 10:47:29,227,atuador,BOMBA-Q,PRINCIPAL,,
,28.0,,,2026-06-28 10:47:29,227,atuador,BOMBA-F,PRINCIPAL,,
TQ-MIX-TT,11.9368,C,OK,2026-06-28 10:47:32,228,leitura,,,,
TQ-MIX-LT,80.7363,%,OK,2026-06-28 10:47:32,228,leitura,,,,
TQ-MIX-PT,2.6147299999999998,BAR,OK,2026-06-28 10:47:32,228,leitura,,,,
RES-Q-TT,74.576,C,OK,2026-06-28 10:47:32,228,leitura,,,,
RES-F-TT,11.9368,C,OK,2026-06-28 10:47:32,228,leitura,,,,
,28.0,,,2026-06-28 10:47:32,228,atuador,BOMBA-Q,PRINCIPAL,,
,28.0,,,2026-06-28 10:47:32,228,atuador,BOMBA-F,PRINCIPAL,,
TQ-MIX-TT,74.5895,C,OK,2026-06-28 10:47:35,229,leitura,,,,
TQ-MIX-LT,80.5923,%,OK,2026-06-28 10:47:35,229,leitura,,,,
TQ-MIX-PT,2.61185,BAR,OK,2026-06-28 10:47:35,229,leitura,,,,
RES-Q-TT,74.5895,C,OK,2026-06-28 10:47:35,229,leitura,,,,
RES-F-TT,12.1044,C,OK,2026-06-28 10:47:35,229,leitura,,,,
,28.0,,,2026-06-28 10:47:35,229,atuador,BOMBA-Q,PRINCIPAL,,
,28.0,,,2026-06-28 10:47:35,229,atuador,BOMBA-F,PRINCIPAL,,
TQ-MIX-TT,11.9715,C,OK,2026-06-28 10:47:38,230,leitura,,,,
TQ-MIX-LT,80.4483,%,OK,2026-06-28 10:47:38,230,leitura,,,,
TQ-MIX-PT,2.6089700000000002,BAR,OK,2026-06-28 10:47:38,230,leitura,,,,
RES-Q-TT,74.8214,C,OK,2026-06-28 10:47:38,230,leitura,,,,
RES-F-TT,11.9715,C,OK,2026-06-28 10:47:38,230,leitura,,,,
,28.0,,,2026-06-28 10:47:38,230,atuador,BOMBA-Q,PRINCIPAL,,
,28.0,,,2026-06-28 10:47:38,230,atuador,BOMBA-F,PRINCIPAL,,
TQ-MIX-TT,74.5629,C,OK,2026-06-28 10:47:41,231,leitura,,,,
TQ-MIX-LT,80.3043,%,OK,2026-06-28 10:47:41,231,leitura,,,,
TQ-MIX-PT,2.60609,BAR,OK,2026-06-28 10:47:41,231,leitura,,,,
RES-Q-TT,74.5629,C,OK,2026-06-28 10:47:41,231,leitura,,,,
RES-F-TT,11.8289,C,OK,2026-06-28 10:47:41,231,leitura,,,,
,28.0,,,2026-06-28 10:47:41,231,atuador,BOMBA-Q,PRINCIPAL,,
,28.0,,,2026-06-28 10:47:41,231,atuador,BOMBA-F,PRINCIPAL,,
TQ-MIX-TT,11.9038,C,OK,2026-06-28 10:47:44,232,leitura,,,,
TQ-MIX-LT,80.1603,%,OK,2026-06-28 10:47:44,232,leitura,,,,
TQ-MIX-PT,2.60321,BAR,OK,2026-06-28 10:47:44,232,leitura,,,,
RES-Q-TT,74.3674,C,OK,2026-06-28 10:47:44,232,leitura,,,,
RES-F-TT,11.9038,C,OK,2026-06-28 10:47:44,232,leitura,,,,
,28.0,,,2026-06-28 10:47:44,232,atuador,BOMBA-Q,PRINCIPAL,,
,28.0,,,2026-06-28 10:47:44,232,atuador,BOMBA-F,PRINCIPAL,,
TQ-MIX-TT,74.5962,C,OK,2026-06-28 10:47:47,233,leitura,,,,
TQ-MIX-LT,80.0163,%,OK,2026-06-28 10:47:47,233,leitura,,,,
TQ-MIX-PT,2.60033,BAR,OK,2026-06-28 10:47:47,233,leitura,,,,
RES-Q-TT,74.5962,C,OK,2026-06-28 10:47:47,233,leitura,,,,
RES-F-TT,12.1421,C,OK,2026-06-28 10:47:47,233,leitura,,,,
,28.0,,,2026-06-28 10:47:47,233,atuador,BOMBA-Q,PRINCIPAL,,
,28.0,,,2026-06-28 10:47:47,233,atuador,BOMBA-F,PRINCIPAL,,
TQ-MIX-TT,12.4394,C,OK,2026-06-28 10:47:50,234,leitura,,,,
TQ-MIX-LT,79.8723,%,OK,2026-06-28 10:47:50,234,leitura,,,,
TQ-MIX-PT,2.5974500000000003,BAR,OK,2026-06-28 10:47:50,234,leitura,,,,
RES-Q-TT,74.7192,C,OK,2026-06-28 10:47:50,234,leitura,,,,
RES-F-TT,12.4394,C,OK,2026-06-28 10:47:50,234,leitura,,,,
,28.0,,,2026-06-28 10:47:50,234,atuador,BOMBA-Q,PRINCIPAL,,
,28.0,,,2026-06-28 10:47:50,234,atuador,BOMBA-F,PRINCIPAL,,
TQ-MIX-TT,74.6536,C,OK,2026-06-28 10:47:53,235,leitura,,,,
TQ-MIX-LT,79.7283,%,OK,2026-06-28 10:47:53,235,leitura,,,,
TQ-MIX-PT,2.59457,BAR,OK,2026-06-28 10:47:53,235,leitura,,,,
RES-Q-TT,74.6536,C,OK,2026-06-28 10:47:53,235,leitura,,,,
RES-F-TT,12.2066,C,OK,2026-06-28 10:47:53,235,leitura,,,,
,28.0,,,2026-06-28 10:47:53,235,atuador,BOMBA-Q,PRINCIPAL,,
,28.0,,,2026-06-28 10:47:53,235,atuador,BOMBA-F,PRINCIPAL,,
TQ-MIX-TT,12.2429,C,OK,2026-06-28 10:47:56,236,leitura,,,,
TQ-MIX-LT,79.5843,%,OK,2026-06-28 10:47:56,236,leitura,,,,
TQ-MIX-PT,2.59169,BAR,OK,2026-06-28 10:47:56,236,leitura,,,,
RES-Q-TT,74.5163,C,OK,2026-06-28 10:47:56,236,leitura,,,,
RES-F-TT,12.2429,C,OK,2026-06-28 10:47:56,236,leitura,,,,
,28.0,,,2026-06-28 10:47:56,236,atuador,BOMBA-Q,PRINCIPAL,,
,28.0,,,2026-06-28 10:47:56,236,atuador,BOMBA-F,PRINCIPAL,,
TQ-MIX-TT,74.7303,C,OK,2026-06-28 10:47:59,237,leitura,,,,
TQ-MIX-LT,79.4403,%,OK,2026-06-28 10:47:59,237,leitura,,,,
TQ-MIX-PT,2.58881,BAR,OK,2026-06-28 10:47:59,237,leitura,,,,
RES-Q-TT,74.7303,C,OK,2026-06-28 10:47:59,237,leitura,,,,
RES-F-TT,12.2713,C,OK,2026-06-28 10:47:59,237,leitura,,,,
,28.0,,,2026-06-28 10:47:59,237,atuador,BOMBA-Q,PRINCIPAL,,
,28.0,,,2026-06-28 10:47:59,237,atuador,BOMBA-F,PRINCIPAL,,
TQ-MIX-TT,12.1365,C,OK,2026-06-28 10:48:02,238,leitura,,,,
TQ-MIX-LT,79.2963,%,OK,2026-06-28 10:48:02,238,leitura,,,,
TQ-MIX-PT,2.5859300000000003,BAR,OK,2026-06-28 10:48:02,238,leitura,,,,
RES-Q-TT,74.7524,C,OK,2026-06-28 10:48:02,238,leitura,,,,
RES-F-TT,12.1365,C,OK,2026-06-28 10:48:02,238,leitura,,,,
,28.0,,,2026-06-28 10:48:02,238,atuador,BOMBA-Q,PRINCIPAL,,
,28.0,,,2026-06-28 10:48:02,238,atuador,BOMBA-F,PRINCIPAL,,
TQ-MIX-TT,74.7968,C,OK,2026-06-28 10:48:05,239,leitura,,,,
TQ-MIX-LT,79.1523,%,OK,2026-06-28 10:48:05,239,leitura,,,,
TQ-MIX-PT,2.58305,BAR,OK,2026-06-28 10:48:05,239,leitura,,,,
RES-Q-TT,74.7968,C,OK,2026-06-28 10:48:05,239,leitura,,,,
RES-F-TT,12.4156,C,OK,2026-06-28 10:48:05,239,leitura,,,,
,28.0,,,2026-06-28 10:48:05,239,atuador,BOMBA-Q,PRINCIPAL,,
,28.0,,,2026-06-28 10:48:05,239,atuador,BOMBA-F,PRINCIPAL,,
TQ-MIX-TT,12.4308,C,OK,2026-06-28 10:48:08,240,leitura,,,,
TQ-MIX-LT,79.0083,%,OK,2026-06-28 10:48:08,240,leitura,,,,
TQ-MIX-PT,2.58017,BAR,OK,2026-06-28 10:48:08,240,leitura,,,,
RES-Q-TT,74.5824,C,OK,2026-06-28 10:48:08,240,leitura,,,,
RES-F-TT,12.4308,C,OK,2026-06-28 10:48:08,240,leitura,,,,
,28.0,,,2026-06-28 10:48:08,240,atuador,BOMBA-Q,PRINCIPAL,,
,28.0,,,2026-06-28 10:48:08,240,atuador,BOMBA-F,PRINCIPAL,,
TQ-MIX-TT,74.4613,C,OK,2026-06-28 10:48:11,241,leitura,,,,
TQ-MIX-LT,78.8643,%,OK,2026-06-28 10:48:11,241,leitura,,,,
TQ-MIX-PT,2.57729,BAR,OK,2026-06-28 10:48:11,241,leitura,,,,
RES-Q-TT,74.4613,C,OK,2026-06-28 10:48:11,241,leitura,,,,
RES-F-TT,12.2366,C,OK,2026-06-28 10:48:11,241,leitura,,,,
,28.0,,,2026-06-28 10:48:11,241,atuador,BOMBA-Q,PRINCIPAL,,
,28.0,,,2026-06-28 10:48:11,241,atuador,BOMBA-F,PRINCIPAL,,
TQ-MIX-TT,12.4915,C,OK,2026-06-28 10:48:14,242,leitura,,,,
TQ-MIX-LT,78.7203,%,OK,2026-06-28 10:48:14,242,leitura,,,,
TQ-MIX-PT,2.5744100000000003,BAR,OK,2026-06-28 10:48:14,242,leitura,,,,
RES-Q-TT,74.6567,C,OK,2026-06-28 10:48:14,242,leitura,,,,
RES-F-TT,12.4915,C,OK,2026-06-28 10:48:14,242,leitura,,,,
,28.0,,,2026-06-28 10:48:14,242,atuador,BOMBA-Q,PRINCIPAL,,
,28.0,,,2026-06-28 10:48:14,242,atuador,BOMBA-F,PRINCIPAL,,
TQ-MIX-TT,74.4094,C,OK,2026-06-28 10:48:17,243,leitura,,,,
TQ-MIX-LT,78.5763,%,OK,2026-06-28 10:48:17,243,leitura,,,,
TQ-MIX-PT,2.57153,BAR,OK,2026-06-28 10:48:17,243,leitura,,,,
RES-Q-TT,74.4094,C,OK,2026-06-28 10:48:17,243,leitura,,,,
RES-F-TT,12.5762,C,OK,2026-06-28 10:48:17,243,leitura,,,,
,28.0,,,2026-06-28 10:48:17,243,atuador,BOMBA-Q,PRINCIPAL,,
,28.0,,,2026-06-28 10:48:17,243,atuador,BOMBA-F,PRINCIPAL,,
TQ-MIX-TT,12.3926,C,OK,2026-06-28 10:48:20,244,leitura,,,,
TQ-MIX-LT,78.4323,%,OK,2026-06-28 10:48:20,244,leitura,,,,
TQ-MIX-PT,2.56865,BAR,OK,2026-06-28 10:48:20,244,leitura,,,,
RES-Q-TT,74.4857,C,OK,2026-06-28 10:48:20,244,leitura,,,,
RES-F-TT,12.3926,C,OK,2026-06-28 10:48:20,244,leitura,,,,
,28.0,,,2026-06-28 10:48:20,244,atuador,BOMBA-Q,PRINCIPAL,,
,28.0,,,2026-06-28 10:48:20,244,atuador,BOMBA-F,PRINCIPAL,,
TQ-MIX-TT,74.4542,C,OK,2026-06-28 10:48:23,245,leitura,,,,
TQ-MIX-LT,78.2883,%,OK,2026-06-28 10:48:23,245,leitura,,,,
TQ-MIX-PT,2.56577,BAR,OK,2026-06-28 10:48:23,245,leitura,,,,
RES-Q-TT,74.4542,C,OK,2026-06-28 10:48:23,245,leitura,,,,
RES-F-TT,12.4914,C,OK,2026-06-28 10:48:23,245,leitura,,,,
,28.0,,,2026-06-28 10:48:23,245,atuador,BOMBA-Q,PRINCIPAL,,
,28.0,,,2026-06-28 10:48:23,245,atuador,BOMBA-F,PRINCIPAL,,
TQ-MIX-TT,12.4668,C,OK,2026-06-28 10:48:26,246,leitura,,,,
TQ-MIX-LT,78.1443,%,OK,2026-06-28 10:48:26,246,leitura,,,,
TQ-MIX-PT,2.56289,BAR,OK,2026-06-28 10:48:26,246,leitura,,,,
RES-Q-TT,74.613,C,OK,2026-06-28 10:48:26,246,leitura,,,,
RES-F-TT,12.4668,C,OK,2026-06-28 10:48:26,246,leitura,,,,
,28.0,,,2026-06-28 10:48:26,246,atuador,BOMBA-Q,PRINCIPAL,,
,28.0,,,2026-06-28 10:48:26,246,atuador,BOMBA-F,PRINCIPAL,,
TQ-MIX-TT,74.6782,C,OK,2026-06-28 10:48:29,247,leitura,,,,
TQ-MIX-LT,78.0003,%,OK,2026-06-28 10:48:29,247,leitura,,,,
TQ-MIX-PT,2.56001,BAR,OK,2026-06-28 10:48:29,247,leitura,,,,
RES-Q-TT,74.6782,C,OK,2026-06-28 10:48:29,247,leitura,,,,
RES-F-TT,12.3766,C,OK,2026-06-28 10:48:29,247,leitura,,,,
,28.0,,,2026-06-28 10:48:29,247,atuador,BOMBA-Q,PRINCIPAL,,
,28.0,,,2026-06-28 10:48:29,247,atuador,BOMBA-F,PRINCIPAL,,
TQ-MIX-TT,12.2431,C,OK,2026-06-28 10:48:32,248,leitura,,,,
TQ-MIX-LT,77.8563,%,OK,2026-06-28 10:48:32,248,leitura,,,,
TQ-MIX-PT,2.55713,BAR,OK,2026-06-28 10:48:32,248,leitura,,,,
RES-Q-TT,74.5355,C,OK,2026-06-28 10:48:32,248,leitura,,,,
RES-F-TT,12.2431,C,OK,2026-06-28 10:48:32,248,leitura,,,,
,28.0,,,2026-06-28 10:48:32,248,atuador,BOMBA-Q,PRINCIPAL,,
,28.0,,,2026-06-28 10:48:32,248,atuador,BOMBA-F,PRINCIPAL,,
TQ-MIX-TT,74.2419,C,OK,2026-06-28 10:48:35,249,leitura,,,,
TQ-MIX-LT,77.7123,%,OK,2026-06-28 10:48:35,249,leitura,,,,
TQ-MIX-PT,2.55425,BAR,OK,2026-06-28 10:48:35,249,leitura,,,,
RES-Q-TT,74.2419,C,OK,2026-06-28 10:48:35,249,leitura,,,,
RES-F-TT,12.3285,C,OK,2026-06-28 10:48:35,249,leitura,,,,
,28.0,,,2026-06-28 10:48:35,249,atuador,BOMBA-Q,PRINCIPAL,,
,28.0,,,2026-06-28 10:48:35,249,atuador,BOMBA-F,PRINCIPAL,,
TQ-MIX-TT,12.3628,C,OK,2026-06-28 10:48:38,250,leitura,,,,
TQ-MIX-LT,77.5683,%,OK,2026-06-28 10:48:38,250,leitura,,,,
TQ-MIX-PT,2.55137,BAR,OK,2026-06-28 10:48:38,250,leitura,,,,
RES-Q-TT,74.4207,C,OK,2026-06-28 10:48:38,250,leitura,,,,
RES-F-TT,12.3628,C,OK,2026-06-28 10:48:38,250,leitura,,,,
,28.0,,,2026-06-28 10:48:38,250,atuador,BOMBA-Q,PRINCIPAL,,
,28.0,,,2026-06-28 10:48:38,250,atuador,BOMBA-F,PRINCIPAL,,
TQ-MIX-TT,74.2701,C,OK,2026-06-28 10:48:41,251,leitura,,,,
TQ-MIX-LT,77.4243,%,OK,2026-06-28 10:48:41,251,leitura,,,,
TQ-MIX-PT,2.54849,BAR,OK,2026-06-28 10:48:41,251,leitura,,,,
RES-Q-TT,74.2701,C,OK,2026-06-28 10:48:41,251,leitura,,,,
RES-F-TT,12.4698,C,OK,2026-06-28 10:48:41,251,leitura,,,,
,28.0,,,2026-06-28 10:48:41,251,atuador,BOMBA-Q,PRINCIPAL,,
,28.0,,,2026-06-28 10:48:41,251,atuador,BOMBA-F,PRINCIPAL,,
TQ-MIX-TT,12.2112,C,OK,2026-06-28 10:48:44,252,leitura,,,,
TQ-MIX-LT,77.2803,%,OK,2026-06-28 10:48:44,252,leitura,,,,
TQ-MIX-PT,2.54561,BAR,OK,2026-06-28 10:48:44,252,leitura,,,,
RES-Q-TT,74.2872,C,OK,2026-06-28 10:48:44,252,leitura,,,,
RES-F-TT,12.2112,C,OK,2026-06-28 10:48:44,252,leitura,,,,
,28.0,,,2026-06-28 10:48:44,252,atuador,BOMBA-Q,PRINCIPAL,,
,28.0,,,2026-06-28 10:48:44,252,atuador,BOMBA-F,PRINCIPAL,,
TQ-MIX-TT,74.4983,C,OK,2026-06-28 10:48:47,253,leitura,,,,
TQ-MIX-LT,77.1363,%,OK,2026-06-28 10:48:47,253,leitura,,,,
TQ-MIX-PT,2.54273,BAR,OK,2026-06-28 10:48:47,253,leitura,,,,
RES-Q-TT,74.4983,C,OK,2026-06-28 10:48:47,253,leitura,,,,
RES-F-TT,12.4734,C,OK,2026-06-28 10:48:47,253,leitura,,,,
,28.0,,,2026-06-28 10:48:47,253,atuador,BOMBA-Q,PRINCIPAL,,
,28.0,,,2026-06-28 10:48:47,253,atuador,BOMBA-F,PRINCIPAL,,
TQ-MIX-TT,12.4136,C,OK,2026-06-28 10:48:50,254,leitura,,,,
TQ-MIX-LT,76.9923,%,OK,2026-06-28 10:48:50,254,leitura,,,,
TQ-MIX-PT,2.53985,BAR,OK,2026-06-28 10:48:50,254,leitura,,,,
RES-Q-TT,74.2305,C,OK,2026-06-28 10:48:50,254,leitura,,,,
RES-F-TT,12.4136,C,OK,2026-06-28 10:48:50,254,leitura,,,,
,28.0,,,2026-06-28 10:48:50,254,atuador,BOMBA-Q,PRINCIPAL,,
,28.0,,,2026-06-28 10:48:50,254,atuador,BOMBA-F,PRINCIPAL,,
TQ-MIX-TT,74.3652,C,OK,2026-06-28 10:48:53,255,leitura,,,,
TQ-MIX-LT,76.8483,%,OK,2026-06-28 10:48:53,255,leitura,,,,
TQ-MIX-PT,2.53697,BAR,OK,2026-06-28 10:48:53,255,leitura,,,,
RES-Q-TT,74.3652,C,OK,2026-06-28 10:48:53,255,leitura,,,,
RES-F-TT,12.1399,C,OK,2026-06-28 10:48:53,255,leitura,,,,
,28.0,,,2026-06-28 10:48:53,255,atuador,BOMBA-Q,PRINCIPAL,,
,28.0,,,2026-06-28 10:48:53,255,atuador,BOMBA-F,PRINCIPAL,,
TQ-MIX-TT,12.3251,C,OK,2026-06-28 10:48:56,256,leitura,,,,
TQ-MIX-LT,76.7043,%,OK,2026-06-28 10:48:56,256,leitura,,,,
TQ-MIX-PT,2.53409,BAR,OK,2026-06-28 10:48:56,256,leitura,,,,
RES-Q-TT,74.5171,C,OK,2026-06-28 10:48:56,256,leitura,,,,
RES-F-TT,12.3251,C,OK,2026-06-28 10:48:56,256,leitura,,,,
,28.0,,,2026-06-28 10:48:56,256,atuador,BOMBA-Q,PRINCIPAL,,
,28.0,,,2026-06-28 10:48:56,256,atuador,BOMBA-F,PRINCIPAL,,
TQ-MIX-TT,74.5456,C,OK,2026-06-28 10:48:59,257,leitura,,,,
TQ-MIX-LT,76.5603,%,OK,2026-06-28 10:48:59,257,leitura,,,,
TQ-MIX-PT,2.53121,BAR,OK,2026-06-28 10:48:59,257,leitura,,,,
RES-Q-TT,74.5456,C,OK,2026-06-28 10:48:59,257,leitura,,,,
RES-F-TT,12.2463,C,OK,2026-06-28 10:48:59,257,leitura,,,,
,28.0,,,2026-06-28 10:48:59,257,atuador,BOMBA-Q,PRINCIPAL,,
,28.0,,,2026-06-28 10:48:59,257,atuador,BOMBA-F,PRINCIPAL,,
TQ-MIX-TT,12.2211,C,OK,2026-06-28 10:49:02,258,leitura,,,,
TQ-MIX-LT,76.4163,%,OK,2026-06-28 10:49:02,258,leitura,,,,
TQ-MIX-PT,2.52833,BAR,OK,2026-06-28 10:49:02,258,leitura,,,,
RES-Q-TT,74.831,C,OK,2026-06-28 10:49:02,258,leitura,,,,
RES-F-TT,12.2211,C,OK,2026-06-28 10:49:02,258,leitura,,,,
,28.0,,,2026-06-28 10:49:02,258,atuador,BOMBA-Q,PRINCIPAL,,
,28.0,,,2026-06-28 10:49:02,258,atuador,BOMBA-F,PRINCIPAL,,
TQ-MIX-TT,75.0271,C,OK,2026-06-28 10:49:05,259,leitura,,,,
TQ-MIX-LT,76.2723,%,OK,2026-06-28 10:49:05,259,leitura,,,,
TQ-MIX-PT,2.52545,BAR,OK,2026-06-28 10:49:05,259,leitura,,,,
RES-Q-TT,75.0271,C,OK,2026-06-28 10:49:05,259,leitura,,,,
RES-F-TT,12.4877,C,OK,2026-06-28 10:49:05,259,leitura,,,,
,28.0,,,2026-06-28 10:49:05,259,atuador,BOMBA-Q,PRINCIPAL,,
,28.0,,,2026-06-28 10:49:05,259,atuador,BOMBA-F,PRINCIPAL,,
TQ-MIX-TT,12.45,C,OK,2026-06-28 10:49:08,260,leitura,,,,
TQ-MIX-LT,76.1283,%,OK,2026-06-28 10:49:08,260,leitura,,,,
TQ-MIX-PT,2.52257,BAR,OK,2026-06-28 10:49:08,260,leitura,,,,
RES-Q-TT,74.8551,C,OK,2026-06-28 10:49:08,260,leitura,,,,
RES-F-TT,12.45,C,OK,2026-06-28 10:49:08,260,leitura,,,,
,28.0,,,2026-06-28 10:49:08,260,atuador,BOMBA-Q,PRINCIPAL,,
,28.0,,,2026-06-28 10:49:08,260,atuador,BOMBA-F,PRINCIPAL,,
TQ-MIX-TT,74.6397,C,OK,2026-06-28 10:49:11,261,leitura,,,,
TQ-MIX-LT,75.9843,%,OK,2026-06-28 10:49:11,261,leitura,,,,
TQ-MIX-PT,2.51969,BAR,OK,2026-06-28 10:49:11,261,leitura,,,,
RES-Q-TT,74.6397,C,OK,2026-06-28 10:49:11,261,leitura,,,,
RES-F-TT,12.4533,C,OK,2026-06-28 10:49:11,261,leitura,,,,
,28.0,,,2026-06-28 10:49:11,261,atuador,BOMBA-Q,PRINCIPAL,,
,28.0,,,2026-06-28 10:49:11,261,atuador,BOMBA-F,PRINCIPAL,,
TQ-MIX-TT,12.7074,C,OK,2026-06-28 10:49:14,262,leitura,,,,
TQ-MIX-LT,75.8403,%,OK,2026-06-28 10:49:14,262,leitura,,,,
TQ-MIX-PT,2.51681,BAR,OK,2026-06-28 10:49:14,262,leitura,,,,
RES-Q-TT,74.6241,C,OK,2026-06-28 10:49:14,262,leitura,,,,
RES-F-TT,12.7074,C,OK,2026-06-28 10:49:14,262,leitura,,,,
,28.0,,,2026-06-28 10:49:14,262,atuador,BOMBA-Q,PRINCIPAL,,
,28.0,,,2026-06-28 10:49:14,262,atuador,BOMBA-F,PRINCIPAL,,
TQ-MIX-TT,74.7832,C,OK,2026-06-28 10:49:17,263,leitura,,,,
TQ-MIX-LT,75.6963,%,OK,2026-06-28 10:49:17,263,leitura,,,,
TQ-MIX-PT,2.51393,BAR,OK,2026-06-28 10:49:17,263,leitura,,,,
RES-Q-TT,74.7832,C,OK,2026-06-28 10:49:17,263,leitura,,,,
RES-F-TT,12.6136,C,OK,2026-06-28 10:49:17,263,leitura,,,,
,28.0,,,2026-06-28 10:49:17,263,atuador,BOMBA-Q,PRINCIPAL,,
,28.0,,,2026-06-28 10:49:17,263,atuador,BOMBA-F,PRINCIPAL,,
TQ-MIX-TT,12.5636,C,OK,2026-06-28 10:49:20,264,leitura,,,,
TQ-MIX-LT,75.5523,%,OK,2026-06-28 10:49:20,264,leitura,,,,
TQ-MIX-PT,2.51105,BAR,OK,2026-06-28 10:49:20,264,leitura,,,,
RES-Q-TT,74.5867,C,OK,2026-06-28 10:49:20,264,leitura,,,,
RES-F-TT,12.5636,C,OK,2026-06-28 10:49:20,264,leitura,,,,
,28.0,,,2026-06-28 10:49:20,264,atuador,BOMBA-Q,PRINCIPAL,,
,28.0,,,2026-06-28 10:49:20,264,atuador,BOMBA-F,PRINCIPAL,,
TQ-MIX-TT,74.4493,C,OK,2026-06-28 10:49:23,265,leitura,,,,
TQ-MIX-LT,75.4083,%,OK,2026-06-28 10:49:23,265,leitura,,,,
TQ-MIX-PT,2.50817,BAR,OK,2026-06-28 10:49:23,265,leitura,,,,
RES-Q-TT,74.4493,C,OK,2026-06-28 10:49:23,265,leitura,,,,
RES-F-TT,12.374600000000001,C,OK,2026-06-28 10:49:23,265,leitura,,,,
,28.0,,,2026-06-28 10:49:23,265,atuador,BOMBA-Q,PRINCIPAL,,
,28.0,,,2026-06-28 10:49:23,265,atuador,BOMBA-F,PRINCIPAL,,
TQ-MIX-TT,12.1204,C,OK,2026-06-28 10:49:26,266,leitura,,,,
TQ-MIX-LT,75.2643,%,OK,2026-06-28 10:49:26,266,leitura,,,,
TQ-MIX-PT,2.50529,BAR,OK,2026-06-28 10:49:26,266,leitura,,,,
RES-Q-TT,74.1953,C,OK,2026-06-28 10:49:26,266,leitura,,,,
RES-F-TT,12.1204,C,OK,2026-06-28 10:49:26,266,leitura,,,,
,28.0,,,2026-06-28 10:49:26,266,atuador,BOMBA-Q,PRINCIPAL,,
,28.0,,,2026-06-28 10:49:26,266,atuador,BOMBA-F,PRINCIPAL,,
TQ-MIX-TT,74.1139,C,OK,2026-06-28 10:49:29,267,leitura,,,,
TQ-MIX-LT,75.1203,%,OK,2026-06-28 10:49:29,267,leitura,,,,
TQ-MIX-PT,2.5024100000000002,BAR,OK,2026-06-28 10:49:29,267,leitura,,,,
RES-Q-TT,74.1139,C,OK,2026-06-28 10:49:29,267,leitura,,,,
RES-F-TT,11.9211,C,OK,2026-06-28 10:49:29,267,leitura,,,,
,28.0,,,2026-06-28 10:49:29,267,atuador,BOMBA-Q,PRINCIPAL,,
,28.0,,,2026-06-28 10:49:29,267,atuador,BOMBA-F,PRINCIPAL,,
TQ-MIX-TT,12.0285,C,OK,2026-06-28 10:49:32,268,leitura,,,,
TQ-MIX-LT,74.9763,%,OK,2026-06-28 10:49:32,268,leitura,,,,
TQ-MIX-PT,2.49953,BAR,OK,2026-06-28 10:49:32,268,leitura,,,,
RES-Q-TT,74.0082,C,OK,2026-06-28 10:49:32,268,leitura,,,,
RES-F-TT,12.0285,C,OK,2026-06-28 10:49:32,268,leitura,,,,
,28.0,,,2026-06-28 10:49:32,268,atuador,BOMBA-Q,PRINCIPAL,,
,28.0,,,2026-06-28 10:49:32,268,atuador,BOMBA-F,PRINCIPAL,,
TQ-MIX-TT,73.7629,C,OK,2026-06-28 10:49:35,269,leitura,,,,
TQ-MIX-LT,74.8323,%,OK,2026-06-28 10:49:35,269,leitura,,,,
TQ-MIX-PT,2.49665,BAR,OK,2026-06-28 10:49:35,269,leitura,,,,
RES-Q-TT,73.7629,C,OK,2026-06-28 10:49:35,269,leitura,,,,
RES-F-TT,12.1217,C,OK,2026-06-28 10:49:35,269,leitura,,,,
,28.0,,,2026-06-28 10:49:35,269,atuador,BOMBA-Q,PRINCIPAL,,
,28.0,,,2026-06-28 10:49:35,269,atuador,BOMBA-F,PRINCIPAL,,
TQ-MIX-TT,12.1525,C,OK,2026-06-28 10:49:38,270,leitura,,,,
TQ-MIX-LT,74.6883,%,OK,2026-06-28 10:49:38,270,leitura,,,,
TQ-MIX-PT,2.49377,BAR,OK,2026-06-28 10:49:38,270,leitura,,,,
RES-Q-TT,73.5162,C,OK,2026-06-28 10:49:38,270,leitura,,,,
RES-F-TT,12.1525,C,OK,2026-06-28 10:49:38,270,leitura,,,,
,28.0,,,2026-06-28 10:49:38,270,atuador,BOMBA-Q,PRINCIPAL,,
,28.0,,,2026-06-28 10:49:38,270,atuador,BOMBA-F,PRINCIPAL,,
TQ-MIX-TT,73.6279,C,OK,2026-06-28 10:49:41,271,leitura,,,,
TQ-MIX-LT,74.5443,%,OK,2026-06-28 10:49:41,271,leitura,,,,
TQ-MIX-PT,2.4908900000000003,BAR,OK,2026-06-28 10:49:41,271,leitura,,,,
RES-Q-TT,73.6279,C,OK,2026-06-28 10:49:41,271,leitura,,,,
RES-F-TT,12.3794,C,OK,2026-06-28 10:49:41,271,leitura,,,,
,28.0,,,2026-06-28 10:49:41,271,atuador,BOMBA-Q,PRINCIPAL,,
,28.0,,,2026-06-28 10:49:41,271,atuador,BOMBA-F,PRINCIPAL,,
TQ-MIX-TT,12.305,C,OK,2026-06-28 10:49:44,272,leitura,,,,
TQ-MIX-LT,74.4003,%,OK,2026-06-28 10:49:44,272,leitura,,,,
TQ-MIX-PT,2.48801,BAR,OK,2026-06-28 10:49:44,272,leitura,,,,
RES-Q-TT,73.5626,C,OK,2026-06-28 10:49:44,272,leitura,,,,
RES-F-TT,12.305,C,OK,2026-06-28 10:49:44,272,leitura,,,,
,28.0,,,2026-06-28 10:49:44,272,atuador,BOMBA-Q,PRINCIPAL,,
,28.0,,,2026-06-28 10:49:44,272,atuador,BOMBA-F,PRINCIPAL,,
TQ-MIX-TT,73.3683,C,OK,2026-06-28 10:49:47,273,leitura,,,,
TQ-MIX-LT,74.2563,%,OK,2026-06-28 10:49:47,273,leitura,,,,
TQ-MIX-PT,2.48513,BAR,OK,2026-06-28 10:49:47,273,leitura,,,,
RES-Q-TT,73.3683,C,OK,2026-06-28 10:49:47,273,leitura,,,,
RES-F-TT,12.2179,C,OK,2026-06-28 10:49:47,273,leitura,,,,
,28.0,,,2026-06-28 10:49:47,273,atuador,BOMBA-Q,PRINCIPAL,,
,28.0,,,2026-06-28 10:49:47,273,atuador,BOMBA-F,PRINCIPAL,,
TQ-MIX-TT,12.3191,C,OK,2026-06-28 10:49:50,274,leitura,,,,
TQ-MIX-LT,74.1123,%,OK,2026-06-28 10:49:50,274,leitura,,,,
TQ-MIX-PT,2.48225,BAR,OK,2026-06-28 10:49:50,274,leitura,,,,
RES-Q-TT,73.4451,C,OK,2026-06-28 10:49:50,274,leitura,,,,
RES-F-TT,12.3191,C,OK,2026-06-28 10:49:50,274,leitura,,,,
,28.0,,,2026-06-28 10:49:50,274,atuador,BOMBA-Q,PRINCIPAL,,
,28.0,,,2026-06-28 10:49:50,274,atuador,BOMBA-F,PRINCIPAL,,
TQ-MIX-TT,73.5843,C,OK,2026-06-28 10:49:53,275,leitura,,,,
TQ-MIX-LT,73.9683,%,OK,2026-06-28 10:49:53,275,leitura,,,,
TQ-MIX-PT,2.47937,BAR,OK,2026-06-28 10:49:53,275,leitura,,,,
RES-Q-TT,73.5843,C,OK,2026-06-28 10:49:53,275,leitura,,,,
RES-F-TT,12.4793,C,OK,2026-06-28 10:49:53,275,leitura,,,,
,28.0,,,2026-06-28 10:49:53,275,atuador,BOMBA-Q,PRINCIPAL,,
,28.0,,,2026-06-28 10:49:53,275,atuador,BOMBA-F,PRINCIPAL,,
TQ-MIX-TT,12.4022,C,OK,2026-06-28 10:49:56,276,leitura,,,,
TQ-MIX-LT,73.8243,%,OK,2026-06-28 10:49:56,276,leitura,,,,
TQ-MIX-PT,2.47649,BAR,OK,2026-06-28 10:49:56,276,leitura,,,,
RES-Q-TT,73.7243,C,OK,2026-06-28 10:49:56,276,leitura,,,,
RES-F-TT,12.4022,C,OK,2026-06-28 10:49:56,276,leitura,,,,
,28.0,,,2026-06-28 10:49:56,276,atuador,BOMBA-Q,PRINCIPAL,,
,28.0,,,2026-06-28 10:49:56,276,atuador,BOMBA-F,PRINCIPAL,,
TQ-MIX-TT,73.9002,C,OK,2026-06-28 10:49:59,277,leitura,,,,
TQ-MIX-LT,73.6803,%,OK,2026-06-28 10:49:59,277,leitura,,,,
TQ-MIX-PT,2.47361,BAR,OK,2026-06-28 10:49:59,277,leitura,,,,
RES-Q-TT,73.9002,C,OK,2026-06-28 10:49:59,277,leitura,,,,
RES-F-TT,12.41,C,OK,2026-06-28 10:49:59,277,leitura,,,,
,28.0,,,2026-06-28 10:49:59,277,atuador,BOMBA-Q,PRINCIPAL,,
,28.0,,,2026-06-28 10:49:59,277,atuador,BOMBA-F,PRINCIPAL,,
TQ-MIX-TT,12.2709,C,OK,2026-06-28 10:50:02,278,leitura,,,,
TQ-MIX-LT,73.5363,%,OK,2026-06-28 10:50:02,278,leitura,,,,
TQ-MIX-PT,2.47073,BAR,OK,2026-06-28 10:50:02,278,leitura,,,,
RES-Q-TT,73.9114,C,OK,2026-06-28 10:50:02,278,leitura,,,,
RES-F-TT,12.2709,C,OK,2026-06-28 10:50:02,278,leitura,,,,
,28.0,,,2026-06-28 10:50:02,278,atuador,BOMBA-Q,PRINCIPAL,,
,28.0,,,2026-06-28 10:50:02,278,atuador,BOMBA-F,PRINCIPAL,,
TQ-MIX-TT,74.0906,C,OK,2026-06-28 10:50:05,279,leitura,,,,
TQ-MIX-LT,73.3923,%,OK,2026-06-28 10:50:05,279,leitura,,,,
TQ-MIX-PT,2.46785,BAR,OK,2026-06-28 10:50:05,279,leitura,,,,
RES-Q-TT,74.0906,C,OK,2026-06-28 10:50:05,279,leitura,,,,
RES-F-TT,12.3434,C,OK,2026-06-28 10:50:05,279,leitura,,,,
,28.0,,,2026-06-28 10:50:05,279,atuador,BOMBA-Q,PRINCIPAL,,
,28.0,,,2026-06-28 10:50:05,279,atuador,BOMBA-F,PRINCIPAL,,
TQ-MIX-TT,12.5062,C,OK,2026-06-28 10:50:08,280,leitura,,,,
TQ-MIX-LT,73.2483,%,OK,2026-06-28 10:50:08,280,leitura,,,,
TQ-MIX-PT,2.46497,BAR,OK,2026-06-28 10:50:08,280,leitura,,,,
RES-Q-TT,74.3026,C,OK,2026-06-28 10:50:08,280,leitura,,,,
RES-F-TT,12.5062,C,OK,2026-06-28 10:50:08,280,leitura,,,,
,28.0,,,2026-06-28 10:50:08,280,atuador,BOMBA-Q,PRINCIPAL,,
,28.0,,,2026-06-28 10:50:08,280,atuador,BOMBA-F,PRINCIPAL,,
TQ-MIX-TT,74.3129,C,OK,2026-06-28 10:50:11,281,leitura,,,,
TQ-MIX-LT,73.1043,%,OK,2026-06-28 10:50:11,281,leitura,,,,
TQ-MIX-PT,2.46209,BAR,OK,2026-06-28 10:50:11,281,leitura,,,,
RES-Q-TT,74.3129,C,OK,2026-06-28 10:50:11,281,leitura,,,,
RES-F-TT,12.7866,C,OK,2026-06-28 10:50:11,281,leitura,,,,
,28.0,,,2026-06-28 10:50:11,281,atuador,BOMBA-Q,PRINCIPAL,,
,28.0,,,2026-06-28 10:50:11,281,atuador,BOMBA-F,PRINCIPAL,,
TQ-MIX-TT,12.7402,C,OK,2026-06-28 10:50:14,282,leitura,,,,
TQ-MIX-LT,72.9603,%,OK,2026-06-28 10:50:14,282,leitura,,,,
TQ-MIX-PT,2.45921,BAR,OK,2026-06-28 10:50:14,282,leitura,,,,
RES-Q-TT,74.419,C,OK,2026-06-28 10:50:14,282,leitura,,,,
RES-F-TT,12.7402,C,OK,2026-06-28 10:50:14,282,leitura,,,,
,28.0,,,2026-06-28 10:50:14,282,atuador,BOMBA-Q,PRINCIPAL,,
,28.0,,,2026-06-28 10:50:14,282,atuador,BOMBA-F,PRINCIPAL,,
TQ-MIX-TT,74.4346,C,OK,2026-06-28 10:50:17,283,leitura,,,,
TQ-MIX-LT,72.8163,%,OK,2026-06-28 10:50:17,283,leitura,,,,
TQ-MIX-PT,2.45633,BAR,OK,2026-06-28 10:50:17,283,leitura,,,,
RES-Q-TT,74.4346,C,OK,2026-06-28 10:50:17,283,leitura,,,,
RES-F-TT,12.5219,C,OK,2026-06-28 10:50:17,283,leitura,,,,
,28.0,,,2026-06-28 10:50:17,283,atuador,BOMBA-Q,PRINCIPAL,,
,28.0,,,2026-06-28 10:50:17,283,atuador,BOMBA-F,PRINCIPAL,,
TQ-MIX-TT,12.313,C,OK,2026-06-28 10:50:20,284,leitura,,,,
TQ-MIX-LT,72.6723,%,OK,2026-06-28 10:50:20,284,leitura,,,,
TQ-MIX-PT,2.45345,BAR,OK,2026-06-28 10:50:20,284,leitura,,,,
RES-Q-TT,74.6443,C,OK,2026-06-28 10:50:20,284,leitura,,,,
RES-F-TT,12.313,C,OK,2026-06-28 10:50:20,284,leitura,,,,
,28.0,,,2026-06-28 10:50:20,284,atuador,BOMBA-Q,PRINCIPAL,,
,28.0,,,2026-06-28 10:50:20,284,atuador,BOMBA-F,PRINCIPAL,,
TQ-MIX-TT,74.3622,C,OK,2026-06-28 10:50:23,285,leitura,,,,
TQ-MIX-LT,72.5283,%,OK,2026-06-28 10:50:23,285,leitura,,,,
TQ-MIX-PT,2.45057,BAR,OK,2026-06-28 10:50:23,285,leitura,,,,
RES-Q-TT,74.3622,C,OK,2026-06-28 10:50:23,285,leitura,,,,
RES-F-TT,12.2226,C,OK,2026-06-28 10:50:23,285,leitura,,,,
,28.0,,,2026-06-28 10:50:23,285,atuador,BOMBA-Q,PRINCIPAL,,
,28.0,,,2026-06-28 10:50:23,285,atuador,BOMBA-F,PRINCIPAL,,
TQ-MIX-TT,12.5024,C,OK,2026-06-28 10:50:26,286,leitura,,,,
TQ-MIX-LT,72.3843,%,OK,2026-06-28 10:50:26,286,leitura,,,,
TQ-MIX-PT,2.44769,BAR,OK,2026-06-28 10:50:26,286,leitura,,,,
RES-Q-TT,74.4345,C,OK,2026-06-28 10:50:26,286,leitura,,,,
RES-F-TT,12.5024,C,OK,2026-06-28 10:50:26,286,leitura,,,,
,28.0,,,2026-06-28 10:50:26,286,atuador,BOMBA-Q,PRINCIPAL,,
,28.0,,,2026-06-28 10:50:26,286,atuador,BOMBA-F,PRINCIPAL,,
TQ-MIX-TT,74.5934,C,OK,2026-06-28 10:50:29,287,leitura,,,,
TQ-MIX-LT,72.2403,%,OK,2026-06-28 10:50:29,287,leitura,,,,
TQ-MIX-PT,2.44481,BAR,OK,2026-06-28 10:50:29,287,leitura,,,,
RES-Q-TT,74.5934,C,OK,2026-06-28 10:50:29,287,leitura,,,,
RES-F-TT,12.6936,C,OK,2026-06-28 10:50:29,287,leitura,,,,
,28.0,,,2026-06-28 10:50:29,287,atuador,BOMBA-Q,PRINCIPAL,,
,28.0,,,2026-06-28 10:50:29,287,atuador,BOMBA-F,PRINCIPAL,,
TQ-MIX-TT,12.9304,C,OK,2026-06-28 10:50:32,288,leitura,,,,
TQ-MIX-LT,72.0963,%,OK,2026-06-28 10:50:32,288,leitura,,,,
TQ-MIX-PT,2.44193,BAR,OK,2026-06-28 10:50:32,288,leitura,,,,
RES-Q-TT,74.7699,C,OK,2026-06-28 10:50:32,288,leitura,,,,
RES-F-TT,12.9304,C,OK,2026-06-28 10:50:32,288,leitura,,,,
,28.0,,,2026-06-28 10:50:32,288,atuador,BOMBA-Q,PRINCIPAL,,
,28.0,,,2026-06-28 10:50:32,288,atuador,BOMBA-F,PRINCIPAL,,
TQ-MIX-TT,74.6777,C,OK,2026-06-28 10:50:35,289,leitura,,,,
TQ-MIX-LT,71.9523,%,OK,2026-06-28 10:50:35,289,leitura,,,,
TQ-MIX-PT,2.43905,BAR,OK,2026-06-28 10:50:35,289,leitura,,,,
RES-Q-TT,74.6777,C,OK,2026-06-28 10:50:35,289,leitura,,,,
RES-F-TT,12.8533,C,OK,2026-06-28 10:50:35,289,leitura,,,,
,28.0,,,2026-06-28 10:50:35,289,atuador,BOMBA-Q,PRINCIPAL,,
,28.0,,,2026-06-28 10:50:35,289,atuador,BOMBA-F,PRINCIPAL,,
TQ-MIX-TT,12.6138,C,OK,2026-06-28 10:50:38,290,leitura,,,,
TQ-MIX-LT,71.8083,%,OK,2026-06-28 10:50:38,290,leitura,,,,
TQ-MIX-PT,2.43617,BAR,OK,2026-06-28 10:50:38,290,leitura,,,,
RES-Q-TT,74.5618,C,OK,2026-06-28 10:50:38,290,leitura,,,,
RES-F-TT,12.6138,C,OK,2026-06-28 10:50:38,290,leitura,,,,
,28.0,,,2026-06-28 10:50:38,290,atuador,BOMBA-Q,PRINCIPAL,,
,28.0,,,2026-06-28 10:50:38,290,atuador,BOMBA-F,PRINCIPAL,,
TQ-MIX-TT,74.8017,C,OK,2026-06-28 10:50:41,291,leitura,,,,
TQ-MIX-LT,71.6643,%,OK,2026-06-28 10:50:41,291,leitura,,,,
TQ-MIX-PT,2.43329,BAR,OK,2026-06-28 10:50:41,291,leitura,,,,
RES-Q-TT,74.8017,C,OK,2026-06-28 10:50:41,291,leitura,,,,
RES-F-TT,12.8286,C,OK,2026-06-28 10:50:41,291,leitura,,,,
,28.0,,,2026-06-28 10:50:41,291,atuador,BOMBA-Q,PRINCIPAL,,
,28.0,,,2026-06-28 10:50:41,291,atuador,BOMBA-F,PRINCIPAL,,
TQ-MIX-TT,12.8189,C,OK,2026-06-28 10:50:44,292,leitura,,,,
TQ-MIX-LT,71.5203,%,OK,2026-06-28 10:50:44,292,leitura,,,,
TQ-MIX-PT,2.43041,BAR,OK,2026-06-28 10:50:44,292,leitura,,,,
RES-Q-TT,74.846,C,OK,2026-06-28 10:50:44,292,leitura,,,,
RES-F-TT,12.8189,C,OK,2026-06-28 10:50:44,292,leitura,,,,
,28.0,,,2026-06-28 10:50:44,292,atuador,BOMBA-Q,PRINCIPAL,,
,28.0,,,2026-06-28 10:50:44,292,atuador,BOMBA-F,PRINCIPAL,,
TQ-MIX-TT,74.6019,C,OK,2026-06-28 10:50:47,293,leitura,,,,
TQ-MIX-LT,71.3763,%,OK,2026-06-28 10:50:47,293,leitura,,,,
TQ-MIX-PT,2.42753,BAR,OK,2026-06-28 10:50:47,293,leitura,,,,
RES-Q-TT,74.6019,C,OK,2026-06-28 10:50:47,293,leitura,,,,
RES-F-TT,13.0772,C,OK,2026-06-28 10:50:47,293,leitura,,,,
,28.0,,,2026-06-28 10:50:47,293,atuador,BOMBA-Q,PRINCIPAL,,
,28.0,,,2026-06-28 10:50:47,293,atuador,BOMBA-F,PRINCIPAL,,
TQ-MIX-TT,12.8645,C,OK,2026-06-28 10:50:50,294,leitura,,,,
TQ-MIX-LT,71.2323,%,OK,2026-06-28 10:50:50,294,leitura,,,,
TQ-MIX-PT,2.42465,BAR,OK,2026-06-28 10:50:50,294,leitura,,,,
RES-Q-TT,74.5485,C,OK,2026-06-28 10:50:50,294,leitura,,,,
RES-F-TT,12.8645,C,OK,2026-06-28 10:50:50,294,leitura,,,,
,28.0,,,2026-06-28 10:50:50,294,atuador,BOMBA-Q,PRINCIPAL,,
,28.0,,,2026-06-28 10:50:50,294,atuador,BOMBA-F,PRINCIPAL,,
TQ-MIX-TT,74.6583,C,OK,2026-06-28 10:50:53,295,leitura,,,,
TQ-MIX-LT,71.0883,%,OK,2026-06-28 10:50:53,295,leitura,,,,
TQ-MIX-PT,2.42177,BAR,OK,2026-06-28 10:50:53,295,leitura,,,,
RES-Q-TT,74.6583,C,OK,2026-06-28 10:50:53,295,leitura,,,,
RES-F-TT,13.0479,C,OK,2026-06-28 10:50:53,295,leitura,,,,
,28.0,,,2026-06-28 10:50:53,295,atuador,BOMBA-Q,PRINCIPAL,,
,28.0,,,2026-06-28 10:50:53,295,atuador,BOMBA-F,PRINCIPAL,,
TQ-MIX-TT,12.8999,C,OK,2026-06-28 10:50:56,296,leitura,,,,
TQ-MIX-LT,70.9443,%,OK,2026-06-28 10:50:56,296,leitura,,,,
TQ-MIX-PT,2.41889,BAR,OK,2026-06-28 10:50:56,296,leitura,,,,
RES-Q-TT,74.8805,C,OK,2026-06-28 10:50:56,296,leitura,,,,
RES-F-TT,12.8999,C,OK,2026-06-28 10:50:56,296,leitura,,,,
,28.0,,,2026-06-28 10:50:56,296,atuador,BOMBA-Q,PRINCIPAL,,
,28.0,,,2026-06-28 10:50:56,296,atuador,BOMBA-F,PRINCIPAL,,
TQ-MIX-TT,75.0367,C,OK,2026-06-28 10:50:59,297,leitura,,,,
TQ-MIX-LT,70.8003,%,OK,2026-06-28 10:50:59,297,leitura,,,,
TQ-MIX-PT,2.41601,BAR,OK,2026-06-28 10:50:59,297,leitura,,,,
RES-Q-TT,75.0367,C,OK,2026-06-28 10:50:59,297,leitura,,,,
RES-F-TT,12.6204,C,OK,2026-06-28 10:50:59,297,leitura,,,,
,28.0,,,2026-06-28 10:50:59,297,atuador,BOMBA-Q,PRINCIPAL,,
,28.0,,,2026-06-28 10:50:59,297,atuador,BOMBA-F,PRINCIPAL,,
TQ-MIX-TT,12.436,C,OK,2026-06-28 10:51:02,298,leitura,,,,
TQ-MIX-LT,70.6563,%,OK,2026-06-28 10:51:02,298,leitura,,,,
TQ-MIX-PT,2.41313,BAR,OK,2026-06-28 10:51:02,298,leitura,,,,
RES-Q-TT,75.1301,C,OK,2026-06-28 10:51:02,298,leitura,,,,
RES-F-TT,12.436,C,OK,2026-06-28 10:51:02,298,leitura,,,,
,28.0,,,2026-06-28 10:51:02,298,atuador,BOMBA-Q,PRINCIPAL,,
,28.0,,,2026-06-28 10:51:02,298,atuador,BOMBA-F,PRINCIPAL,,
TQ-MIX-TT,75.2282,C,OK,2026-06-28 10:51:05,299,leitura,,,,
TQ-MIX-LT,70.5123,%,OK,2026-06-28 10:51:05,299,leitura,,,,
TQ-MIX-PT,2.41025,BAR,OK,2026-06-28 10:51:05,299,leitura,,,,
RES-Q-TT,75.2282,C,OK,2026-06-28 10:51:05,299,leitura,,,,
RES-F-TT,12.7139,C,OK,2026-06-28 10:51:05,299,leitura,,,,
,28.0,,,2026-06-28 10:51:05,299,atuador,BOMBA-Q,PRINCIPAL,,
,28.0,,,2026-06-28 10:51:05,299,atuador,BOMBA-F,PRINCIPAL,,
TQ-MIX-TT,12.4655,C,OK,2026-06-28 10:51:08,300,leitura,,,,
TQ-MIX-LT,70.3683,%,OK,2026-06-28 10:51:08,300,leitura,,,,
TQ-MIX-PT,2.4073700000000002,BAR,OK,2026-06-28 10:51:08,300,leitura,,,,
RES-Q-TT,75.2399,C,OK,2026-06-28 10:51:08,300,leitura,,,,
RES-F-TT,12.4655,C,OK,2026-06-28 10:51:08,300,leitura,,,,
,28.0,,,2026-06-28 10:51:08,300,atuador,BOMBA-Q,PRINCIPAL,,
,28.0,,,2026-06-28 10:51:08,300,atuador,BOMBA-F,PRINCIPAL,,
TQ-MIX-TT,75.1559,C,OK,2026-06-28 10:51:11,301,leitura,,,,
TQ-MIX-LT,70.2243,%,OK,2026-06-28 10:51:11,301,leitura,,,,
TQ-MIX-PT,2.40449,BAR,OK,2026-06-28 10:51:11,301,leitura,,,,
RES-Q-TT,75.1559,C,OK,2026-06-28 10:51:11,301,leitura,,,,
RES-F-TT,12.5575,C,OK,2026-06-28 10:51:11,301,leitura,,,,
,28.0,,,2026-06-28 10:51:11,301,atuador,BOMBA-Q,PRINCIPAL,,
,28.0,,,2026-06-28 10:51:11,301,atuador,BOMBA-F,PRINCIPAL,,
TQ-MIX-TT,12.2597,C,OK,2026-06-28 10:51:14,302,leitura,,,,
TQ-MIX-LT,70.0803,%,OK,2026-06-28 10:51:14,302,leitura,,,,
TQ-MIX-PT,2.40161,BAR,OK,2026-06-28 10:51:14,302,leitura,,,,
RES-Q-TT,75.1664,C,OK,2026-06-28 10:51:14,302,leitura,,,,
RES-F-TT,12.2597,C,OK,2026-06-28 10:51:14,302,leitura,,,,
,28.0,,,2026-06-28 10:51:14,302,atuador,BOMBA-Q,PRINCIPAL,,
,28.0,,,2026-06-28 10:51:14,302,atuador,BOMBA-F,PRINCIPAL,,
TQ-MIX-TT,75.22,C,OK,2026-06-28 10:51:17,303,leitura,,,,
TQ-MIX-LT,69.9363,%,OK,2026-06-28 10:51:17,303,leitura,,,,
TQ-MIX-PT,2.39873,BAR,OK,2026-06-28 10:51:17,303,leitura,,,,
RES-Q-TT,75.22,C,OK,2026-06-28 10:51:17,303,leitura,,,,
RES-F-TT,11.9775,C,OK,2026-06-28 10:51:17,303,leitura,,,,
,28.0,,,2026-06-28 10:51:17,303,atuador,BOMBA-Q,PRINCIPAL,,
,28.0,,,2026-06-28 10:51:17,303,atuador,BOMBA-F,PRINCIPAL,,
TQ-MIX-TT,12.1814,C,OK,2026-06-28 10:51:20,304,leitura,,,,
TQ-MIX-LT,69.7923,%,OK,2026-06-28 10:51:20,304,leitura,,,,
TQ-MIX-PT,2.3958500000000003,BAR,OK,2026-06-28 10:51:20,304,leitura,,,,
RES-Q-TT,75.1656,C,OK,2026-06-28 10:51:20,304,leitura,,,,
RES-F-TT,12.1814,C,OK,2026-06-28 10:51:20,304,leitura,,,,
,28.0,,,2026-06-28 10:51:20,304,atuador,BOMBA-Q,PRINCIPAL,,
,28.0,,,2026-06-28 10:51:20,304,atuador,BOMBA-F,PRINCIPAL,,
TQ-MIX-TT,75.0646,C,OK,2026-06-28 10:51:23,305,leitura,,,,
TQ-MIX-LT,69.6483,%,OK,2026-06-28 10:51:23,305,leitura,,,,
TQ-MIX-PT,2.39297,BAR,OK,2026-06-28 10:51:23,305,leitura,,,,
RES-Q-TT,75.0646,C,OK,2026-06-28 10:51:23,305,leitura,,,,
RES-F-TT,12.3205,C,OK,2026-06-28 10:51:23,305,leitura,,,,
,28.0,,,2026-06-28 10:51:23,305,atuador,BOMBA-Q,PRINCIPAL,,
,28.0,,,2026-06-28 10:51:23,305,atuador,BOMBA-F,PRINCIPAL,,
TQ-MIX-TT,12.6057,C,OK,2026-06-28 10:51:26,306,leitura,,,,
TQ-MIX-LT,69.5043,%,OK,2026-06-28 10:51:26,306,leitura,,,,
TQ-MIX-PT,2.39009,BAR,OK,2026-06-28 10:51:26,306,leitura,,,,
RES-Q-TT,74.7321,C,OK,2026-06-28 10:51:26,306,leitura,,,,
RES-F-TT,12.6057,C,OK,2026-06-28 10:51:26,306,leitura,,,,
,28.0,,,2026-06-28 10:51:26,306,atuador,BOMBA-Q,PRINCIPAL,,
,28.0,,,2026-06-28 10:51:26,306,atuador,BOMBA-F,PRINCIPAL,,
TQ-MIX-TT,74.4622,C,OK,2026-06-28 10:51:29,307,leitura,,,,
TQ-MIX-LT,69.3603,%,OK,2026-06-28 10:51:29,307,leitura,,,,
TQ-MIX-PT,2.38721,BAR,OK,2026-06-28 10:51:29,307,leitura,,,,
RES-Q-TT,74.4622,C,OK,2026-06-28 10:51:29,307,leitura,,,,
RES-F-TT,12.8158,C,OK,2026-06-28 10:51:29,307,leitura,,,,
,28.0,,,2026-06-28 10:51:29,307,atuador,BOMBA-Q,PRINCIPAL,,
,28.0,,,2026-06-28 10:51:29,307,atuador,BOMBA-F,PRINCIPAL,,
TQ-MIX-TT,13.0582,C,OK,2026-06-28 10:51:32,308,leitura,,,,
TQ-MIX-LT,69.2163,%,OK,2026-06-28 10:51:32,308,leitura,,,,
TQ-MIX-PT,2.38433,BAR,OK,2026-06-28 10:51:32,308,leitura,,,,
RES-Q-TT,74.3694,C,OK,2026-06-28 10:51:32,308,leitura,,,,
RES-F-TT,13.0582,C,OK,2026-06-28 10:51:32,308,leitura,,,,
,28.0,,,2026-06-28 10:51:32,308,atuador,BOMBA-Q,PRINCIPAL,,
,28.0,,,2026-06-28 10:51:32,308,atuador,BOMBA-F,PRINCIPAL,,
TQ-MIX-TT,74.2438,C,OK,2026-06-28 10:51:35,309,leitura,,,,
TQ-MIX-LT,69.0723,%,OK,2026-06-28 10:51:35,309,leitura,,,,
TQ-MIX-PT,2.38145,BAR,OK,2026-06-28 10:51:35,309,leitura,,,,
RES-Q-TT,74.2438,C,OK,2026-06-28 10:51:35,309,leitura,,,,
RES-F-TT,13.1298,C,OK,2026-06-28 10:51:35,309,leitura,,,,
,28.0,,,2026-06-28 10:51:35,309,atuador,BOMBA-Q,PRINCIPAL,,
,28.0,,,2026-06-28 10:51:35,309,atuador,BOMBA-F,PRINCIPAL,,
TQ-MIX-TT,13.1253,C,OK,2026-06-28 10:51:38,310,leitura,,,,
TQ-MIX-LT,68.9283,%,OK,2026-06-28 10:51:38,310,leitura,,,,
TQ-MIX-PT,2.37857,BAR,OK,2026-06-28 10:51:38,310,leitura,,,,
RES-Q-TT,74.0303,C,OK,2026-06-28 10:51:38,310,leitura,,,,
RES-F-TT,13.1253,C,OK,2026-06-28 10:51:38,310,leitura,,,,
,28.0,,,2026-06-28 10:51:38,310,atuador,BOMBA-Q,PRINCIPAL,,
,28.0,,,2026-06-28 10:51:38,310,atuador,BOMBA-F,PRINCIPAL,,
TQ-MIX-TT,74.0004,C,OK,2026-06-28 10:51:41,311,leitura,,,,
TQ-MIX-LT,68.7843,%,OK,2026-06-28 10:51:41,311,leitura,,,,
TQ-MIX-PT,2.37569,BAR,OK,2026-06-28 10:51:41,311,leitura,,,,
RES-Q-TT,74.0004,C,OK,2026-06-28 10:51:41,311,leitura,,,,
RES-F-TT,12.9205,C,OK,2026-06-28 10:51:41,311,leitura,,,,
,28.0,,,2026-06-28 10:51:41,311,atuador,BOMBA-Q,PRINCIPAL,,
,28.0,,,2026-06-28 10:51:41,311,atuador,BOMBA-F,PRINCIPAL,,
TQ-MIX-TT,13.0364,C,OK,2026-06-28 10:51:44,312,leitura,,,,
TQ-MIX-LT,68.6403,%,OK,2026-06-28 10:51:44,312,leitura,,,,
TQ-MIX-PT,2.37281,BAR,OK,2026-06-28 10:51:44,312,leitura,,,,
RES-Q-TT,74.0031,C,OK,2026-06-28 10:51:44,312,leitura,,,,
RES-F-TT,13.0364,C,OK,2026-06-28 10:51:44,312,leitura,,,,
,28.0,,,2026-06-28 10:51:44,312,atuador,BOMBA-Q,PRINCIPAL,,
,28.0,,,2026-06-28 10:51:44,312,atuador,BOMBA-F,PRINCIPAL,,
TQ-MIX-TT,74.2127,C,OK,2026-06-28 10:51:47,313,leitura,,,,
TQ-MIX-LT,68.4963,%,OK,2026-06-28 10:51:47,313,leitura,,,,
TQ-MIX-PT,2.36993,BAR,OK,2026-06-28 10:51:47,313,leitura,,,,
RES-Q-TT,74.2127,C,OK,2026-06-28 10:51:47,313,leitura,,,,
RES-F-TT,12.928,C,OK,2026-06-28 10:51:47,313,leitura,,,,
,28.0,,,2026-06-28 10:51:47,313,atuador,BOMBA-Q,PRINCIPAL,,
,28.0,,,2026-06-28 10:51:47,313,atuador,BOMBA-F,PRINCIPAL,,
TQ-MIX-TT,13.1019,C,OK,2026-06-28 10:51:50,314,leitura,,,,
TQ-MIX-LT,68.3523,%,OK,2026-06-28 10:51:50,314,leitura,,,,
TQ-MIX-PT,2.36705,BAR,OK,2026-06-28 10:51:50,314,leitura,,,,
RES-Q-TT,74.1547,C,OK,2026-06-28 10:51:50,314,leitura,,,,
RES-F-TT,13.1019,C,OK,2026-06-28 10:51:50,314,leitura,,,,
,28.0,,,2026-06-28 10:51:50,314,atuador,BOMBA-Q,PRINCIPAL,,
,28.0,,,2026-06-28 10:51:50,314,atuador,BOMBA-F,PRINCIPAL,,
TQ-MIX-TT,73.8921,C,OK,2026-06-28 10:51:53,315,leitura,,,,
TQ-MIX-LT,68.2083,%,OK,2026-06-28 10:51:53,315,leitura,,,,
TQ-MIX-PT,2.36417,BAR,OK,2026-06-28 10:51:53,315,leitura,,,,
RES-Q-TT,73.8921,C,OK,2026-06-28 10:51:53,315,leitura,,,,
RES-F-TT,12.8879,C,OK,2026-06-28 10:51:53,315,leitura,,,,
,28.0,,,2026-06-28 10:51:53,315,atuador,BOMBA-Q,PRINCIPAL,,
,28.0,,,2026-06-28 10:51:53,315,atuador,BOMBA-F,PRINCIPAL,,
TQ-MIX-TT,12.6481,C,OK,2026-06-28 10:51:56,316,leitura,,,,
TQ-MIX-LT,68.0643,%,OK,2026-06-28 10:51:56,316,leitura,,,,
TQ-MIX-PT,2.36129,BAR,OK,2026-06-28 10:51:56,316,leitura,,,,
RES-Q-TT,73.9067,C,OK,2026-06-28 10:51:56,316,leitura,,,,
RES-F-TT,12.6481,C,OK,2026-06-28 10:51:56,316,leitura,,,,
,28.0,,,2026-06-28 10:51:56,316,atuador,BOMBA-Q,PRINCIPAL,,
,28.0,,,2026-06-28 10:51:56,316,atuador,BOMBA-F,PRINCIPAL,,
TQ-MIX-TT,74.0895,C,OK,2026-06-28 10:51:59,317,leitura,,,,
TQ-MIX-LT,67.9203,%,OK,2026-06-28 10:51:59,317,leitura,,,,
TQ-MIX-PT,2.35841,BAR,OK,2026-06-28 10:51:59,317,leitura,,,,
RES-Q-TT,74.0895,C,OK,2026-06-28 10:51:59,317,leitura,,,,
RES-F-TT,12.6114,C,OK,2026-06-28 10:51:59,317,leitura,,,,
,28.0,,,2026-06-28 10:51:59,317,atuador,BOMBA-Q,PRINCIPAL,,
,28.0,,,2026-06-28 10:51:59,317,atuador,BOMBA-F,PRINCIPAL,,
TQ-MIX-TT,12.832699999999999,C,OK,2026-06-28 10:52:02,318,leitura,,,,
TQ-MIX-LT,67.7763,%,OK,2026-06-28 10:52:02,318,leitura,,,,
TQ-MIX-PT,2.35553,BAR,OK,2026-06-28 10:52:02,318,leitura,,,,
RES-Q-TT,74.1944,C,OK,2026-06-28 10:52:02,318,leitura,,,,
RES-F-TT,12.832699999999999,C,OK,2026-06-28 10:52:02,318,leitura,,,,
,28.0,,,2026-06-28 10:52:02,318,atuador,BOMBA-Q,PRINCIPAL,,
,28.0,,,2026-06-28 10:52:02,318,atuador,BOMBA-F,PRINCIPAL,,
TQ-MIX-TT,74.3038,C,OK,2026-06-28 10:52:05,319,leitura,,,,
TQ-MIX-LT,67.6323,%,OK,2026-06-28 10:52:05,319,leitura,,,,
TQ-MIX-PT,2.35265,BAR,OK,2026-06-28 10:52:05,319,leitura,,,,
RES-Q-TT,74.3038,C,OK,2026-06-28 10:52:05,319,leitura,,,,
RES-F-TT,13.0241,C,OK,2026-06-28 10:52:05,319,leitura,,,,
,28.0,,,2026-06-28 10:52:05,319,atuador,BOMBA-Q,PRINCIPAL,,
,28.0,,,2026-06-28 10:52:05,319,atuador,BOMBA-F,PRINCIPAL,,
TQ-MIX-TT,12.8038,C,OK,2026-06-28 10:52:08,320,leitura,,,,
TQ-MIX-LT,67.4883,%,OK,2026-06-28 10:52:08,320,leitura,,,,
TQ-MIX-PT,2.34977,BAR,OK,2026-06-28 10:52:08,320,leitura,,,,
RES-Q-TT,74.2958,C,OK,2026-06-28 10:52:08,320,leitura,,,,
RES-F-TT,12.8038,C,OK,2026-06-28 10:52:08,320,leitura,,,,
,28.0,,,2026-06-28 10:52:08,320,atuador,BOMBA-Q,PRINCIPAL,,
,28.0,,,2026-06-28 10:52:08,320,atuador,BOMBA-F,PRINCIPAL,,
TQ-MIX-TT,74.0298,C,OK,2026-06-28 10:52:11,321,leitura,,,,
TQ-MIX-LT,67.3443,%,OK,2026-06-28 10:52:11,321,leitura,,,,
TQ-MIX-PT,2.34689,BAR,OK,2026-06-28 10:52:11,321,leitura,,,,
RES-Q-TT,74.0298,C,OK,2026-06-28 10:52:11,321,leitura,,,,
RES-F-TT,12.7785,C,OK,2026-06-28 10:52:11,321,leitura,,,,
,28.0,,,2026-06-28 10:52:11,321,atuador,BOMBA-Q,PRINCIPAL,,
,28.0,,,2026-06-28 10:52:11,321,atuador,BOMBA-F,PRINCIPAL,,
TQ-MIX-TT,12.8136,C,OK,2026-06-28 10:52:14,322,leitura,,,,
TQ-MIX-LT,67.2003,%,OK,2026-06-28 10:52:14,322,leitura,,,,
TQ-MIX-PT,2.34401,BAR,OK,2026-06-28 10:52:14,322,leitura,,,,
RES-Q-TT,74.1316,C,OK,2026-06-28 10:52:14,322,leitura,,,,
RES-F-TT,12.8136,C,OK,2026-06-28 10:52:14,322,leitura,,,,
,28.0,,,2026-06-28 10:52:14,322,atuador,BOMBA-Q,PRINCIPAL,,
,28.0,,,2026-06-28 10:52:14,322,atuador,BOMBA-F,PRINCIPAL,,
TQ-MIX-TT,74.3854,C,OK,2026-06-28 10:52:17,323,leitura,,,,
TQ-MIX-LT,67.0563,%,OK,2026-06-28 10:52:17,323,leitura,,,,
TQ-MIX-PT,2.34113,BAR,OK,2026-06-28 10:52:17,323,leitura,,,,
RES-Q-TT,74.3854,C,OK,2026-06-28 10:52:17,323,leitura,,,,
RES-F-TT,13.082,C,OK,2026-06-28 10:52:17,323,leitura,,,,
,28.0,,,2026-06-28 10:52:17,323,atuador,BOMBA-Q,PRINCIPAL,,
,28.0,,,2026-06-28 10:52:17,323,atuador,BOMBA-F,PRINCIPAL,,
TQ-MIX-TT,13.254,C,OK,2026-06-28 10:52:20,324,leitura,,,,
TQ-MIX-LT,66.9123,%,OK,2026-06-28 10:52:20,324,leitura,,,,
TQ-MIX-PT,2.33825,BAR,OK,2026-06-28 10:52:20,324,leitura,,,,
RES-Q-TT,74.1226,C,OK,2026-06-28 10:52:20,324,leitura,,,,
RES-F-TT,13.254,C,OK,2026-06-28 10:52:20,324,leitura,,,,
,28.0,,,2026-06-28 10:52:20,324,atuador,BOMBA-Q,PRINCIPAL,,
,28.0,,,2026-06-28 10:52:20,324,atuador,BOMBA-F,PRINCIPAL,,
TQ-MIX-TT,74.3393,C,OK,2026-06-28 10:52:23,325,leitura,,,,
TQ-MIX-LT,66.7683,%,OK,2026-06-28 10:52:23,325,leitura,,,,
TQ-MIX-PT,2.33537,BAR,OK,2026-06-28 10:52:23,325,leitura,,,,
RES-Q-TT,74.3393,C,OK,2026-06-28 10:52:23,325,leitura,,,,
RES-F-TT,13.1498,C,OK,2026-06-28 10:52:23,325,leitura,,,,
,28.0,,,2026-06-28 10:52:23,325,atuador,BOMBA-Q,PRINCIPAL,,
,28.0,,,2026-06-28 10:52:23,325,atuador,BOMBA-F,PRINCIPAL,,
TQ-MIX-TT,13.382,C,OK,2026-06-28 10:52:26,326,leitura,,,,
TQ-MIX-LT,66.6243,%,OK,2026-06-28 10:52:26,326,leitura,,,,
TQ-MIX-PT,2.33249,BAR,OK,2026-06-28 10:52:26,326,leitura,,,,
RES-Q-TT,74.4153,C,OK,2026-06-28 10:52:26,326,leitura,,,,
RES-F-TT,13.382,C,OK,2026-06-28 10:52:26,326,leitura,,,,
,28.0,,,2026-06-28 10:52:26,326,atuador,BOMBA-Q,PRINCIPAL,,
,28.0,,,2026-06-28 10:52:26,326,atuador,BOMBA-F,PRINCIPAL,,
TQ-MIX-TT,74.1351,C,OK,2026-06-28 10:52:29,327,leitura,,,,
TQ-MIX-LT,66.4803,%,OK,2026-06-28 10:52:29,327,leitura,,,,
TQ-MIX-PT,2.32961,BAR,OK,2026-06-28 10:52:29,327,leitura,,,,
RES-Q-TT,74.1351,C,OK,2026-06-28 10:52:29,327,leitura,,,,
RES-F-TT,13.5818,C,OK,2026-06-28 10:52:29,327,leitura,,,,
,28.0,,,2026-06-28 10:52:29,327,atuador,BOMBA-Q,PRINCIPAL,,
,28.0,,,2026-06-28 10:52:29,327,atuador,BOMBA-F,PRINCIPAL,,
TQ-MIX-TT,13.4263,C,OK,2026-06-28 10:52:32,328,leitura,,,,
TQ-MIX-LT,66.3363,%,OK,2026-06-28 10:52:32,328,leitura,,,,
TQ-MIX-PT,2.32673,BAR,OK,2026-06-28 10:52:32,328,leitura,,,,
RES-Q-TT,73.849,C,OK,2026-06-28 10:52:32,328,leitura,,,,
RES-F-TT,13.4263,C,OK,2026-06-28 10:52:32,328,leitura,,,,
,28.0,,,2026-06-28 10:52:32,328,atuador,BOMBA-Q,PRINCIPAL,,
,28.0,,,2026-06-28 10:52:32,328,atuador,BOMBA-F,PRINCIPAL,,
TQ-MIX-TT,74.0129,C,OK,2026-06-28 10:52:35,329,leitura,,,,
TQ-MIX-LT,66.1923,%,OK,2026-06-28 10:52:35,329,leitura,,,,
TQ-MIX-PT,2.32385,BAR,OK,2026-06-28 10:52:35,329,leitura,,,,
RES-Q-TT,74.0129,C,OK,2026-06-28 10:52:35,329,leitura,,,,
RES-F-TT,13.1789,C,OK,2026-06-28 10:52:35,329,leitura,,,,
,28.0,,,2026-06-28 10:52:35,329,atuador,BOMBA-Q,PRINCIPAL,,
,28.0,,,2026-06-28 10:52:35,329,atuador,BOMBA-F,PRINCIPAL,,
TQ-MIX-TT,12.9434,C,OK,2026-06-28 10:52:38,330,leitura,,,,
TQ-MIX-LT,66.0483,%,OK,2026-06-28 10:52:38,330,leitura,,,,
TQ-MIX-PT,2.32097,BAR,OK,2026-06-28 10:52:38,330,leitura,,,,
RES-Q-TT,74.0346,C,OK,2026-06-28 10:52:38,330,leitura,,,,
RES-F-TT,12.9434,C,OK,2026-06-28 10:52:38,330,leitura,,,,
,28.0,,,2026-06-28 10:52:38,330,atuador,BOMBA-Q,PRINCIPAL,,
,28.0,,,2026-06-28 10:52:38,330,atuador,BOMBA-F,PRINCIPAL,,
TQ-MIX-TT,73.9485,C,OK,2026-06-28 10:52:41,331,leitura,,,,
TQ-MIX-LT,65.9043,%,OK,2026-06-28 10:52:41,331,leitura,,,,
TQ-MIX-PT,2.31809,BAR,OK,2026-06-28 10:52:41,331,leitura,,,,
RES-Q-TT,73.9485,C,OK,2026-06-28 10:52:41,331,leitura,,,,
RES-F-TT,12.7946,C,OK,2026-06-28 10:52:41,331,leitura,,,,
,28.0,,,2026-06-28 10:52:41,331,atuador,BOMBA-Q,PRINCIPAL,,
,28.0,,,2026-06-28 10:52:41,331,atuador,BOMBA-F,PRINCIPAL,,
TQ-MIX-TT,13.0464,C,OK,2026-06-28 10:52:44,332,leitura,,,,
TQ-MIX-LT,65.7603,%,OK,2026-06-28 10:52:44,332,leitura,,,,
TQ-MIX-PT,2.31521,BAR,OK,2026-06-28 10:52:44,332,leitura,,,,
RES-Q-TT,74.0911,C,OK,2026-06-28 10:52:44,332,leitura,,,,
RES-F-TT,13.0464,C,OK,2026-06-28 10:52:44,332,leitura,,,,
,28.0,,,2026-06-28 10:52:44,332,atuador,BOMBA-Q,PRINCIPAL,,
,28.0,,,2026-06-28 10:52:44,332,atuador,BOMBA-F,PRINCIPAL,,
TQ-MIX-TT,74.0722,C,OK,2026-06-28 10:52:47,333,leitura,,,,
TQ-MIX-LT,65.6163,%,OK,2026-06-28 10:52:47,333,leitura,,,,
TQ-MIX-PT,2.31233,BAR,OK,2026-06-28 10:52:47,333,leitura,,,,
RES-Q-TT,74.0722,C,OK,2026-06-28 10:52:47,333,leitura,,,,
RES-F-TT,12.8016,C,OK,2026-06-28 10:52:47,333,leitura,,,,
,28.0,,,2026-06-28 10:52:47,333,atuador,BOMBA-Q,PRINCIPAL,,
,28.0,,,2026-06-28 10:52:47,333,atuador,BOMBA-F,PRINCIPAL,,
TQ-MIX-TT,12.7408,C,OK,2026-06-28 10:52:50,334,leitura,,,,
TQ-MIX-LT,65.4723,%,OK,2026-06-28 10:52:50,334,leitura,,,,
TQ-MIX-PT,2.30945,BAR,OK,2026-06-28 10:52:50,334,leitura,,,,
RES-Q-TT,74.0268,C,OK,2026-06-28 10:52:50,334,leitura,,,,
RES-F-TT,12.7408,C,OK,2026-06-28 10:52:50,334,leitura,,,,
,28.0,,,2026-06-28 10:52:50,334,atuador,BOMBA-Q,PRINCIPAL,,
,28.0,,,2026-06-28 10:52:50,334,atuador,BOMBA-F,PRINCIPAL,,
TQ-MIX-TT,74.2522,C,OK,2026-06-28 10:52:53,335,leitura,,,,
TQ-MIX-LT,65.3283,%,OK,2026-06-28 10:52:53,335,leitura,,,,
TQ-MIX-PT,2.30657,BAR,OK,2026-06-28 10:52:53,335,leitura,,,,
RES-Q-TT,74.2522,C,OK,2026-06-28 10:52:53,335,leitura,,,,
RES-F-TT,13.0029,C,OK,2026-06-28 10:52:53,335,leitura,,,,
,28.0,,,2026-06-28 10:52:53,335,atuador,BOMBA-Q,PRINCIPAL,,
,28.0,,,2026-06-28 10:52:53,335,atuador,BOMBA-F,PRINCIPAL,,
TQ-MIX-TT,13.0013,C,OK,2026-06-28 10:52:56,336,leitura,,,,
TQ-MIX-LT,65.1843,%,OK,2026-06-28 10:52:56,336,leitura,,,,
TQ-MIX-PT,2.30369,BAR,OK,2026-06-28 10:52:56,336,leitura,,,,
RES-Q-TT,74.391,C,OK,2026-06-28 10:52:56,336,leitura,,,,
RES-F-TT,13.0013,C,OK,2026-06-28 10:52:56,336,leitura,,,,
,28.0,,,2026-06-28 10:52:56,336,atuador,BOMBA-Q,PRINCIPAL,,
,28.0,,,2026-06-28 10:52:56,336,atuador,BOMBA-F,PRINCIPAL,,
TQ-MIX-TT,74.1081,C,OK,2026-06-28 10:52:59,337,leitura,,,,
TQ-MIX-LT,65.0403,%,OK,2026-06-28 10:52:59,337,leitura,,,,
TQ-MIX-PT,2.3008100000000002,BAR,OK,2026-06-28 10:52:59,337,leitura,,,,
RES-Q-TT,74.1081,C,OK,2026-06-28 10:52:59,337,leitura,,,,
RES-F-TT,13.2127,C,OK,2026-06-28 10:52:59,337,leitura,,,,
,28.0,,,2026-06-28 10:52:59,337,atuador,BOMBA-Q,PRINCIPAL,,
,28.0,,,2026-06-28 10:52:59,337,atuador,BOMBA-F,PRINCIPAL,,
TQ-MIX-TT,13.137,C,OK,2026-06-28 10:53:02,338,leitura,,,,
TQ-MIX-LT,64.8963,%,OK,2026-06-28 10:53:02,338,leitura,,,,
TQ-MIX-PT,2.29793,BAR,OK,2026-06-28 10:53:02,338,leitura,,,,
RES-Q-TT,74.2748,C,OK,2026-06-28 10:53:02,338,leitura,,,,
RES-F-TT,13.137,C,OK,2026-06-28 10:53:02,338,leitura,,,,
,28.0,,,2026-06-28 10:53:02,338,atuador,BOMBA-Q,PRINCIPAL,,
,28.0,,,2026-06-28 10:53:02,338,atuador,BOMBA-F,PRINCIPAL,,
TQ-MIX-TT,74.1159,C,OK,2026-06-28 10:53:05,339,leitura,,,,
TQ-MIX-LT,64.7523,%,OK,2026-06-28 10:53:05,339,leitura,,,,
TQ-MIX-PT,2.29505,BAR,OK,2026-06-28 10:53:05,339,leitura,,,,
RES-Q-TT,74.1159,C,OK,2026-06-28 10:53:05,339,leitura,,,,
RES-F-TT,12.9824,C,OK,2026-06-28 10:53:05,339,leitura,,,,
,28.0,,,2026-06-28 10:53:05,339,atuador,BOMBA-Q,PRINCIPAL,,
,28.0,,,2026-06-28 10:53:05,339,atuador,BOMBA-F,PRINCIPAL,,
TQ-MIX-TT,12.8641,C,OK,2026-06-28 10:53:08,340,leitura,,,,
TQ-MIX-LT,64.6083,%,OK,2026-06-28 10:53:08,340,leitura,,,,
TQ-MIX-PT,2.29217,BAR,OK,2026-06-28 10:53:08,340,leitura,,,,
RES-Q-TT,74.023,C,OK,2026-06-28 10:53:08,340,leitura,,,,
RES-F-TT,12.8641,C,OK,2026-06-28 10:53:08,340,leitura,,,,
,28.0,,,2026-06-28 10:53:08,340,atuador,BOMBA-Q,PRINCIPAL,,
,28.0,,,2026-06-28 10:53:08,340,atuador,BOMBA-F,PRINCIPAL,,
TQ-MIX-TT,73.9467,C,OK,2026-06-28 10:53:11,341,leitura,,,,
TQ-MIX-LT,64.4643,%,OK,2026-06-28 10:53:11,341,leitura,,,,
TQ-MIX-PT,2.2892900000000003,BAR,OK,2026-06-28 10:53:11,341,leitura,,,,
RES-Q-TT,73.9467,C,OK,2026-06-28 10:53:11,341,leitura,,,,
RES-F-TT,12.6209,C,OK,2026-06-28 10:53:11,341,leitura,,,,
,28.0,,,2026-06-28 10:53:11,341,atuador,BOMBA-Q,PRINCIPAL,,
,28.0,,,2026-06-28 10:53:11,341,atuador,BOMBA-F,PRINCIPAL,,
TQ-MIX-TT,12.7994,C,OK,2026-06-28 10:53:14,342,leitura,,,,
TQ-MIX-LT,64.3203,%,OK,2026-06-28 10:53:14,342,leitura,,,,
TQ-MIX-PT,2.28641,BAR,OK,2026-06-28 10:53:14,342,leitura,,,,
RES-Q-TT,73.8478,C,OK,2026-06-28 10:53:14,342,leitura,,,,
RES-F-TT,12.7994,C,OK,2026-06-28 10:53:14,342,leitura,,,,
,28.0,,,2026-06-28 10:53:14,342,atuador,BOMBA-Q,PRINCIPAL,,
,28.0,,,2026-06-28 10:53:14,342,atuador,BOMBA-F,PRINCIPAL,,
TQ-MIX-TT,73.8319,C,OK,2026-06-28 10:53:17,343,leitura,,,,
TQ-MIX-LT,64.1763,%,OK,2026-06-28 10:53:17,343,leitura,,,,
TQ-MIX-PT,2.28353,BAR,OK,2026-06-28 10:53:17,343,leitura,,,,
RES-Q-TT,73.8319,C,OK,2026-06-28 10:53:17,343,leitura,,,,
RES-F-TT,12.9108,C,OK,2026-06-28 10:53:17,343,leitura,,,,
,28.0,,,2026-06-28 10:53:17,343,atuador,BOMBA-Q,PRINCIPAL,,
,28.0,,,2026-06-28 10:53:17,343,atuador,BOMBA-F,PRINCIPAL,,
TQ-MIX-TT,12.7671,C,OK,2026-06-28 10:53:20,344,leitura,,,,
TQ-MIX-LT,64.0323,%,OK,2026-06-28 10:53:20,344,leitura,,,,
TQ-MIX-PT,2.28065,BAR,OK,2026-06-28 10:53:20,344,leitura,,,,
RES-Q-TT,74.0192,C,OK,2026-06-28 10:53:20,344,leitura,,,,
RES-F-TT,12.7671,C,OK,2026-06-28 10:53:20,344,leitura,,,,
,28.0,,,2026-06-28 10:53:20,344,atuador,BOMBA-Q,PRINCIPAL,,
,28.0,,,2026-06-28 10:53:20,344,atuador,BOMBA-F,PRINCIPAL,,
TQ-MIX-TT,74.1503,C,OK,2026-06-28 10:53:23,345,leitura,,,,
TQ-MIX-LT,63.8883,%,OK,2026-06-28 10:53:23,345,leitura,,,,
TQ-MIX-PT,2.27777,BAR,OK,2026-06-28 10:53:23,345,leitura,,,,
RES-Q-TT,74.1503,C,OK,2026-06-28 10:53:23,345,leitura,,,,
RES-F-TT,12.8849,C,OK,2026-06-28 10:53:23,345,leitura,,,,
,28.0,,,2026-06-28 10:53:23,345,atuador,BOMBA-Q,PRINCIPAL,,
,28.0,,,2026-06-28 10:53:23,345,atuador,BOMBA-F,PRINCIPAL,,
TQ-MIX-TT,12.606,C,OK,2026-06-28 10:53:26,346,leitura,,,,
TQ-MIX-LT,63.7443,%,OK,2026-06-28 10:53:26,346,leitura,,,,
TQ-MIX-PT,2.27489,BAR,OK,2026-06-28 10:53:26,346,leitura,,,,
RES-Q-TT,74.3302,C,OK,2026-06-28 10:53:26,346,leitura,,,,
RES-F-TT,12.606,C,OK,2026-06-28 10:53:26,346,leitura,,,,
,28.0,,,2026-06-28 10:53:26,346,atuador,BOMBA-Q,PRINCIPAL,,
,28.0,,,2026-06-28 10:53:26,346,atuador,BOMBA-F,PRINCIPAL,,
TQ-MIX-TT,74.1134,C,OK,2026-06-28 10:53:29,347,leitura,,,,
TQ-MIX-LT,63.6003,%,OK,2026-06-28 10:53:29,347,leitura,,,,
TQ-MIX-PT,2.27201,BAR,OK,2026-06-28 10:53:29,347,leitura,,,,
RES-Q-TT,74.1134,C,OK,2026-06-28 10:53:29,347,leitura,,,,
RES-F-TT,12.7447,C,OK,2026-06-28 10:53:29,347,leitura,,,,
,28.0,,,2026-06-28 10:53:29,347,atuador,BOMBA-Q,PRINCIPAL,,
,28.0,,,2026-06-28 10:53:29,347,atuador,BOMBA-F,PRINCIPAL,,
TQ-MIX-TT,12.7214,C,OK,2026-06-28 10:53:32,348,leitura,,,,
TQ-MIX-LT,63.4563,%,OK,2026-06-28 10:53:32,348,leitura,,,,
TQ-MIX-PT,2.26913,BAR,OK,2026-06-28 10:53:32,348,leitura,,,,
RES-Q-TT,74.1799,C,OK,2026-06-28 10:53:32,348,leitura,,,,
RES-F-TT,12.7214,C,OK,2026-06-28 10:53:32,348,leitura,,,,
,28.0,,,2026-06-28 10:53:32,348,atuador,BOMBA-Q,PRINCIPAL,,
,28.0,,,2026-06-28 10:53:32,348,atuador,BOMBA-F,PRINCIPAL,,
TQ-MIX-TT,73.9674,C,OK,2026-06-28 10:53:35,349,leitura,,,,
TQ-MIX-LT,63.3123,%,OK,2026-06-28 10:53:35,349,leitura,,,,
TQ-MIX-PT,2.26625,BAR,OK,2026-06-28 10:53:35,349,leitura,,,,
RES-Q-TT,73.9674,C,OK,2026-06-28 10:53:35,349,leitura,,,,
RES-F-TT,12.8245,C,OK,2026-06-28 10:53:35,349,leitura,,,,
,28.0,,,2026-06-28 10:53:35,349,atuador,BOMBA-Q,PRINCIPAL,,
,28.0,,,2026-06-28 10:53:35,349,atuador,BOMBA-F,PRINCIPAL,,
TQ-MIX-TT,13.0317,C,OK,2026-06-28 10:53:38,350,leitura,,,,
TQ-MIX-LT,63.1683,%,OK,2026-06-28 10:53:38,350,leitura,,,,
TQ-MIX-PT,2.26337,BAR,OK,2026-06-28 10:53:38,350,leitura,,,,
RES-Q-TT,73.8488,C,OK,2026-06-28 10:53:38,350,leitura,,,,
RES-F-TT,13.0317,C,OK,2026-06-28 10:53:38,350,leitura,,,,
,28.0,,,2026-06-28 10:53:38,350,atuador,BOMBA-Q,PRINCIPAL,,
,28.0,,,2026-06-28 10:53:38,350,atuador,BOMBA-F,PRINCIPAL,,
TQ-MIX-TT,73.9701,C,OK,2026-06-28 10:53:41,351,leitura,,,,
TQ-MIX-LT,63.0243,%,OK,2026-06-28 10:53:41,351,leitura,,,,
TQ-MIX-PT,2.26049,BAR,OK,2026-06-28 10:53:41,351,leitura,,,,
RES-Q-TT,73.9701,C,OK,2026-06-28 10:53:41,351,leitura,,,,
RES-F-TT,12.7813,C,OK,2026-06-28 10:53:41,351,leitura,,,,
,28.0,,,2026-06-28 10:53:41,351,atuador,BOMBA-Q,PRINCIPAL,,
,28.0,,,2026-06-28 10:53:41,351,atuador,BOMBA-F,PRINCIPAL,,
TQ-MIX-TT,12.7603,C,OK,2026-06-28 10:53:44,352,leitura,,,,
TQ-MIX-LT,62.8803,%,OK,2026-06-28 10:53:44,352,leitura,,,,
TQ-MIX-PT,2.25761,BAR,OK,2026-06-28 10:53:44,352,leitura,,,,
RES-Q-TT,73.9114,C,OK,2026-06-28 10:53:44,352,leitura,,,,
RES-F-TT,12.7603,C,OK,2026-06-28 10:53:44,352,leitura,,,,
,28.0,,,2026-06-28 10:53:44,352,atuador,BOMBA-Q,PRINCIPAL,,
,28.0,,,2026-06-28 10:53:44,352,atuador,BOMBA-F,PRINCIPAL,,
TQ-MIX-TT,74.1584,C,OK,2026-06-28 10:53:47,353,leitura,,,,
TQ-MIX-LT,62.7363,%,OK,2026-06-28 10:53:47,353,leitura,,,,
TQ-MIX-PT,2.25473,BAR,OK,2026-06-28 10:53:47,353,leitura,,,,
RES-Q-TT,74.1584,C,OK,2026-06-28 10:53:47,353,leitura,,,,
RES-F-TT,13.0262,C,OK,2026-06-28 10:53:47,353,leitura,,,,
,28.0,,,2026-06-28 10:53:47,353,atuador,BOMBA-Q,PRINCIPAL,,
,28.0,,,2026-06-28 10:53:47,353,atuador,BOMBA-F,PRINCIPAL,,
TQ-MIX-TT,13.2009,C,OK,2026-06-28 10:53:50,354,leitura,,,,
TQ-MIX-LT,62.5923,%,OK,2026-06-28 10:53:50,354,leitura,,,,
TQ-MIX-PT,2.25185,BAR,OK,2026-06-28 10:53:50,354,leitura,,,,
RES-Q-TT,74.4473,C,OK,2026-06-28 10:53:50,354,leitura,,,,
RES-F-TT,13.2009,C,OK,2026-06-28 10:53:50,354,leitura,,,,
,28.0,,,2026-06-28 10:53:50,354,atuador,BOMBA-Q,PRINCIPAL,,
,28.0,,,2026-06-28 10:53:50,354,atuador,BOMBA-F,PRINCIPAL,,
TQ-MIX-TT,74.2233,C,OK,2026-06-28 10:53:53,355,leitura,,,,
TQ-MIX-LT,62.4483,%,OK,2026-06-28 10:53:53,355,leitura,,,,
TQ-MIX-PT,2.24897,BAR,OK,2026-06-28 10:53:53,355,leitura,,,,
RES-Q-TT,74.2233,C,OK,2026-06-28 10:53:53,355,leitura,,,,
RES-F-TT,12.9838,C,OK,2026-06-28 10:53:53,355,leitura,,,,
,28.0,,,2026-06-28 10:53:53,355,atuador,BOMBA-Q,PRINCIPAL,,
,28.0,,,2026-06-28 10:53:53,355,atuador,BOMBA-F,PRINCIPAL,,
TQ-MIX-TT,13.0175,C,OK,2026-06-28 10:53:56,356,leitura,,,,
TQ-MIX-LT,62.3043,%,OK,2026-06-28 10:53:56,356,leitura,,,,
TQ-MIX-PT,2.24609,BAR,OK,2026-06-28 10:53:56,356,leitura,,,,
RES-Q-TT,74.1723,C,OK,2026-06-28 10:53:56,356,leitura,,,,
RES-F-TT,13.0175,C,OK,2026-06-28 10:53:56,356,leitura,,,,
,28.0,,,2026-06-28 10:53:56,356,atuador,BOMBA-Q,PRINCIPAL,,
,28.0,,,2026-06-28 10:53:56,356,atuador,BOMBA-F,PRINCIPAL,,
TQ-MIX-TT,74.2535,C,OK,2026-06-28 10:53:59,357,leitura,,,,
TQ-MIX-LT,62.1603,%,OK,2026-06-28 10:53:59,357,leitura,,,,
TQ-MIX-PT,2.24321,BAR,OK,2026-06-28 10:53:59,357,leitura,,,,
RES-Q-TT,74.2535,C,OK,2026-06-28 10:53:59,357,leitura,,,,
RES-F-TT,13.246,C,OK,2026-06-28 10:53:59,357,leitura,,,,
,28.0,,,2026-06-28 10:53:59,357,atuador,BOMBA-Q,PRINCIPAL,,
,28.0,,,2026-06-28 10:53:59,357,atuador,BOMBA-F,PRINCIPAL,,
TQ-MIX-TT,13.0719,C,OK,2026-06-28 10:54:02,358,leitura,,,,
TQ-MIX-LT,62.0163,%,OK,2026-06-28 10:54:02,358,leitura,,,,
TQ-MIX-PT,2.24033,BAR,OK,2026-06-28 10:54:02,358,leitura,,,,
RES-Q-TT,74.4826,C,OK,2026-06-28 10:54:02,358,leitura,,,,
RES-F-TT,13.0719,C,OK,2026-06-28 10:54:02,358,leitura,,,,
,28.0,,,2026-06-28 10:54:02,358,atuador,BOMBA-Q,PRINCIPAL,,
,28.0,,,2026-06-28 10:54:02,358,atuador,BOMBA-F,PRINCIPAL,,
TQ-MIX-TT,74.7439,C,OK,2026-06-28 10:54:05,359,leitura,,,,
TQ-MIX-LT,61.8723,%,OK,2026-06-28 10:54:05,359,leitura,,,,
TQ-MIX-PT,2.23745,BAR,OK,2026-06-28 10:54:05,359,leitura,,,,
RES-Q-TT,74.7439,C,OK,2026-06-28 10:54:05,359,leitura,,,,
RES-F-TT,13.296,C,OK,2026-06-28 10:54:05,359,leitura,,,,
,28.0,,,2026-06-28 10:54:05,359,atuador,BOMBA-Q,PRINCIPAL,,
,28.0,,,2026-06-28 10:54:05,359,atuador,BOMBA-F,PRINCIPAL,,
TQ-MIX-TT,13.0591,C,OK,2026-06-28 10:54:08,360,leitura,,,,
TQ-MIX-LT,61.7283,%,OK,2026-06-28 10:54:08,360,leitura,,,,
TQ-MIX-PT,2.23457,BAR,OK,2026-06-28 10:54:08,360,leitura,,,,
RES-Q-TT,74.4564,C,OK,2026-06-28 10:54:08,360,leitura,,,,
RES-F-TT,13.0591,C,OK,2026-06-28 10:54:08,360,leitura,,,,
,28.0,,,2026-06-28 10:54:08,360,atuador,BOMBA-Q,PRINCIPAL,,
,28.0,,,2026-06-28 10:54:08,360,atuador,BOMBA-F,PRINCIPAL,,
TQ-MIX-TT,74.5643,C,OK,2026-06-28 10:54:11,361,leitura,,,,
TQ-MIX-LT,61.5843,%,OK,2026-06-28 10:54:11,361,leitura,,,,
TQ-MIX-PT,2.23169,BAR,OK,2026-06-28 10:54:11,361,leitura,,,,
RES-Q-TT,74.5643,C,OK,2026-06-28 10:54:11,361,leitura,,,,
RES-F-TT,13.1114,C,OK,2026-06-28 10:54:11,361,leitura,,,,
,28.0,,,2026-06-28 10:54:11,361,atuador,BOMBA-Q,PRINCIPAL,,
,28.0,,,2026-06-28 10:54:11,361,atuador,BOMBA-F,PRINCIPAL,,
TQ-MIX-TT,12.9331,C,OK,2026-06-28 10:54:14,362,leitura,,,,
TQ-MIX-LT,61.4403,%,OK,2026-06-28 10:54:14,362,leitura,,,,
TQ-MIX-PT,2.22881,BAR,OK,2026-06-28 10:54:14,362,leitura,,,,
RES-Q-TT,74.8615,C,OK,2026-06-28 10:54:14,362,leitura,,,,
RES-F-TT,12.9331,C,OK,2026-06-28 10:54:14,362,leitura,,,,
,28.0,,,2026-06-28 10:54:14,362,atuador,BOMBA-Q,PRINCIPAL,,
,28.0,,,2026-06-28 10:54:14,362,atuador,BOMBA-F,PRINCIPAL,,
TQ-MIX-TT,74.5969,C,OK,2026-06-28 10:54:17,363,leitura,,,,
TQ-MIX-LT,61.2963,%,OK,2026-06-28 10:54:17,363,leitura,,,,
TQ-MIX-PT,2.22593,BAR,OK,2026-06-28 10:54:17,363,leitura,,,,
RES-Q-TT,74.5969,C,OK,2026-06-28 10:54:17,363,leitura,,,,
RES-F-TT,13.1894,C,OK,2026-06-28 10:54:17,363,leitura,,,,
,28.0,,,2026-06-28 10:54:17,363,atuador,BOMBA-Q,PRINCIPAL,,
,28.0,,,2026-06-28 10:54:17,363,atuador,BOMBA-F,PRINCIPAL,,
TQ-MIX-TT,13.0225,C,OK,2026-06-28 10:54:20,364,leitura,,,,
TQ-MIX-LT,61.1523,%,OK,2026-06-28 10:54:20,364,leitura,,,,
TQ-MIX-PT,2.22305,BAR,OK,2026-06-28 10:54:20,364,leitura,,,,
RES-Q-TT,74.5791,C,OK,2026-06-28 10:54:20,364,leitura,,,,
RES-F-TT,13.0225,C,OK,2026-06-28 10:54:20,364,leitura,,,,
,28.0,,,2026-06-28 10:54:20,364,atuador,BOMBA-Q,PRINCIPAL,,
,28.0,,,2026-06-28 10:54:20,364,atuador,BOMBA-F,PRINCIPAL,,
TQ-MIX-TT,74.4171,C,OK,2026-06-28 10:54:23,365,leitura,,,,
TQ-MIX-LT,61.0083,%,OK,2026-06-28 10:54:23,365,leitura,,,,
TQ-MIX-PT,2.22017,BAR,OK,2026-06-28 10:54:23,365,leitura,,,,
RES-Q-TT,74.4171,C,OK,2026-06-28 10:54:23,365,leitura,,,,
RES-F-TT,12.9591,C,OK,2026-06-28 10:54:23,365,leitura,,,,
,28.0,,,2026-06-28 10:54:23,365,atuador,BOMBA-Q,PRINCIPAL,,
,28.0,,,2026-06-28 10:54:23,365,atuador,BOMBA-F,PRINCIPAL,,
TQ-MIX-TT,12.7916,C,OK,2026-06-28 10:54:26,366,leitura,,,,
TQ-MIX-LT,60.8643,%,OK,2026-06-28 10:54:26,366,leitura,,,,
TQ-MIX-PT,2.21729,BAR,OK,2026-06-28 10:54:26,366,leitura,,,,
RES-Q-TT,74.6835,C,OK,2026-06-28 10:54:26,366,leitura,,,,
RES-F-TT,12.7916,C,OK,2026-06-28 10:54:26,366,leitura,,,,
,28.0,,,2026-06-28 10:54:26,366,atuador,BOMBA-Q,PRINCIPAL,,
,28.0,,,2026-06-28 10:54:26,366,atuador,BOMBA-F,PRINCIPAL,,
TQ-MIX-TT,74.9337,C,OK,2026-06-28 10:54:29,367,leitura,,,,
TQ-MIX-LT,60.7203,%,OK,2026-06-28 10:54:29,367,leitura,,,,
TQ-MIX-PT,2.21441,BAR,OK,2026-06-28 10:54:29,367,leitura,,,,
RES-Q-TT,74.9337,C,OK,2026-06-28 10:54:29,367,leitura,,,,
RES-F-TT,12.931000000000001,C,OK,2026-06-28 10:54:29,367,leitura,,,,
,28.0,,,2026-06-28 10:54:29,367,atuador,BOMBA-Q,PRINCIPAL,,
,28.0,,,2026-06-28 10:54:29,367,atuador,BOMBA-F,PRINCIPAL,,
TQ-MIX-TT,13.1849,C,OK,2026-06-28 10:54:32,368,leitura,,,,
TQ-MIX-LT,60.5763,%,OK,2026-06-28 10:54:32,368,leitura,,,,
TQ-MIX-PT,2.21153,BAR,OK,2026-06-28 10:54:32,368,leitura,,,,
RES-Q-TT,75.1195,C,OK,2026-06-28 10:54:32,368,leitura,,,,
RES-F-TT,13.1849,C,OK,2026-06-28 10:54:32,368,leitura,,,,
,28.0,,,2026-06-28 10:54:32,368,atuador,BOMBA-Q,PRINCIPAL,,
,28.0,,,2026-06-28 10:54:32,368,atuador,BOMBA-F,PRINCIPAL,,
TQ-MIX-TT,74.8886,C,OK,2026-06-28 10:54:35,369,leitura,,,,
TQ-MIX-LT,60.4323,%,OK,2026-06-28 10:54:35,369,leitura,,,,
TQ-MIX-PT,2.20865,BAR,OK,2026-06-28 10:54:35,369,leitura,,,,
RES-Q-TT,74.8886,C,OK,2026-06-28 10:54:35,369,leitura,,,,
RES-F-TT,13.034,C,OK,2026-06-28 10:54:35,369,leitura,,,,
,28.0,,,2026-06-28 10:54:35,369,atuador,BOMBA-Q,PRINCIPAL,,
,28.0,,,2026-06-28 10:54:35,369,atuador,BOMBA-F,PRINCIPAL,,
TQ-MIX-TT,12.8771,C,OK,2026-06-28 10:54:38,370,leitura,,,,
TQ-MIX-LT,60.2883,%,OK,2026-06-28 10:54:38,370,leitura,,,,
TQ-MIX-PT,2.2057700000000002,BAR,OK,2026-06-28 10:54:38,370,leitura,,,,
RES-Q-TT,75.1138,C,OK,2026-06-28 10:54:38,370,leitura,,,,
RES-F-TT,12.8771,C,OK,2026-06-28 10:54:38,370,leitura,,,,
,28.0,,,2026-06-28 10:54:38,370,atuador,BOMBA-Q,PRINCIPAL,,
,28.0,,,2026-06-28 10:54:38,370,atuador,BOMBA-F,PRINCIPAL,,
TQ-MIX-TT,75.1212,C,OK,2026-06-28 10:54:41,371,leitura,,,,
TQ-MIX-LT,60.1443,%,OK,2026-06-28 10:54:41,371,leitura,,,,
TQ-MIX-PT,2.20289,BAR,OK,2026-06-28 10:54:41,371,leitura,,,,
RES-Q-TT,75.1212,C,OK,2026-06-28 10:54:41,371,leitura,,,,
RES-F-TT,12.9659,C,OK,2026-06-28 10:54:41,371,leitura,,,,
,28.0,,,2026-06-28 10:54:41,371,atuador,BOMBA-Q,PRINCIPAL,,
,28.0,,,2026-06-28 10:54:41,371,atuador,BOMBA-F,PRINCIPAL,,
TQ-MIX-TT,13.114,C,OK,2026-06-28 10:54:44,372,leitura,,,,
TQ-MIX-LT,60.0003,%,OK,2026-06-28 10:54:44,372,leitura,,,,
TQ-MIX-PT,2.20001,BAR,OK,2026-06-28 10:54:44,372,leitura,,,,
RES-Q-TT,75.0669,C,OK,2026-06-28 10:54:44,372,leitura,,,,
RES-F-TT,13.114,C,OK,2026-06-28 10:54:44,372,leitura,,,,
,28.0,,,2026-06-28 10:54:44,372,atuador,BOMBA-Q,PRINCIPAL,,
,28.0,,,2026-06-28 10:54:44,372,atuador,BOMBA-F,PRINCIPAL,,
TQ-MIX-TT,75.199,C,OK,2026-06-28 10:54:47,373,leitura,,,,
TQ-MIX-LT,59.8563,%,OK,2026-06-28 10:54:47,373,leitura,,,,
TQ-MIX-PT,2.19713,BAR,OK,2026-06-28 10:54:47,373,leitura,,,,
RES-Q-TT,75.199,C,OK,2026-06-28 10:54:47,373,leitura,,,,
RES-F-TT,13.2589,C,OK,2026-06-28 10:54:47,373,leitura,,,,
,28.0,,,2026-06-28 10:54:47,373,atuador,BOMBA-Q,PRINCIPAL,,
,28.0,,,2026-06-28 10:54:47,373,atuador,BOMBA-F,PRINCIPAL,,
TQ-MIX-TT,13.2587,C,OK,2026-06-28 10:54:50,374,leitura,,,,
TQ-MIX-LT,59.7123,%,OK,2026-06-28 10:54:50,374,leitura,,,,
TQ-MIX-PT,2.19425,BAR,OK,2026-06-28 10:54:50,374,leitura,,,,
RES-Q-TT,74.7125,C,OK,2026-06-28 10:54:50,374,leitura,,,,
RES-F-TT,13.2587,C,OK,2026-06-28 10:54:50,374,leitura,,,,
,28.0,,,2026-06-28 10:54:50,374,atuador,BOMBA-Q,PRINCIPAL,,
,28.0,,,2026-06-28 10:54:50,374,atuador,BOMBA-F,PRINCIPAL,,
TQ-MIX-TT,74.6171,C,OK,2026-06-28 10:54:53,375,leitura,,,,
TQ-MIX-LT,59.5683,%,OK,2026-06-28 10:54:53,375,leitura,,,,
TQ-MIX-PT,2.19137,BAR,OK,2026-06-28 10:54:53,375,leitura,,,,
RES-Q-TT,74.6171,C,OK,2026-06-28 10:54:53,375,leitura,,,,
RES-F-TT,13.5116,C,OK,2026-06-28 10:54:53,375,leitura,,,,
,28.0,,,2026-06-28 10:54:53,375,atuador,BOMBA-Q,PRINCIPAL,,
,28.0,,,2026-06-28 10:54:53,375,atuador,BOMBA-F,PRINCIPAL,,
TQ-MIX-TT,13.2265,C,OK,2026-06-28 10:54:56,376,leitura,,,,
TQ-MIX-LT,59.4243,%,OK,2026-06-28 10:54:56,376,leitura,,,,
TQ-MIX-PT,2.18849,BAR,OK,2026-06-28 10:54:56,376,leitura,,,,
RES-Q-TT,74.8618,C,OK,2026-06-28 10:54:56,376,leitura,,,,
RES-F-TT,13.2265,C,OK,2026-06-28 10:54:56,376,leitura,,,,
,28.0,,,2026-06-28 10:54:56,376,atuador,BOMBA-Q,PRINCIPAL,,
,28.0,,,2026-06-28 10:54:56,376,atuador,BOMBA-F,PRINCIPAL,,
TQ-MIX-TT,75.1384,C,OK,2026-06-28 10:54:59,377,leitura,,,,
TQ-MIX-LT,59.2803,%,OK,2026-06-28 10:54:59,377,leitura,,,,
TQ-MIX-PT,2.18561,BAR,OK,2026-06-28 10:54:59,377,leitura,,,,
RES-Q-TT,75.1384,C,OK,2026-06-28 10:54:59,377,leitura,,,,
RES-F-TT,12.999,C,OK,2026-06-28 10:54:59,377,leitura,,,,
,28.0,,,2026-06-28 10:54:59,377,atuador,BOMBA-Q,PRINCIPAL,,
,28.0,,,2026-06-28 10:54:59,377,atuador,BOMBA-F,PRINCIPAL,,
TQ-MIX-TT,12.85,C,OK,2026-06-28 10:55:02,378,leitura,,,,
TQ-MIX-LT,59.1363,%,OK,2026-06-28 10:55:02,378,leitura,,,,
TQ-MIX-PT,2.18273,BAR,OK,2026-06-28 10:55:02,378,leitura,,,,
RES-Q-TT,75.2675,C,OK,2026-06-28 10:55:02,378,leitura,,,,
RES-F-TT,12.85,C,OK,2026-06-28 10:55:02,378,leitura,,,,
,28.0,,,2026-06-28 10:55:02,378,atuador,BOMBA-Q,PRINCIPAL,,
,28.0,,,2026-06-28 10:55:02,378,atuador,BOMBA-F,PRINCIPAL,,
TQ-MIX-TT,75.2292,C,OK,2026-06-28 10:55:05,379,leitura,,,,
TQ-MIX-LT,58.9923,%,OK,2026-06-28 10:55:05,379,leitura,,,,
TQ-MIX-PT,2.17985,BAR,OK,2026-06-28 10:55:05,379,leitura,,,,
RES-Q-TT,75.2292,C,OK,2026-06-28 10:55:05,379,leitura,,,,
RES-F-TT,13.0925,C,OK,2026-06-28 10:55:05,379,leitura,,,,
,28.0,,,2026-06-28 10:55:05,379,atuador,BOMBA-Q,PRINCIPAL,,
,28.0,,,2026-06-28 10:55:05,379,atuador,BOMBA-F,PRINCIPAL,,
TQ-MIX-TT,13.0134,C,OK,2026-06-28 10:55:08,380,leitura,,,,
TQ-MIX-LT,58.8483,%,OK,2026-06-28 10:55:08,380,leitura,,,,
TQ-MIX-PT,2.17697,BAR,OK,2026-06-28 10:55:08,380,leitura,,,,
RES-Q-TT,75.2318,C,OK,2026-06-28 10:55:08,380,leitura,,,,
RES-F-TT,13.0134,C,OK,2026-06-28 10:55:08,380,leitura,,,,
,28.0,,,2026-06-28 10:55:08,380,atuador,BOMBA-Q,PRINCIPAL,,
,28.0,,,2026-06-28 10:55:08,380,atuador,BOMBA-F,PRINCIPAL,,
TQ-MIX-TT,75.2491,C,OK,2026-06-28 10:55:11,381,leitura,,,,
TQ-MIX-LT,58.7043,%,OK,2026-06-28 10:55:11,381,leitura,,,,
TQ-MIX-PT,2.17409,BAR,OK,2026-06-28 10:55:11,381,leitura,,,,
RES-Q-TT,75.2491,C,OK,2026-06-28 10:55:11,381,leitura,,,,
RES-F-TT,12.8903,C,OK,2026-06-28 10:55:11,381,leitura,,,,
,28.0,,,2026-06-28 10:55:11,381,atuador,BOMBA-Q,PRINCIPAL,,
,28.0,,,2026-06-28 10:55:11,381,atuador,BOMBA-F,PRINCIPAL,,
TQ-MIX-TT,12.7055,C,OK,2026-06-28 10:55:14,382,leitura,,,,
TQ-MIX-LT,58.5603,%,OK,2026-06-28 10:55:14,382,leitura,,,,
TQ-MIX-PT,2.17121,BAR,OK,2026-06-28 10:55:14,382,leitura,,,,
RES-Q-TT,74.8424,C,OK,2026-06-28 10:55:14,382,leitura,,,,
RES-F-TT,12.7055,C,OK,2026-06-28 10:55:14,382,leitura,,,,
,28.0,,,2026-06-28 10:55:14,382,atuador,BOMBA-Q,PRINCIPAL,,
,28.0,,,2026-06-28 10:55:14,382,atuador,BOMBA-F,PRINCIPAL,,
TQ-MIX-TT,74.575,C,OK,2026-06-28 10:55:17,383,leitura,,,,
TQ-MIX-LT,58.4163,%,OK,2026-06-28 10:55:17,383,leitura,,,,
TQ-MIX-PT,2.16833,BAR,OK,2026-06-28 10:55:17,383,leitura,,,,
RES-Q-TT,74.575,C,OK,2026-06-28 10:55:17,383,leitura,,,,
RES-F-TT,12.671,C,OK,2026-06-28 10:55:17,383,leitura,,,,
,28.0,,,2026-06-28 10:55:17,383,atuador,BOMBA-Q,PRINCIPAL,,
,28.0,,,2026-06-28 10:55:17,383,atuador,BOMBA-F,PRINCIPAL,,
TQ-MIX-TT,12.7487,C,OK,2026-06-28 10:55:20,384,leitura,,,,
TQ-MIX-LT,58.2723,%,OK,2026-06-28 10:55:20,384,leitura,,,,
TQ-MIX-PT,2.16545,BAR,OK,2026-06-28 10:55:20,384,leitura,,,,
RES-Q-TT,74.6728,C,OK,2026-06-28 10:55:20,384,leitura,,,,
RES-F-TT,12.7487,C,OK,2026-06-28 10:55:20,384,leitura,,,,
,28.0,,,2026-06-28 10:55:20,384,atuador,BOMBA-Q,PRINCIPAL,,
,28.0,,,2026-06-28 10:55:20,384,atuador,BOMBA-F,PRINCIPAL,,
TQ-MIX-TT,74.4444,C,OK,2026-06-28 10:55:23,385,leitura,,,,
TQ-MIX-LT,58.1283,%,OK,2026-06-28 10:55:23,385,leitura,,,,
TQ-MIX-PT,2.16257,BAR,OK,2026-06-28 10:55:23,385,leitura,,,,
RES-Q-TT,74.4444,C,OK,2026-06-28 10:55:23,385,leitura,,,,
RES-F-TT,12.7004,C,OK,2026-06-28 10:55:23,385,leitura,,,,
,28.0,,,2026-06-28 10:55:23,385,atuador,BOMBA-Q,PRINCIPAL,,
,28.0,,,2026-06-28 10:55:23,385,atuador,BOMBA-F,PRINCIPAL,,
TQ-MIX-TT,12.7568,C,OK,2026-06-28 10:55:26,386,leitura,,,,
TQ-MIX-LT,57.9843,%,OK,2026-06-28 10:55:26,386,leitura,,,,
TQ-MIX-PT,2.15969,BAR,OK,2026-06-28 10:55:26,386,leitura,,,,
RES-Q-TT,74.5581,C,OK,2026-06-28 10:55:26,386,leitura,,,,
RES-F-TT,12.7568,C,OK,2026-06-28 10:55:26,386,leitura,,,,
,28.0,,,2026-06-28 10:55:26,386,atuador,BOMBA-Q,PRINCIPAL,,
,28.0,,,2026-06-28 10:55:26,386,atuador,BOMBA-F,PRINCIPAL,,
TQ-MIX-TT,74.3342,C,OK,2026-06-28 10:55:29,387,leitura,,,,
TQ-MIX-LT,57.8403,%,OK,2026-06-28 10:55:29,387,leitura,,,,
TQ-MIX-PT,2.15681,BAR,OK,2026-06-28 10:55:29,387,leitura,,,,
RES-Q-TT,74.3342,C,OK,2026-06-28 10:55:29,387,leitura,,,,
RES-F-TT,12.9975,C,OK,2026-06-28 10:55:29,387,leitura,,,,
,28.0,,,2026-06-28 10:55:29,387,atuador,BOMBA-Q,PRINCIPAL,,
,28.0,,,2026-06-28 10:55:29,387,atuador,BOMBA-F,PRINCIPAL,,
TQ-MIX-TT,12.9026,C,OK,2026-06-28 10:55:32,388,leitura,,,,
TQ-MIX-LT,57.6963,%,OK,2026-06-28 10:55:32,388,leitura,,,,
TQ-MIX-PT,2.15393,BAR,OK,2026-06-28 10:55:32,388,leitura,,,,
RES-Q-TT,74.4515,C,OK,2026-06-28 10:55:32,388,leitura,,,,
RES-F-TT,12.9026,C,OK,2026-06-28 10:55:32,388,leitura,,,,
,28.0,,,2026-06-28 10:55:32,388,atuador,BOMBA-Q,PRINCIPAL,,
,28.0,,,2026-06-28 10:55:32,388,atuador,BOMBA-F,PRINCIPAL,,
TQ-MIX-TT,74.3979,C,OK,2026-06-28 10:55:35,389,leitura,,,,
TQ-MIX-LT,57.5523,%,OK,2026-06-28 10:55:35,389,leitura,,,,
TQ-MIX-PT,2.15105,BAR,OK,2026-06-28 10:55:35,389,leitura,,,,
RES-Q-TT,74.3979,C,OK,2026-06-28 10:55:35,389,leitura,,,,
RES-F-TT,12.9064,C,OK,2026-06-28 10:55:35,389,leitura,,,,
,28.0,,,2026-06-28 10:55:35,389,atuador,BOMBA-Q,PRINCIPAL,,
,28.0,,,2026-06-28 10:55:35,389,atuador,BOMBA-F,PRINCIPAL,,
TQ-MIX-TT,12.7359,C,OK,2026-06-28 10:55:38,390,leitura,,,,
TQ-MIX-LT,57.4083,%,OK,2026-06-28 10:55:38,390,leitura,,,,
TQ-MIX-PT,2.14817,BAR,OK,2026-06-28 10:55:38,390,leitura,,,,
RES-Q-TT,74.2858,C,OK,2026-06-28 10:55:38,390,leitura,,,,
RES-F-TT,12.7359,C,OK,2026-06-28 10:55:38,390,leitura,,,,
,28.0,,,2026-06-28 10:55:38,390,atuador,BOMBA-Q,PRINCIPAL,,
,28.0,,,2026-06-28 10:55:38,390,atuador,BOMBA-F,PRINCIPAL,,
TQ-MIX-TT,74.5139,C,OK,2026-06-28 10:55:41,391,leitura,,,,
TQ-MIX-LT,57.2643,%,OK,2026-06-28 10:55:41,391,leitura,,,,
TQ-MIX-PT,2.14529,BAR,OK,2026-06-28 10:55:41,391,leitura,,,,
RES-Q-TT,74.5139,C,OK,2026-06-28 10:55:41,391,leitura,,,,
RES-F-TT,12.4489,C,OK,2026-06-28 10:55:41,391,leitura,,,,
,28.0,,,2026-06-28 10:55:41,391,atuador,BOMBA-Q,PRINCIPAL,,
,28.0,,,2026-06-28 10:55:41,391,atuador,BOMBA-F,PRINCIPAL,,
TQ-MIX-TT,12.5588,C,OK,2026-06-28 10:55:44,392,leitura,,,,
TQ-MIX-LT,57.1203,%,OK,2026-06-28 10:55:44,392,leitura,,,,
TQ-MIX-PT,2.14241,BAR,OK,2026-06-28 10:55:44,392,leitura,,,,
RES-Q-TT,74.3991,C,OK,2026-06-28 10:55:44,392,leitura,,,,
RES-F-TT,12.5588,C,OK,2026-06-28 10:55:44,392,leitura,,,,
,28.0,,,2026-06-28 10:55:44,392,atuador,BOMBA-Q,PRINCIPAL,,
,28.0,,,2026-06-28 10:55:44,392,atuador,BOMBA-F,PRINCIPAL,,
TQ-MIX-TT,74.3132,C,OK,2026-06-28 10:55:47,393,leitura,,,,
TQ-MIX-LT,56.9763,%,OK,2026-06-28 10:55:47,393,leitura,,,,
TQ-MIX-PT,2.13953,BAR,OK,2026-06-28 10:55:47,393,leitura,,,,
RES-Q-TT,74.3132,C,OK,2026-06-28 10:55:47,393,leitura,,,,
RES-F-TT,12.7772,C,OK,2026-06-28 10:55:47,393,leitura,,,,
,28.0,,,2026-06-28 10:55:47,393,atuador,BOMBA-Q,PRINCIPAL,,
,28.0,,,2026-06-28 10:55:47,393,atuador,BOMBA-F,PRINCIPAL,,
TQ-MIX-TT,12.5982,C,OK,2026-06-28 10:55:50,394,leitura,,,,
TQ-MIX-LT,56.832300000000004,%,OK,2026-06-28 10:55:50,394,leitura,,,,
TQ-MIX-PT,2.13665,BAR,OK,2026-06-28 10:55:50,394,leitura,,,,
RES-Q-TT,74.0283,C,OK,2026-06-28 10:55:50,394,leitura,,,,
RES-F-TT,12.5982,C,OK,2026-06-28 10:55:50,394,leitura,,,,
,28.0,,,2026-06-28 10:55:50,394,atuador,BOMBA-Q,PRINCIPAL,,
,28.0,,,2026-06-28 10:55:50,394,atuador,BOMBA-F,PRINCIPAL,,
TQ-MIX-TT,74.3,C,OK,2026-06-28 10:55:53,395,leitura,,,,
TQ-MIX-LT,56.6883,%,OK,2026-06-28 10:55:53,395,leitura,,,,
TQ-MIX-PT,2.13377,BAR,OK,2026-06-28 10:55:53,395,leitura,,,,
RES-Q-TT,74.3,C,OK,2026-06-28 10:55:53,395,leitura,,,,
RES-F-TT,12.7608,C,OK,2026-06-28 10:55:53,395,leitura,,,,
,28.0,,,2026-06-28 10:55:53,395,atuador,BOMBA-Q,PRINCIPAL,,
,28.0,,,2026-06-28 10:55:53,395,atuador,BOMBA-F,PRINCIPAL,,
TQ-MIX-TT,12.5525,C,OK,2026-06-28 10:55:56,396,leitura,,,,
TQ-MIX-LT,56.5443,%,OK,2026-06-28 10:55:56,396,leitura,,,,
TQ-MIX-PT,2.13089,BAR,OK,2026-06-28 10:55:56,396,leitura,,,,
RES-Q-TT,74.1733,C,OK,2026-06-28 10:55:56,396,leitura,,,,
RES-F-TT,12.5525,C,OK,2026-06-28 10:55:56,396,leitura,,,,
,28.0,,,2026-06-28 10:55:56,396,atuador,BOMBA-Q,PRINCIPAL,,
,28.0,,,2026-06-28 10:55:56,396,atuador,BOMBA-F,PRINCIPAL,,
TQ-MIX-TT,74.1495,C,OK,2026-06-28 10:55:59,397,leitura,,,,
TQ-MIX-LT,56.4003,%,OK,2026-06-28 10:55:59,397,leitura,,,,
TQ-MIX-PT,2.12801,BAR,OK,2026-06-28 10:55:59,397,leitura,,,,
RES-Q-TT,74.1495,C,OK,2026-06-28 10:55:59,397,leitura,,,,
RES-F-TT,12.3579,C,OK,2026-06-28 10:55:59,397,leitura,,,,
,28.0,,,2026-06-28 10:55:59,397,atuador,BOMBA-Q,PRINCIPAL,,
,28.0,,,2026-06-28 10:55:59,397,atuador,BOMBA-F,PRINCIPAL,,
TQ-MIX-TT,12.4131,C,OK,2026-06-28 10:56:02,398,leitura,,,,
TQ-MIX-LT,56.2563,%,OK,2026-06-28 10:56:02,398,leitura,,,,
TQ-MIX-PT,2.12513,BAR,OK,2026-06-28 10:56:02,398,leitura,,,,
RES-Q-TT,74.3953,C,OK,2026-06-28 10:56:02,398,leitura,,,,
RES-F-TT,12.4131,C,OK,2026-06-28 10:56:02,398,leitura,,,,
,28.0,,,2026-06-28 10:56:02,398,atuador,BOMBA-Q,PRINCIPAL,,
,28.0,,,2026-06-28 10:56:02,398,atuador,BOMBA-F,PRINCIPAL,,
TQ-MIX-TT,74.6448,C,OK,2026-06-28 10:56:05,399,leitura,,,,
TQ-MIX-LT,56.1123,%,OK,2026-06-28 10:56:05,399,leitura,,,,
TQ-MIX-PT,2.12225,BAR,OK,2026-06-28 10:56:05,399,leitura,,,,
RES-Q-TT,74.6448,C,OK,2026-06-28 10:56:05,399,leitura,,,,
RES-F-TT,12.3425,C,OK,2026-06-28 10:56:05,399,leitura,,,,
,28.0,,,2026-06-28 10:56:05,399,atuador,BOMBA-Q,PRINCIPAL,,
,28.0,,,2026-06-28 10:56:05,399,atuador,BOMBA-F,PRINCIPAL,,
TQ-MIX-TT,12.6038,C,OK,2026-06-28 10:56:08,400,leitura,,,,
TQ-MIX-LT,55.9683,%,OK,2026-06-28 10:56:08,400,leitura,,,,
TQ-MIX-PT,2.11937,BAR,OK,2026-06-28 10:56:08,400,leitura,,,,
RES-Q-TT,74.3453,C,OK,2026-06-28 10:56:08,400,leitura,,,,
RES-F-TT,12.6038,C,OK,2026-06-28 10:56:08,400,leitura,,,,
,28.0,,,2026-06-28 10:56:08,400,atuador,BOMBA-Q,PRINCIPAL,,
,28.0,,,2026-06-28 10:56:08,400,atuador,BOMBA-F,PRINCIPAL,,
TQ-MIX-TT,74.276,C,OK,2026-06-28 10:56:11,401,leitura,,,,
TQ-MIX-LT,55.8243,%,OK,2026-06-28 10:56:11,401,leitura,,,,
TQ-MIX-PT,2.11649,BAR,OK,2026-06-28 10:56:11,401,leitura,,,,
RES-Q-TT,74.276,C,OK,2026-06-28 10:56:11,401,leitura,,,,
RES-F-TT,12.5985,C,OK,2026-06-28 10:56:11,401,leitura,,,,
,28.0,,,2026-06-28 10:56:11,401,atuador,BOMBA-Q,PRINCIPAL,,
,28.0,,,2026-06-28 10:56:11,401,atuador,BOMBA-F,PRINCIPAL,,
TQ-MIX-TT,12.6071,C,OK,2026-06-28 10:56:14,402,leitura,,,,
TQ-MIX-LT,55.6803,%,OK,2026-06-28 10:56:14,402,leitura,,,,
TQ-MIX-PT,2.11361,BAR,OK,2026-06-28 10:56:14,402,leitura,,,,
RES-Q-TT,74.1879,C,OK,2026-06-28 10:56:14,402,leitura,,,,
RES-F-TT,12.6071,C,OK,2026-06-28 10:56:14,402,leitura,,,,
,28.0,,,2026-06-28 10:56:14,402,atuador,BOMBA-Q,PRINCIPAL,,
,28.0,,,2026-06-28 10:56:14,402,atuador,BOMBA-F,PRINCIPAL,,
TQ-MIX-TT,74.4722,C,OK,2026-06-28 10:56:17,403,leitura,,,,
TQ-MIX-LT,55.5363,%,OK,2026-06-28 10:56:17,403,leitura,,,,
TQ-MIX-PT,2.11073,BAR,OK,2026-06-28 10:56:17,403,leitura,,,,
RES-Q-TT,74.4722,C,OK,2026-06-28 10:56:17,403,leitura,,,,
RES-F-TT,12.3858,C,OK,2026-06-28 10:56:17,403,leitura,,,,
,28.0,,,2026-06-28 10:56:17,403,atuador,BOMBA-Q,PRINCIPAL,,
,28.0,,,2026-06-28 10:56:17,403,atuador,BOMBA-F,PRINCIPAL,,
TQ-MIX-TT,12.134,C,OK,2026-06-28 10:56:20,404,leitura,,,,
TQ-MIX-LT,55.3923,%,OK,2026-06-28 10:56:20,404,leitura,,,,
TQ-MIX-PT,2.10785,BAR,OK,2026-06-28 10:56:20,404,leitura,,,,
RES-Q-TT,74.253,C,OK,2026-06-28 10:56:20,404,leitura,,,,
RES-F-TT,12.134,C,OK,2026-06-28 10:56:20,404,leitura,,,,
,28.0,,,2026-06-28 10:56:20,404,atuador,BOMBA-Q,PRINCIPAL,,
,28.0,,,2026-06-28 10:56:20,404,atuador,BOMBA-F,PRINCIPAL,,
TQ-MIX-TT,74.5518,C,OK,2026-06-28 10:56:23,405,leitura,,,,
TQ-MIX-LT,55.2483,%,OK,2026-06-28 10:56:23,405,leitura,,,,
TQ-MIX-PT,2.10497,BAR,OK,2026-06-28 10:56:23,405,leitura,,,,
RES-Q-TT,74.5518,C,OK,2026-06-28 10:56:23,405,leitura,,,,
RES-F-TT,12.1336,C,OK,2026-06-28 10:56:23,405,leitura,,,,
,28.0,,,2026-06-28 10:56:23,405,atuador,BOMBA-Q,PRINCIPAL,,
,28.0,,,2026-06-28 10:56:23,405,atuador,BOMBA-F,PRINCIPAL,,
TQ-MIX-TT,11.945,C,OK,2026-06-28 10:56:26,406,leitura,,,,
TQ-MIX-LT,55.1043,%,OK,2026-06-28 10:56:26,406,leitura,,,,
TQ-MIX-PT,2.10209,BAR,OK,2026-06-28 10:56:26,406,leitura,,,,
RES-Q-TT,74.5133,C,OK,2026-06-28 10:56:26,406,leitura,,,,
RES-F-TT,11.945,C,OK,2026-06-28 10:56:26,406,leitura,,,,
,28.0,,,2026-06-28 10:56:26,406,atuador,BOMBA-Q,PRINCIPAL,,
,28.0,,,2026-06-28 10:56:26,406,atuador,BOMBA-F,PRINCIPAL,,
TQ-MIX-TT,74.3944,C,OK,2026-06-28 10:56:29,407,leitura,,,,
TQ-MIX-LT,54.9603,%,OK,2026-06-28 10:56:29,407,leitura,,,,
TQ-MIX-PT,2.09921,BAR,OK,2026-06-28 10:56:29,407,leitura,,,,
RES-Q-TT,74.3944,C,OK,2026-06-28 10:56:29,407,leitura,,,,
RES-F-TT,11.8367,C,OK,2026-06-28 10:56:29,407,leitura,,,,
,28.0,,,2026-06-28 10:56:29,407,atuador,BOMBA-Q,PRINCIPAL,,
,28.0,,,2026-06-28 10:56:29,407,atuador,BOMBA-F,PRINCIPAL,,
TQ-MIX-TT,11.5756,C,OK,2026-06-28 10:56:32,408,leitura,,,,
TQ-MIX-LT,54.8163,%,OK,2026-06-28 10:56:32,408,leitura,,,,
TQ-MIX-PT,2.09633,BAR,OK,2026-06-28 10:56:32,408,leitura,,,,
RES-Q-TT,74.1844,C,OK,2026-06-28 10:56:32,408,leitura,,,,
RES-F-TT,11.5756,C,OK,2026-06-28 10:56:32,408,leitura,,,,
,28.0,,,2026-06-28 10:56:32,408,atuador,BOMBA-Q,PRINCIPAL,,
,28.0,,,2026-06-28 10:56:32,408,atuador,BOMBA-F,PRINCIPAL,,
TQ-MIX-TT,74.3792,C,OK,2026-06-28 10:56:35,409,leitura,,,,
TQ-MIX-LT,54.6723,%,OK,2026-06-28 10:56:35,409,leitura,,,,
TQ-MIX-PT,2.09345,BAR,OK,2026-06-28 10:56:35,409,leitura,,,,
RES-Q-TT,74.3792,C,OK,2026-06-28 10:56:35,409,leitura,,,,
RES-F-TT,11.6032,C,OK,2026-06-28 10:56:35,409,leitura,,,,
,28.0,,,2026-06-28 10:56:35,409,atuador,BOMBA-Q,PRINCIPAL,,
,28.0,,,2026-06-28 10:56:35,409,atuador,BOMBA-F,PRINCIPAL,,
TQ-MIX-TT,11.8204,C,OK,2026-06-28 10:56:38,410,leitura,,,,
TQ-MIX-LT,54.5283,%,OK,2026-06-28 10:56:38,410,leitura,,,,
TQ-MIX-PT,2.09057,BAR,OK,2026-06-28 10:56:38,410,leitura,,,,
RES-Q-TT,74.1228,C,OK,2026-06-28 10:56:38,410,leitura,,,,
RES-F-TT,11.8204,C,OK,2026-06-28 10:56:38,410,leitura,,,,
,28.0,,,2026-06-28 10:56:38,410,atuador,BOMBA-Q,PRINCIPAL,,
,28.0,,,2026-06-28 10:56:38,410,atuador,BOMBA-F,PRINCIPAL,,
TQ-MIX-TT,74.0714,C,OK,2026-06-28 10:56:41,411,leitura,,,,
TQ-MIX-LT,54.3843,%,OK,2026-06-28 10:56:41,411,leitura,,,,
TQ-MIX-PT,2.08769,BAR,OK,2026-06-28 10:56:41,411,leitura,,,,
RES-Q-TT,74.0714,C,OK,2026-06-28 10:56:41,411,leitura,,,,
RES-F-TT,11.7064,C,OK,2026-06-28 10:56:41,411,leitura,,,,
,28.0,,,2026-06-28 10:56:41,411,atuador,BOMBA-Q,PRINCIPAL,,
,28.0,,,2026-06-28 10:56:41,411,atuador,BOMBA-F,PRINCIPAL,,
TQ-MIX-TT,11.6979,C,OK,2026-06-28 10:56:44,412,leitura,,,,
TQ-MIX-LT,54.2403,%,OK,2026-06-28 10:56:44,412,leitura,,,,
TQ-MIX-PT,2.08481,BAR,OK,2026-06-28 10:56:44,412,leitura,,,,
RES-Q-TT,74.0897,C,OK,2026-06-28 10:56:44,412,leitura,,,,
RES-F-TT,11.6979,C,OK,2026-06-28 10:56:44,412,leitura,,,,
,28.0,,,2026-06-28 10:56:44,412,atuador,BOMBA-Q,PRINCIPAL,,
,28.0,,,2026-06-28 10:56:44,412,atuador,BOMBA-F,PRINCIPAL,,
TQ-MIX-TT,74.1474,C,OK,2026-06-28 10:56:47,413,leitura,,,,
TQ-MIX-LT,54.0963,%,OK,2026-06-28 10:56:47,413,leitura,,,,
TQ-MIX-PT,2.08193,BAR,OK,2026-06-28 10:56:47,413,leitura,,,,
RES-Q-TT,74.1474,C,OK,2026-06-28 10:56:47,413,leitura,,,,
RES-F-TT,11.8222,C,OK,2026-06-28 10:56:47,413,leitura,,,,
,28.0,,,2026-06-28 10:56:47,413,atuador,BOMBA-Q,PRINCIPAL,,
,28.0,,,2026-06-28 10:56:47,413,atuador,BOMBA-F,PRINCIPAL,,
TQ-MIX-TT,11.788,C,OK,2026-06-28 10:56:50,414,leitura,,,,
TQ-MIX-LT,53.9523,%,OK,2026-06-28 10:56:50,414,leitura,,,,
TQ-MIX-PT,2.07905,BAR,OK,2026-06-28 10:56:50,414,leitura,,,,
RES-Q-TT,74.4072,C,OK,2026-06-28 10:56:50,414,leitura,,,,
RES-F-TT,11.788,C,OK,2026-06-28 10:56:50,414,leitura,,,,
,28.0,,,2026-06-28 10:56:50,414,atuador,BOMBA-Q,PRINCIPAL,,
,28.0,,,2026-06-28 10:56:50,414,atuador,BOMBA-F,PRINCIPAL,,
TQ-MIX-TT,74.1736,C,OK,2026-06-28 10:56:53,415,leitura,,,,
TQ-MIX-LT,53.8083,%,OK,2026-06-28 10:56:53,415,leitura,,,,
TQ-MIX-PT,2.07617,BAR,OK,2026-06-28 10:56:53,415,leitura,,,,
RES-Q-TT,74.1736,C,OK,2026-06-28 10:56:53,415,leitura,,,,
RES-F-TT,11.8106,C,OK,2026-06-28 10:56:53,415,leitura,,,,
,28.0,,,2026-06-28 10:56:53,415,atuador,BOMBA-Q,PRINCIPAL,,
,28.0,,,2026-06-28 10:56:53,415,atuador,BOMBA-F,PRINCIPAL,,
TQ-MIX-TT,11.672,C,OK,2026-06-28 10:56:56,416,leitura,,,,
TQ-MIX-LT,53.6643,%,OK,2026-06-28 10:56:56,416,leitura,,,,
TQ-MIX-PT,2.07329,BAR,OK,2026-06-28 10:56:56,416,leitura,,,,
RES-Q-TT,74.1918,C,OK,2026-06-28 10:56:56,416,leitura,,,,
RES-F-TT,11.672,C,OK,2026-06-28 10:56:56,416,leitura,,,,
,28.0,,,2026-06-28 10:56:56,416,atuador,BOMBA-Q,PRINCIPAL,,
,28.0,,,2026-06-28 10:56:56,416,atuador,BOMBA-F,PRINCIPAL,,
TQ-MIX-TT,74.1006,C,OK,2026-06-28 10:56:59,417,leitura,,,,
TQ-MIX-LT,53.5203,%,OK,2026-06-28 10:56:59,417,leitura,,,,
TQ-MIX-PT,2.07041,BAR,OK,2026-06-28 10:56:59,417,leitura,,,,
RES-Q-TT,74.1006,C,OK,2026-06-28 10:56:59,417,leitura,,,,
RES-F-TT,11.8997,C,OK,2026-06-28 10:56:59,417,leitura,,,,
,28.0,,,2026-06-28 10:56:59,417,atuador,BOMBA-Q,PRINCIPAL,,
,28.0,,,2026-06-28 10:56:59,417,atuador,BOMBA-F,PRINCIPAL,,
TQ-MIX-TT,11.9384,C,OK,2026-06-28 10:57:02,418,leitura,,,,
TQ-MIX-LT,53.3763,%,OK,2026-06-28 10:57:02,418,leitura,,,,
TQ-MIX-PT,2.06753,BAR,OK,2026-06-28 10:57:02,418,leitura,,,,
RES-Q-TT,74.0663,C,OK,2026-06-28 10:57:02,418,leitura,,,,
RES-F-TT,11.9384,C,OK,2026-06-28 10:57:02,418,leitura,,,,
,28.0,,,2026-06-28 10:57:02,418,atuador,BOMBA-Q,PRINCIPAL,,
,28.0,,,2026-06-28 10:57:02,418,atuador,BOMBA-F,PRINCIPAL,,
TQ-MIX-TT,74.0582,C,OK,2026-06-28 10:57:05,419,leitura,,,,
TQ-MIX-LT,53.2323,%,OK,2026-06-28 10:57:05,419,leitura,,,,
TQ-MIX-PT,2.06465,BAR,OK,2026-06-28 10:57:05,419,leitura,,,,
RES-Q-TT,74.0582,C,OK,2026-06-28 10:57:05,419,leitura,,,,
RES-F-TT,11.7636,C,OK,2026-06-28 10:57:05,419,leitura,,,,
,28.0,,,2026-06-28 10:57:05,419,atuador,BOMBA-Q,PRINCIPAL,,
,28.0,,,2026-06-28 10:57:05,419,atuador,BOMBA-F,PRINCIPAL,,
TQ-MIX-TT,11.7091,C,OK,2026-06-28 10:57:08,420,leitura,,,,
TQ-MIX-LT,53.0883,%,OK,2026-06-28 10:57:08,420,leitura,,,,
TQ-MIX-PT,2.06177,BAR,OK,2026-06-28 10:57:08,420,leitura,,,,
RES-Q-TT,74.2843,C,OK,2026-06-28 10:57:08,420,leitura,,,,
RES-F-TT,11.7091,C,OK,2026-06-28 10:57:08,420,leitura,,,,
,28.0,,,2026-06-28 10:57:08,420,atuador,BOMBA-Q,PRINCIPAL,,
,28.0,,,2026-06-28 10:57:08,420,atuador,BOMBA-F,PRINCIPAL,,
TQ-MIX-TT,74.4247,C,OK,2026-06-28 10:57:11,421,leitura,,,,
TQ-MIX-LT,52.9443,%,OK,2026-06-28 10:57:11,421,leitura,,,,
TQ-MIX-PT,2.05889,BAR,OK,2026-06-28 10:57:11,421,leitura,,,,
RES-Q-TT,74.4247,C,OK,2026-06-28 10:57:11,421,leitura,,,,
RES-F-TT,11.8019,C,OK,2026-06-28 10:57:11,421,leitura,,,,
,28.0,,,2026-06-28 10:57:11,421,atuador,BOMBA-Q,PRINCIPAL,,
,28.0,,,2026-06-28 10:57:11,421,atuador,BOMBA-F,PRINCIPAL,,
TQ-MIX-TT,11.5645,C,OK,2026-06-28 10:57:14,422,leitura,,,,
TQ-MIX-LT,52.8003,%,OK,2026-06-28 10:57:14,422,leitura,,,,
TQ-MIX-PT,2.05601,BAR,OK,2026-06-28 10:57:14,422,leitura,,,,
RES-Q-TT,74.5622,C,OK,2026-06-28 10:57:14,422,leitura,,,,
RES-F-TT,11.5645,C,OK,2026-06-28 10:57:14,422,leitura,,,,
,28.0,,,2026-06-28 10:57:14,422,atuador,BOMBA-Q,PRINCIPAL,,
,28.0,,,2026-06-28 10:57:14,422,atuador,BOMBA-F,PRINCIPAL,,
TQ-MIX-TT,74.3291,C,OK,2026-06-28 10:57:17,423,leitura,,,,
TQ-MIX-LT,52.6563,%,OK,2026-06-28 10:57:17,423,leitura,,,,
TQ-MIX-PT,2.05313,BAR,OK,2026-06-28 10:57:17,423,leitura,,,,
RES-Q-TT,74.3291,C,OK,2026-06-28 10:57:17,423,leitura,,,,
RES-F-TT,11.6991,C,OK,2026-06-28 10:57:17,423,leitura,,,,
,28.0,,,2026-06-28 10:57:17,423,atuador,BOMBA-Q,PRINCIPAL,,
,28.0,,,2026-06-28 10:57:17,423,atuador,BOMBA-F,PRINCIPAL,,
TQ-MIX-TT,11.9852,C,OK,2026-06-28 10:57:20,424,leitura,,,,
TQ-MIX-LT,52.5123,%,OK,2026-06-28 10:57:20,424,leitura,,,,
TQ-MIX-PT,2.05025,BAR,OK,2026-06-28 10:57:20,424,leitura,,,,
RES-Q-TT,74.4686,C,OK,2026-06-28 10:57:20,424,leitura,,,,
RES-F-TT,11.9852,C,OK,2026-06-28 10:57:20,424,leitura,,,,
,28.0,,,2026-06-28 10:57:20,424,atuador,BOMBA-Q,PRINCIPAL,,
,28.0,,,2026-06-28 10:57:20,424,atuador,BOMBA-F,PRINCIPAL,,
TQ-MIX-TT,74.6028,C,OK,2026-06-28 10:57:23,425,leitura,,,,
TQ-MIX-LT,52.3683,%,OK,2026-06-28 10:57:23,425,leitura,,,,
TQ-MIX-PT,2.04737,BAR,OK,2026-06-28 10:57:23,425,leitura,,,,
RES-Q-TT,74.6028,C,OK,2026-06-28 10:57:23,425,leitura,,,,
RES-F-TT,12.211,C,OK,2026-06-28 10:57:23,425,leitura,,,,
,28.0,,,2026-06-28 10:57:23,425,atuador,BOMBA-Q,PRINCIPAL,,
,28.0,,,2026-06-28 10:57:23,425,atuador,BOMBA-F,PRINCIPAL,,
TQ-MIX-TT,12.17,C,OK,2026-06-28 10:57:26,426,leitura,,,,
TQ-MIX-LT,52.2243,%,OK,2026-06-28 10:57:26,426,leitura,,,,
TQ-MIX-PT,2.04449,BAR,OK,2026-06-28 10:57:26,426,leitura,,,,
RES-Q-TT,74.543,C,OK,2026-06-28 10:57:26,426,leitura,,,,
RES-F-TT,12.17,C,OK,2026-06-28 10:57:26,426,leitura,,,,
,28.0,,,2026-06-28 10:57:26,426,atuador,BOMBA-Q,PRINCIPAL,,
,28.0,,,2026-06-28 10:57:26,426,atuador,BOMBA-F,PRINCIPAL,,
TQ-MIX-TT,74.706,C,OK,2026-06-28 10:57:29,427,leitura,,,,
TQ-MIX-LT,52.0803,%,OK,2026-06-28 10:57:29,427,leitura,,,,
TQ-MIX-PT,2.04161,BAR,OK,2026-06-28 10:57:29,427,leitura,,,,
RES-Q-TT,74.706,C,OK,2026-06-28 10:57:29,427,leitura,,,,
RES-F-TT,12.1258,C,OK,2026-06-28 10:57:29,427,leitura,,,,
,28.0,,,2026-06-28 10:57:29,427,atuador,BOMBA-Q,PRINCIPAL,,
,28.0,,,2026-06-28 10:57:29,427,atuador,BOMBA-F,PRINCIPAL,,
TQ-MIX-TT,12.153,C,OK,2026-06-28 10:57:32,428,leitura,,,,
TQ-MIX-LT,51.9363,%,OK,2026-06-28 10:57:32,428,leitura,,,,
TQ-MIX-PT,2.03873,BAR,OK,2026-06-28 10:57:32,428,leitura,,,,
RES-Q-TT,74.5615,C,OK,2026-06-28 10:57:32,428,leitura,,,,
RES-F-TT,12.153,C,OK,2026-06-28 10:57:32,428,leitura,,,,
,28.0,,,2026-06-28 10:57:32,428,atuador,BOMBA-Q,PRINCIPAL,,
,28.0,,,2026-06-28 10:57:32,428,atuador,BOMBA-F,PRINCIPAL,,
TQ-MIX-TT,74.4689,C,OK,2026-06-28 10:57:35,429,leitura,,,,
TQ-MIX-LT,51.7923,%,OK,2026-06-28 10:57:35,429,leitura,,,,
TQ-MIX-PT,2.03585,BAR,OK,2026-06-28 10:57:35,429,leitura,,,,
RES-Q-TT,74.4689,C,OK,2026-06-28 10:57:35,429,leitura,,,,
RES-F-TT,12.2289,C,OK,2026-06-28 10:57:35,429,leitura,,,,
,28.0,,,2026-06-28 10:57:35,429,atuador,BOMBA-Q,PRINCIPAL,,
,28.0,,,2026-06-28 10:57:35,429,atuador,BOMBA-F,PRINCIPAL,,
TQ-MIX-TT,12.0913,C,OK,2026-06-28 10:57:38,430,leitura,,,,
TQ-MIX-LT,51.6483,%,OK,2026-06-28 10:57:38,430,leitura,,,,
TQ-MIX-PT,2.03297,BAR,OK,2026-06-28 10:57:38,430,leitura,,,,
RES-Q-TT,74.6908,C,OK,2026-06-28 10:57:38,430,leitura,,,,
RES-F-TT,12.0913,C,OK,2026-06-28 10:57:38,430,leitura,,,,
,28.0,,,2026-06-28 10:57:38,430,atuador,BOMBA-Q,PRINCIPAL,,
,28.0,,,2026-06-28 10:57:38,430,atuador,BOMBA-F,PRINCIPAL,,
TQ-MIX-TT,74.5037,C,OK,2026-06-28 10:57:41,431,leitura,,,,
TQ-MIX-LT,51.5043,%,OK,2026-06-28 10:57:41,431,leitura,,,,
TQ-MIX-PT,2.03009,BAR,OK,2026-06-28 10:57:41,431,leitura,,,,
RES-Q-TT,74.5037,C,OK,2026-06-28 10:57:41,431,leitura,,,,
RES-F-TT,12.3758,C,OK,2026-06-28 10:57:41,431,leitura,,,,
,28.0,,,2026-06-28 10:57:41,431,atuador,BOMBA-Q,PRINCIPAL,,
,28.0,,,2026-06-28 10:57:41,431,atuador,BOMBA-F,PRINCIPAL,,
TQ-MIX-TT,12.3661,C,OK,2026-06-28 10:57:44,432,leitura,,,,
TQ-MIX-LT,51.3603,%,OK,2026-06-28 10:57:44,432,leitura,,,,
TQ-MIX-PT,2.02721,BAR,OK,2026-06-28 10:57:44,432,leitura,,,,
RES-Q-TT,74.5446,C,OK,2026-06-28 10:57:44,432,leitura,,,,
RES-F-TT,12.3661,C,OK,2026-06-28 10:57:44,432,leitura,,,,
,28.0,,,2026-06-28 10:57:44,432,atuador,BOMBA-Q,PRINCIPAL,,
,28.0,,,2026-06-28 10:57:44,432,atuador,BOMBA-F,PRINCIPAL,,
TQ-MIX-TT,74.2681,C,OK,2026-06-28 10:57:47,433,leitura,,,,
TQ-MIX-LT,51.2163,%,OK,2026-06-28 10:57:47,433,leitura,,,,
TQ-MIX-PT,2.02433,BAR,OK,2026-06-28 10:57:47,433,leitura,,,,
RES-Q-TT,74.2681,C,OK,2026-06-28 10:57:47,433,leitura,,,,
RES-F-TT,12.6043,C,OK,2026-06-28 10:57:47,433,leitura,,,,
,28.0,,,2026-06-28 10:57:47,433,atuador,BOMBA-Q,PRINCIPAL,,
,28.0,,,2026-06-28 10:57:47,433,atuador,BOMBA-F,PRINCIPAL,,
TQ-MIX-TT,12.4897,C,OK,2026-06-28 10:57:50,434,leitura,,,,
TQ-MIX-LT,51.0723,%,OK,2026-06-28 10:57:50,434,leitura,,,,
TQ-MIX-PT,2.02145,BAR,OK,2026-06-28 10:57:50,434,leitura,,,,
RES-Q-TT,74.1986,C,OK,2026-06-28 10:57:50,434,leitura,,,,
RES-F-TT,12.4897,C,OK,2026-06-28 10:57:50,434,leitura,,,,
,28.0,,,2026-06-28 10:57:50,434,atuador,BOMBA-Q,PRINCIPAL,,
,28.0,,,2026-06-28 10:57:50,434,atuador,BOMBA-F,PRINCIPAL,,
TQ-MIX-TT,74.4467,C,OK,2026-06-28 10:57:53,435,leitura,,,,
TQ-MIX-LT,50.9283,%,OK,2026-06-28 10:57:53,435,leitura,,,,
TQ-MIX-PT,2.01857,BAR,OK,2026-06-28 10:57:53,435,leitura,,,,
RES-Q-TT,74.4467,C,OK,2026-06-28 10:57:53,435,leitura,,,,
RES-F-TT,12.569,C,OK,2026-06-28 10:57:53,435,leitura,,,,
,28.0,,,2026-06-28 10:57:53,435,atuador,BOMBA-Q,PRINCIPAL,,
,28.0,,,2026-06-28 10:57:53,435,atuador,BOMBA-F,PRINCIPAL,,
TQ-MIX-TT,12.3544,C,OK,2026-06-28 10:57:56,436,leitura,,,,
TQ-MIX-LT,50.7843,%,OK,2026-06-28 10:57:56,436,leitura,,,,
TQ-MIX-PT,2.01569,BAR,OK,2026-06-28 10:57:56,436,leitura,,,,
RES-Q-TT,74.5457,C,OK,2026-06-28 10:57:56,436,leitura,,,,
RES-F-TT,12.3544,C,OK,2026-06-28 10:57:56,436,leitura,,,,
,28.0,,,2026-06-28 10:57:56,436,atuador,BOMBA-Q,PRINCIPAL,,
,28.0,,,2026-06-28 10:57:56,436,atuador,BOMBA-F,PRINCIPAL,,
TQ-MIX-TT,74.4717,C,OK,2026-06-28 10:57:59,437,leitura,,,,
TQ-MIX-LT,50.6403,%,OK,2026-06-28 10:57:59,437,leitura,,,,
TQ-MIX-PT,2.01281,BAR,OK,2026-06-28 10:57:59,437,leitura,,,,
RES-Q-TT,74.4717,C,OK,2026-06-28 10:57:59,437,leitura,,,,
RES-F-TT,12.4516,C,OK,2026-06-28 10:57:59,437,leitura,,,,
,28.0,,,2026-06-28 10:57:59,437,atuador,BOMBA-Q,PRINCIPAL,,
,28.0,,,2026-06-28 10:57:59,437,atuador,BOMBA-F,PRINCIPAL,,
TQ-MIX-TT,12.6857,C,OK,2026-06-28 10:58:02,438,leitura,,,,
TQ-MIX-LT,50.4963,%,OK,2026-06-28 10:58:02,438,leitura,,,,
TQ-MIX-PT,2.00993,BAR,OK,2026-06-28 10:58:02,438,leitura,,,,
RES-Q-TT,74.5587,C,OK,2026-06-28 10:58:02,438,leitura,,,,
RES-F-TT,12.6857,C,OK,2026-06-28 10:58:02,438,leitura,,,,
,28.0,,,2026-06-28 10:58:02,438,atuador,BOMBA-Q,PRINCIPAL,,
,28.0,,,2026-06-28 10:58:02,438,atuador,BOMBA-F,PRINCIPAL,,
TQ-MIX-TT,74.4058,C,OK,2026-06-28 10:58:05,439,leitura,,,,
TQ-MIX-LT,50.3523,%,OK,2026-06-28 10:58:05,439,leitura,,,,
TQ-MIX-PT,2.00705,BAR,OK,2026-06-28 10:58:05,439,leitura,,,,
RES-Q-TT,74.4058,C,OK,2026-06-28 10:58:05,439,leitura,,,,
RES-F-TT,12.7651,C,OK,2026-06-28 10:58:05,439,leitura,,,,
,28.0,,,2026-06-28 10:58:05,439,atuador,BOMBA-Q,PRINCIPAL,,
,28.0,,,2026-06-28 10:58:05,439,atuador,BOMBA-F,PRINCIPAL,,
TQ-MIX-TT,12.691,C,OK,2026-06-28 10:58:08,440,leitura,,,,
TQ-MIX-LT,50.2083,%,OK,2026-06-28 10:58:08,440,leitura,,,,
TQ-MIX-PT,2.00417,BAR,OK,2026-06-28 10:58:08,440,leitura,,,,
RES-Q-TT,74.2466,C,OK,2026-06-28 10:58:08,440,leitura,,,,
RES-F-TT,12.691,C,OK,2026-06-28 10:58:08,440,leitura,,,,
,28.0,,,2026-06-28 10:58:08,440,atuador,BOMBA-Q,PRINCIPAL,,
,28.0,,,2026-06-28 10:58:08,440,atuador,BOMBA-F,PRINCIPAL,,
TQ-MIX-TT,73.9923,C,OK,2026-06-28 10:58:11,441,leitura,,,,
TQ-MIX-LT,50.0643,%,OK,2026-06-28 10:58:11,441,leitura,,,,
TQ-MIX-PT,2.00129,BAR,OK,2026-06-28 10:58:11,441,leitura,,,,
RES-Q-TT,73.9923,C,OK,2026-06-28 10:58:11,441,leitura,,,,
RES-F-TT,12.9558,C,OK,2026-06-28 10:58:11,441,leitura,,,,
,28.0,,,2026-06-28 10:58:11,441,atuador,BOMBA-Q,PRINCIPAL,,
,28.0,,,2026-06-28 10:58:11,441,atuador,BOMBA-F,PRINCIPAL,,
TQ-MIX-TT,13.0904,C,OK,2026-06-28 10:58:14,442,leitura,,,,
TQ-MIX-LT,49.9203,%,OK,2026-06-28 10:58:14,442,leitura,,,,
TQ-MIX-PT,1.9984100000000002,BAR,OK,2026-06-28 10:58:14,442,leitura,,,,
RES-Q-TT,73.7728,C,OK,2026-06-28 10:58:14,442,leitura,,,,
RES-F-TT,13.0904,C,OK,2026-06-28 10:58:14,442,leitura,,,,
,28.0,,,2026-06-28 10:58:14,442,atuador,BOMBA-Q,PRINCIPAL,,
,28.0,,,2026-06-28 10:58:14,442,atuador,BOMBA-F,PRINCIPAL,,
TQ-MIX-TT,73.7306,C,OK,2026-06-28 10:58:17,443,leitura,,,,
TQ-MIX-LT,49.7763,%,OK,2026-06-28 10:58:17,443,leitura,,,,
TQ-MIX-PT,1.99553,BAR,OK,2026-06-28 10:58:17,443,leitura,,,,
RES-Q-TT,73.7306,C,OK,2026-06-28 10:58:17,443,leitura,,,,
RES-F-TT,12.8339,C,OK,2026-06-28 10:58:17,443,leitura,,,,
,28.0,,,2026-06-28 10:58:17,443,atuador,BOMBA-Q,PRINCIPAL,,
,28.0,,,2026-06-28 10:58:17,443,atuador,BOMBA-F,PRINCIPAL,,
TQ-MIX-TT,12.9496,C,OK,2026-06-28 10:58:20,444,leitura,,,,
TQ-MIX-LT,49.6323,%,OK,2026-06-28 10:58:20,444,leitura,,,,
TQ-MIX-PT,1.99265,BAR,OK,2026-06-28 10:58:20,444,leitura,,,,
RES-Q-TT,73.6963,C,OK,2026-06-28 10:58:20,444,leitura,,,,
RES-F-TT,12.9496,C,OK,2026-06-28 10:58:20,444,leitura,,,,
,28.0,,,2026-06-28 10:58:20,444,atuador,BOMBA-Q,PRINCIPAL,,
,28.0,,,2026-06-28 10:58:20,444,atuador,BOMBA-F,PRINCIPAL,,
TQ-MIX-TT,73.7177,C,OK,2026-06-28 10:58:23,445,leitura,,,,
TQ-MIX-LT,49.4883,%,OK,2026-06-28 10:58:23,445,leitura,,,,
TQ-MIX-PT,1.98977,BAR,OK,2026-06-28 10:58:23,445,leitura,,,,
RES-Q-TT,73.7177,C,OK,2026-06-28 10:58:23,445,leitura,,,,
RES-F-TT,13.023,C,OK,2026-06-28 10:58:23,445,leitura,,,,
,28.0,,,2026-06-28 10:58:23,445,atuador,BOMBA-Q,PRINCIPAL,,
,28.0,,,2026-06-28 10:58:23,445,atuador,BOMBA-F,PRINCIPAL,,
TQ-MIX-TT,13.0399,C,OK,2026-06-28 10:58:26,446,leitura,,,,
TQ-MIX-LT,49.3443,%,OK,2026-06-28 10:58:26,446,leitura,,,,
TQ-MIX-PT,1.98689,BAR,OK,2026-06-28 10:58:26,446,leitura,,,,
RES-Q-TT,73.5114,C,OK,2026-06-28 10:58:26,446,leitura,,,,
RES-F-TT,13.0399,C,OK,2026-06-28 10:58:26,446,leitura,,,,
,28.0,,,2026-06-28 10:58:26,446,atuador,BOMBA-Q,PRINCIPAL,,
,28.0,,,2026-06-28 10:58:26,446,atuador,BOMBA-F,PRINCIPAL,,
TQ-MIX-TT,61.5616,C,OK,2026-06-28 10:58:29,447,leitura,,,,
TQ-MIX-LT,49.4643,%,OK,2026-06-28 10:58:29,447,leitura,,,,
TQ-MIX-PT,1.98929,BAR,OK,2026-06-28 10:58:29,447,leitura,,,,
RES-Q-TT,73.6679,C,OK,2026-06-28 10:58:29,447,leitura,,,,
RES-F-TT,13.1364,C,OK,2026-06-28 10:58:29,447,leitura,,,,
,8.0,,,2026-06-28 10:58:29,447,atuador,BOMBA-Q,PRINCIPAL,,
,28.0,,,2026-06-28 10:58:29,447,atuador,BOMBA-F,PRINCIPAL,,
TQ-MIX-TT,41.0574,C,OK,2026-06-28 10:58:32,448,leitura,,,,
TQ-MIX-LT,49.7843,%,OK,2026-06-28 10:58:32,448,leitura,,,,
TQ-MIX-PT,1.9956900000000002,BAR,OK,2026-06-28 10:58:32,448,leitura,,,,
RES-Q-TT,73.6525,C,OK,2026-06-28 10:58:32,448,leitura,,,,
RES-F-TT,13.1187,C,OK,2026-06-28 10:58:32,448,leitura,,,,
,28.0,,,2026-06-28 10:58:32,448,atuador,BOMBA-Q,PRINCIPAL,,
,28.0,,,2026-06-28 10:58:32,448,atuador,BOMBA-F,PRINCIPAL,,
TQ-MIX-TT,61.6329,C,OK,2026-06-28 10:58:35,449,leitura,,,,
TQ-MIX-LT,50.7043,%,OK,2026-06-28 10:58:35,449,leitura,,,,
TQ-MIX-PT,2.01409,BAR,OK,2026-06-28 10:58:35,449,leitura,,,,
RES-Q-TT,73.7196,C,OK,2026-06-28 10:58:35,449,leitura,,,,
RES-F-TT,13.2861,C,OK,2026-06-28 10:58:35,449,leitura,,,,
,28.0,,,2026-06-28 10:58:35,449,atuador,BOMBA-Q,PRINCIPAL,,
,28.0,,,2026-06-28 10:58:35,449,atuador,BOMBA-F,PRINCIPAL,,
TQ-MIX-TT,58.7472,C,OK,2026-06-28 10:58:38,450,leitura,,,,
TQ-MIX-LT,51.6243,%,OK,2026-06-28 10:58:38,450,leitura,,,,
TQ-MIX-PT,2.03249,BAR,OK,2026-06-28 10:58:38,450,leitura,,,,
RES-Q-TT,73.8238,C,OK,2026-06-28 10:58:38,450,leitura,,,,
RES-F-TT,13.5173,C,OK,2026-06-28 10:58:38,450,leitura,,,,
,28.0,,,2026-06-28 10:58:38,450,atuador,BOMBA-Q,PRINCIPAL,,
,28.0,,,2026-06-28 10:58:38,450,atuador,BOMBA-F,PRINCIPAL,,
TQ-MIX-TT,61.8381,C,OK,2026-06-28 10:58:41,451,leitura,,,,
TQ-MIX-LT,52.5443,%,OK,2026-06-28 10:58:41,451,leitura,,,,
TQ-MIX-PT,2.05089,BAR,OK,2026-06-28 10:58:41,451,leitura,,,,
RES-Q-TT,73.8581,C,OK,2026-06-28 10:58:41,451,leitura,,,,
RES-F-TT,13.7578,C,OK,2026-06-28 10:58:41,451,leitura,,,,
,28.0,,,2026-06-28 10:58:41,451,atuador,BOMBA-Q,PRINCIPAL,,
,28.0,,,2026-06-28 10:58:41,451,atuador,BOMBA-F,PRINCIPAL,,
TQ-MIX-TT,58.7958,C,OK,2026-06-28 10:58:44,452,leitura,,,,
TQ-MIX-LT,53.4643,%,OK,2026-06-28 10:58:44,452,leitura,,,,
TQ-MIX-PT,2.06929,BAR,OK,2026-06-28 10:58:44,452,leitura,,,,
RES-Q-TT,73.8138,C,OK,2026-06-28 10:58:44,452,leitura,,,,
RES-F-TT,13.7418,C,OK,2026-06-28 10:58:44,452,leitura,,,,
,28.0,,,2026-06-28 10:58:44,452,atuador,BOMBA-Q,PRINCIPAL,,
,28.0,,,2026-06-28 10:58:44,452,atuador,BOMBA-F,PRINCIPAL,,
TQ-MIX-TT,61.6242,C,OK,2026-06-28 10:58:47,453,leitura,,,,
TQ-MIX-LT,54.3843,%,OK,2026-06-28 10:58:47,453,leitura,,,,
TQ-MIX-PT,2.08769,BAR,OK,2026-06-28 10:58:47,453,leitura,,,,
RES-Q-TT,73.6023,C,OK,2026-06-28 10:58:47,453,leitura,,,,
RES-F-TT,13.711500000000001,C,OK,2026-06-28 10:58:47,453,leitura,,,,
,28.0,,,2026-06-28 10:58:47,453,atuador,BOMBA-Q,PRINCIPAL,,
,28.0,,,2026-06-28 10:58:47,453,atuador,BOMBA-F,PRINCIPAL,,
TQ-MIX-TT,58.5524,C,OK,2026-06-28 10:58:50,454,leitura,,,,
TQ-MIX-LT,55.3043,%,OK,2026-06-28 10:58:50,454,leitura,,,,
TQ-MIX-PT,2.10609,BAR,OK,2026-06-28 10:58:50,454,leitura,,,,
RES-Q-TT,73.5978,C,OK,2026-06-28 10:58:50,454,leitura,,,,
RES-F-TT,13.4162,C,OK,2026-06-28 10:58:50,454,leitura,,,,
,28.0,,,2026-06-28 10:58:50,454,atuador,BOMBA-Q,PRINCIPAL,,
,28.0,,,2026-06-28 10:58:50,454,atuador,BOMBA-F,PRINCIPAL,,
TQ-MIX-TT,61.7608,C,OK,2026-06-28 10:58:53,455,leitura,,,,
TQ-MIX-LT,56.2243,%,OK,2026-06-28 10:58:53,455,leitura,,,,
TQ-MIX-PT,2.12449,BAR,OK,2026-06-28 10:58:53,455,leitura,,,,
RES-Q-TT,73.8854,C,OK,2026-06-28 10:58:53,455,leitura,,,,
RES-F-TT,13.2625,C,OK,2026-06-28 10:58:53,455,leitura,,,,
,28.0,,,2026-06-28 10:58:53,455,atuador,BOMBA-Q,PRINCIPAL,,
,28.0,,,2026-06-28 10:58:53,455,atuador,BOMBA-F,PRINCIPAL,,
TQ-MIX-TT,58.4786,C,OK,2026-06-28 10:58:56,456,leitura,,,,
TQ-MIX-LT,57.1443,%,OK,2026-06-28 10:58:56,456,leitura,,,,
TQ-MIX-PT,2.14289,BAR,OK,2026-06-28 10:58:56,456,leitura,,,,
RES-Q-TT,73.6093,C,OK,2026-06-28 10:58:56,456,leitura,,,,
RES-F-TT,13.0864,C,OK,2026-06-28 10:58:56,456,leitura,,,,
,28.0,,,2026-06-28 10:58:56,456,atuador,BOMBA-Q,PRINCIPAL,,
,28.0,,,2026-06-28 10:58:56,456,atuador,BOMBA-F,PRINCIPAL,,
TQ-MIX-TT,61.4886,C,OK,2026-06-28 10:58:59,457,leitura,,,,
TQ-MIX-LT,58.0643,%,OK,2026-06-28 10:58:59,457,leitura,,,,
TQ-MIX-PT,2.16129,BAR,OK,2026-06-28 10:58:59,457,leitura,,,,
RES-Q-TT,73.6145,C,OK,2026-06-28 10:58:59,457,leitura,,,,
RES-F-TT,12.9848,C,OK,2026-06-28 10:58:59,457,leitura,,,,
,28.0,,,2026-06-28 10:58:59,457,atuador,BOMBA-Q,PRINCIPAL,,
,28.0,,,2026-06-28 10:58:59,457,atuador,BOMBA-F,PRINCIPAL,,
TQ-MIX-TT,58.6357,C,OK,2026-06-28 10:59:02,458,leitura,,,,
TQ-MIX-LT,58.9843,%,OK,2026-06-28 10:59:02,458,leitura,,,,
TQ-MIX-PT,2.17969,BAR,OK,2026-06-28 10:59:02,458,leitura,,,,
RES-Q-TT,73.8483,C,OK,2026-06-28 10:59:02,458,leitura,,,,
RES-F-TT,12.9977,C,OK,2026-06-28 10:59:02,458,leitura,,,,
,28.0,,,2026-06-28 10:59:02,458,atuador,BOMBA-Q,PRINCIPAL,,
,28.0,,,2026-06-28 10:59:02,458,atuador,BOMBA-F,PRINCIPAL,,
TQ-MIX-TT,61.5812,C,OK,2026-06-28 10:59:05,459,leitura,,,,
TQ-MIX-LT,59.9043,%,OK,2026-06-28 10:59:05,459,leitura,,,,
TQ-MIX-PT,2.19809,BAR,OK,2026-06-28 10:59:05,459,leitura,,,,
RES-Q-TT,73.7811,C,OK,2026-06-28 10:59:05,459,leitura,,,,
RES-F-TT,12.7817,C,OK,2026-06-28 10:59:05,459,leitura,,,,
,28.0,,,2026-06-28 10:59:05,459,atuador,BOMBA-Q,PRINCIPAL,,
,28.0,,,2026-06-28 10:59:05,459,atuador,BOMBA-F,PRINCIPAL,,
TQ-MIX-TT,58.6577,C,OK,2026-06-28 10:59:08,460,leitura,,,,
TQ-MIX-LT,60.8243,%,OK,2026-06-28 10:59:08,460,leitura,,,,
TQ-MIX-PT,2.21649,BAR,OK,2026-06-28 10:59:08,460,leitura,,,,
RES-Q-TT,74.0403,C,OK,2026-06-28 10:59:08,460,leitura,,,,
RES-F-TT,12.5097,C,OK,2026-06-28 10:59:08,460,leitura,,,,
,28.0,,,2026-06-28 10:59:08,460,atuador,BOMBA-Q,PRINCIPAL,,
,28.0,,,2026-06-28 10:59:08,460,atuador,BOMBA-F,PRINCIPAL,,
TQ-MIX-TT,61.584,C,OK,2026-06-28 10:59:11,461,leitura,,,,
TQ-MIX-LT,61.7443,%,OK,2026-06-28 10:59:11,461,leitura,,,,
TQ-MIX-PT,2.23489,BAR,OK,2026-06-28 10:59:11,461,leitura,,,,
RES-Q-TT,73.857,C,OK,2026-06-28 10:59:11,461,leitura,,,,
RES-F-TT,12.492,C,OK,2026-06-28 10:59:11,461,leitura,,,,
,28.0,,,2026-06-28 10:59:11,461,atuador,BOMBA-Q,PRINCIPAL,,
,28.0,,,2026-06-28 10:59:11,461,atuador,BOMBA-F,PRINCIPAL,,
TQ-MIX-TT,58.2628,C,OK,2026-06-28 10:59:14,462,leitura,,,,
TQ-MIX-LT,62.6643,%,OK,2026-06-28 10:59:14,462,leitura,,,,
TQ-MIX-PT,2.25329,BAR,OK,2026-06-28 10:59:14,462,leitura,,,,
RES-Q-TT,73.5642,C,OK,2026-06-28 10:59:14,462,leitura,,,,
RES-F-TT,12.3587,C,OK,2026-06-28 10:59:14,462,leitura,,,,
,28.0,,,2026-06-28 10:59:14,462,atuador,BOMBA-Q,PRINCIPAL,,
,28.0,,,2026-06-28 10:59:14,462,atuador,BOMBA-F,PRINCIPAL,,
TQ-MIX-TT,61.4365,C,OK,2026-06-28 10:59:17,463,leitura,,,,
TQ-MIX-LT,63.5843,%,OK,2026-06-28 10:59:17,463,leitura,,,,
TQ-MIX-PT,2.27169,BAR,OK,2026-06-28 10:59:17,463,leitura,,,,
RES-Q-TT,73.7473,C,OK,2026-06-28 10:59:17,463,leitura,,,,
RES-F-TT,12.1933,C,OK,2026-06-28 10:59:17,463,leitura,,,,
,28.0,,,2026-06-28 10:59:17,463,atuador,BOMBA-Q,PRINCIPAL,,
,28.0,,,2026-06-28 10:59:17,463,atuador,BOMBA-F,PRINCIPAL,,
TQ-MIX-TT,58.1751,C,OK,2026-06-28 10:59:20,464,leitura,,,,
TQ-MIX-LT,64.5043,%,OK,2026-06-28 10:59:20,464,leitura,,,,
TQ-MIX-PT,2.29009,BAR,OK,2026-06-28 10:59:20,464,leitura,,,,
RES-Q-TT,73.5505,C,OK,2026-06-28 10:59:20,464,leitura,,,,
RES-F-TT,12.0488,C,OK,2026-06-28 10:59:20,464,leitura,,,,
,28.0,,,2026-06-28 10:59:20,464,atuador,BOMBA-Q,PRINCIPAL,,
,28.0,,,2026-06-28 10:59:20,464,atuador,BOMBA-F,PRINCIPAL,,
TQ-MIX-TT,61.3179,C,OK,2026-06-28 10:59:23,465,leitura,,,,
TQ-MIX-LT,65.4243,%,OK,2026-06-28 10:59:23,465,leitura,,,,
TQ-MIX-PT,2.30849,BAR,OK,2026-06-28 10:59:23,465,leitura,,,,
RES-Q-TT,73.6797,C,OK,2026-06-28 10:59:23,465,leitura,,,,
RES-F-TT,11.8706,C,OK,2026-06-28 10:59:23,465,leitura,,,,
,28.0,,,2026-06-28 10:59:23,465,atuador,BOMBA-Q,PRINCIPAL,,
,28.0,,,2026-06-28 10:59:23,465,atuador,BOMBA-F,PRINCIPAL,,
TQ-MIX-TT,58.4612,C,OK,2026-06-28 10:59:26,466,leitura,,,,
TQ-MIX-LT,66.3443,%,OK,2026-06-28 10:59:26,466,leitura,,,,
TQ-MIX-PT,2.32689,BAR,OK,2026-06-28 10:59:26,466,leitura,,,,
RES-Q-TT,73.9507,C,OK,2026-06-28 10:59:26,466,leitura,,,,
RES-F-TT,11.9929,C,OK,2026-06-28 10:59:26,466,leitura,,,,
,28.0,,,2026-06-28 10:59:26,466,atuador,BOMBA-Q,PRINCIPAL,,
,28.0,,,2026-06-28 10:59:26,466,atuador,BOMBA-F,PRINCIPAL,,
TQ-MIX-TT,61.6891,C,OK,2026-06-28 10:59:29,467,leitura,,,,
TQ-MIX-LT,67.2643,%,OK,2026-06-28 10:59:29,467,leitura,,,,
TQ-MIX-PT,2.34529,BAR,OK,2026-06-28 10:59:29,467,leitura,,,,
RES-Q-TT,74.0476,C,OK,2026-06-28 10:59:29,467,leitura,,,,
RES-F-TT,12.2549,C,OK,2026-06-28 10:59:29,467,leitura,,,,
,28.0,,,2026-06-28 10:59:29,467,atuador,BOMBA-Q,PRINCIPAL,,
,28.0,,,2026-06-28 10:59:29,467,atuador,BOMBA-F,PRINCIPAL,,
TQ-MIX-TT,58.7224,C,OK,2026-06-28 10:59:32,468,leitura,,,,
TQ-MIX-LT,68.1843,%,OK,2026-06-28 10:59:32,468,leitura,,,,
TQ-MIX-PT,2.36369,BAR,OK,2026-06-28 10:59:32,468,leitura,,,,
RES-Q-TT,74.228,C,OK,2026-06-28 10:59:32,468,leitura,,,,
RES-F-TT,12.2058,C,OK,2026-06-28 10:59:32,468,leitura,,,,
,28.0,,,2026-06-28 10:59:32,468,atuador,BOMBA-Q,PRINCIPAL,,
,28.0,,,2026-06-28 10:59:32,468,atuador,BOMBA-F,PRINCIPAL,,
TQ-MIX-TT,61.975,C,OK,2026-06-28 10:59:35,469,leitura,,,,
TQ-MIX-LT,69.1043,%,OK,2026-06-28 10:59:35,469,leitura,,,,
TQ-MIX-PT,2.38209,BAR,OK,2026-06-28 10:59:35,469,leitura,,,,
RES-Q-TT,74.4559,C,OK,2026-06-28 10:59:35,469,leitura,,,,
RES-F-TT,12.0516,C,OK,2026-06-28 10:59:35,469,leitura,,,,
,28.0,,,2026-06-28 10:59:35,469,atuador,BOMBA-Q,PRINCIPAL,,
,28.0,,,2026-06-28 10:59:35,469,atuador,BOMBA-F,PRINCIPAL,,
TQ-MIX-TT,58.7606,C,OK,2026-06-28 10:59:38,470,leitura,,,,
TQ-MIX-LT,70.0243,%,OK,2026-06-28 10:59:38,470,leitura,,,,
TQ-MIX-PT,2.40049,BAR,OK,2026-06-28 10:59:38,470,leitura,,,,
RES-Q-TT,74.4049,C,OK,2026-06-28 10:59:38,470,leitura,,,,
RES-F-TT,11.8277,C,OK,2026-06-28 10:59:38,470,leitura,,,,
,28.0,,,2026-06-28 10:59:38,470,atuador,BOMBA-Q,PRINCIPAL,,
,28.0,,,2026-06-28 10:59:38,470,atuador,BOMBA-F,PRINCIPAL,,
TQ-MIX-TT,62.0184,C,OK,2026-06-28 10:59:41,471,leitura,,,,
TQ-MIX-LT,70.9443,%,OK,2026-06-28 10:59:41,471,leitura,,,,
TQ-MIX-PT,2.41889,BAR,OK,2026-06-28 10:59:41,471,leitura,,,,
RES-Q-TT,74.6324,C,OK,2026-06-28 10:59:41,471,leitura,,,,
RES-F-TT,11.562,C,OK,2026-06-28 10:59:41,471,leitura,,,,
,28.0,,,2026-06-28 10:59:41,471,atuador,BOMBA-Q,PRINCIPAL,,
,28.0,,,2026-06-28 10:59:41,471,atuador,BOMBA-F,PRINCIPAL,,
TQ-MIX-TT,59.0239,C,OK,2026-06-28 10:59:44,472,leitura,,,,
TQ-MIX-LT,71.8643,%,OK,2026-06-28 10:59:44,472,leitura,,,,
TQ-MIX-PT,2.43729,BAR,OK,2026-06-28 10:59:44,472,leitura,,,,
RES-Q-TT,74.8619,C,OK,2026-06-28 10:59:44,472,leitura,,,,
RES-F-TT,11.5101,C,OK,2026-06-28 10:59:44,472,leitura,,,,
,28.0,,,2026-06-28 10:59:44,472,atuador,BOMBA-Q,PRINCIPAL,,
,28.0,,,2026-06-28 10:59:44,472,atuador,BOMBA-F,PRINCIPAL,,
TQ-MIX-TT,59.1506,C,OK,2026-06-28 10:59:47,473,leitura,,,,
TQ-MIX-LT,72.7843,%,OK,2026-06-28 10:59:47,473,leitura,,,,
TQ-MIX-PT,2.45569,BAR,OK,2026-06-28 10:59:47,473,leitura,,,,
RES-Q-TT,74.9409,C,OK,2026-06-28 10:59:47,473,leitura,,,,
RES-F-TT,11.7799,C,OK,2026-06-28 10:59:47,473,leitura,,,,
,28.0,,,2026-06-28 10:59:47,473,atuador,BOMBA-Q,PRINCIPAL,,
,28.0,,,2026-06-28 10:59:47,473,atuador,BOMBA-F,PRINCIPAL,,
TQ-MIX-TT,59.1509,C,OK,2026-06-28 10:59:50,474,leitura,,,,
TQ-MIX-LT,73.7043,%,OK,2026-06-28 10:59:50,474,leitura,,,,
TQ-MIX-PT,2.47409,BAR,OK,2026-06-28 10:59:50,474,leitura,,,,
RES-Q-TT,74.9541,C,OK,2026-06-28 10:59:50,474,leitura,,,,
RES-F-TT,11.7415,C,OK,2026-06-28 10:59:50,474,leitura,,,,
,28.0,,,2026-06-28 10:59:50,474,atuador,BOMBA-Q,PRINCIPAL,,
,28.0,,,2026-06-28 10:59:50,474,atuador,BOMBA-F,PRINCIPAL,,
TQ-MIX-TT,59.1454,C,OK,2026-06-28 10:59:53,475,leitura,,,,
TQ-MIX-LT,74.6243,%,OK,2026-06-28 10:59:53,475,leitura,,,,
TQ-MIX-PT,2.49249,BAR,OK,2026-06-28 10:59:53,475,leitura,,,,
RES-Q-TT,75.027,C,OK,2026-06-28 10:59:53,475,leitura,,,,
RES-F-TT,11.5007,C,OK,2026-06-28 10:59:53,475,leitura,,,,
,28.0,,,2026-06-28 10:59:53,475,atuador,BOMBA-Q,PRINCIPAL,,
,28.0,,,2026-06-28 10:59:53,475,atuador,BOMBA-F,PRINCIPAL,,
TQ-MIX-TT,59.1751,C,OK,2026-06-28 10:59:56,476,leitura,,,,
TQ-MIX-LT,75.5443,%,OK,2026-06-28 10:59:56,476,leitura,,,,
TQ-MIX-PT,2.51089,BAR,OK,2026-06-28 10:59:56,476,leitura,,,,
RES-Q-TT,74.9883,C,OK,2026-06-28 10:59:56,476,leitura,,,,
RES-F-TT,11.7354,C,OK,2026-06-28 10:59:56,476,leitura,,,,
,28.0,,,2026-06-28 10:59:56,476,atuador,BOMBA-Q,PRINCIPAL,,
,28.0,,,2026-06-28 10:59:56,476,atuador,BOMBA-F,PRINCIPAL,,
TQ-MIX-TT,59.0819,C,OK,2026-06-28 10:59:59,477,leitura,,,,
TQ-MIX-LT,76.4643,%,OK,2026-06-28 10:59:59,477,leitura,,,,
TQ-MIX-PT,2.52929,BAR,OK,2026-06-28 10:59:59,477,leitura,,,,
RES-Q-TT,74.9427,C,OK,2026-06-28 10:59:59,477,leitura,,,,
RES-F-TT,11.4994,C,OK,2026-06-28 10:59:59,477,leitura,,,,
,28.0,,,2026-06-28 10:59:59,477,atuador,BOMBA-Q,PRINCIPAL,,
,28.0,,,2026-06-28 10:59:59,477,atuador,BOMBA-F,PRINCIPAL,,
TQ-MIX-TT,64.5529,C,OK,2026-06-28 11:00:02,478,leitura,,,,
TQ-MIX-LT,77.2243,%,OK,2026-06-28 11:00:02,478,leitura,,,,
TQ-MIX-PT,2.54449,BAR,OK,2026-06-28 11:00:02,478,leitura,,,,
RES-Q-TT,75.2176,C,OK,2026-06-28 11:00:02,478,leitura,,,,
RES-F-TT,11.2292,C,OK,2026-06-28 11:00:02,478,leitura,,,,
,40.0,,,2026-06-28 11:00:02,478,atuador,BOMBA-Q,PRINCIPAL,,
,28.0,,,2026-06-28 11:00:02,478,atuador,BOMBA-F,PRINCIPAL,,
TQ-MIX-TT,45.4601,C,OK,2026-06-28 11:00:05,479,leitura,,,,
TQ-MIX-LT,78.3603,%,OK,2026-06-28 11:00:05,479,leitura,,,,
TQ-MIX-PT,2.56721,BAR,OK,2026-06-28 11:00:05,479,leitura,,,,
RES-Q-TT,74.9464,C,OK,2026-06-28 11:00:05,479,leitura,,,,
RES-F-TT,10.9956,C,OK,2026-06-28 11:00:05,479,leitura,,,,
,40.0,,,2026-06-28 11:00:05,479,atuador,BOMBA-Q,PRINCIPAL,,
,28.0,,,2026-06-28 11:00:05,479,atuador,BOMBA-F,PRINCIPAL,,
TQ-MIX-TT,45.5974,C,OK,2026-06-28 11:00:08,480,leitura,,,,
TQ-MIX-LT,79.4963,%,OK,2026-06-28 11:00:08,480,leitura,,,,
TQ-MIX-PT,2.58993,BAR,OK,2026-06-28 11:00:08,480,leitura,,,,
RES-Q-TT,75.2032,C,OK,2026-06-28 11:00:08,480,leitura,,,,
RES-F-TT,10.9933,C,OK,2026-06-28 11:00:08,480,leitura,,,,
,40.0,,,2026-06-28 11:00:08,480,atuador,BOMBA-Q,PRINCIPAL,,
,28.0,,,2026-06-28 11:00:08,480,atuador,BOMBA-F,PRINCIPAL,,
TQ-MIX-TT,45.5173,C,OK,2026-06-28 11:00:11,481,leitura,,,,
TQ-MIX-LT,80.6323,%,OK,2026-06-28 11:00:11,481,leitura,,,,
TQ-MIX-PT,2.61265,BAR,OK,2026-06-28 11:00:11,481,leitura,,,,
RES-Q-TT,75.2553,C,OK,2026-06-28 11:00:11,481,leitura,,,,
RES-F-TT,10.7587,C,OK,2026-06-28 11:00:11,481,leitura,,,,
,40.0,,,2026-06-28 11:00:11,481,atuador,BOMBA-Q,PRINCIPAL,,
,28.0,,,2026-06-28 11:00:11,481,atuador,BOMBA-F,PRINCIPAL,,
TQ-MIX-TT,45.5173,C,OK,2026-06-28 11:00:14,482,leitura,,,,
TQ-MIX-LT,80.4323,%,OK,2026-06-28 11:00:14,482,leitura,,,,
TQ-MIX-PT,2.60865,BAR,OK,2026-06-28 11:00:14,482,leitura,,,,
RES-Q-TT,75.0082,C,OK,2026-06-28 11:00:14,482,leitura,,,,
RES-F-TT,10.9418,C,OK,2026-06-28 11:00:14,482,leitura,,,,
,0.0,,,2026-06-28 11:00:14,482,atuador,BOMBA-Q,PRINCIPAL,,
,0.0,,,2026-06-28 11:00:14,482,atuador,BOMBA-F,PRINCIPAL,,
TQ-MIX-TT,45.5173,C,OK,2026-06-28 11:00:17,483,leitura,,,,
TQ-MIX-LT,80.2323,%,OK,2026-06-28 11:00:17,483,leitura,,,,
TQ-MIX-PT,2.60465,BAR,OK,2026-06-28 11:00:17,483,leitura,,,,
RES-Q-TT,74.8279,C,OK,2026-06-28 11:00:17,483,leitura,,,,
RES-F-TT,11.082,C,OK,2026-06-28 11:00:17,483,leitura,,,,
,0.0,,,2026-06-28 11:00:17,483,atuador,BOMBA-Q,PRINCIPAL,,
,0.0,,,2026-06-28 11:00:17,483,atuador,BOMBA-F,PRINCIPAL,,
TQ-MIX-TT,45.5173,C,OK,2026-06-28 11:00:20,484,leitura,,,,
TQ-MIX-LT,80.0323,%,OK,2026-06-28 11:00:20,484,leitura,,,,
TQ-MIX-PT,2.60065,BAR,OK,2026-06-28 11:00:20,484,leitura,,,,
RES-Q-TT,74.7924,C,OK,2026-06-28 11:00:20,484,leitura,,,,
RES-F-TT,11.0421,C,OK,2026-06-28 11:00:20,484,leitura,,,,
,0.0,,,2026-06-28 11:00:20,484,atuador,BOMBA-Q,PRINCIPAL,,
,0.0,,,2026-06-28 11:00:20,484,atuador,BOMBA-F,PRINCIPAL,,
TQ-MIX-TT,45.5173,C,OK,2026-06-28 11:00:23,485,leitura,,,,
TQ-MIX-LT,79.8323,%,OK,2026-06-28 11:00:23,485,leitura,,,,
TQ-MIX-PT,2.59665,BAR,OK,2026-06-28 11:00:23,485,leitura,,,,
RES-Q-TT,75.0039,C,OK,2026-06-28 11:00:23,485,leitura,,,,
RES-F-TT,10.8272,C,OK,2026-06-28 11:00:23,485,leitura,,,,
,0.0,,,2026-06-28 11:00:23,485,atuador,BOMBA-Q,PRINCIPAL,,
,0.0,,,2026-06-28 11:00:23,485,atuador,BOMBA-F,PRINCIPAL,,
TQ-MIX-TT,45.5173,C,OK,2026-06-28 11:00:26,486,leitura,,,,
TQ-MIX-LT,79.6323,%,OK,2026-06-28 11:00:26,486,leitura,,,,
TQ-MIX-PT,2.59265,BAR,OK,2026-06-28 11:00:26,486,leitura,,,,
RES-Q-TT,75.268,C,OK,2026-06-28 11:00:26,486,leitura,,,,
RES-F-TT,10.6338,C,OK,2026-06-28 11:00:26,486,leitura,,,,
,0.0,,,2026-06-28 11:00:26,486,atuador,BOMBA-Q,PRINCIPAL,,
,0.0,,,2026-06-28 11:00:26,486,atuador,BOMBA-F,PRINCIPAL,,
TQ-MIX-TT,45.5173,C,OK,2026-06-28 11:00:29,487,leitura,,,,
TQ-MIX-LT,79.4323,%,OK,2026-06-28 11:00:29,487,leitura,,,,
TQ-MIX-PT,2.58865,BAR,OK,2026-06-28 11:00:29,487,leitura,,,,
RES-Q-TT,74.8768,C,OK,2026-06-28 11:00:29,487,leitura,,,,
RES-F-TT,10.731300000000001,C,OK,2026-06-28 11:00:29,487,leitura,,,,
,0.0,,,2026-06-28 11:00:29,487,atuador,BOMBA-Q,PRINCIPAL,,
,0.0,,,2026-06-28 11:00:29,487,atuador,BOMBA-F,PRINCIPAL,,
TQ-MIX-TT,45.5173,C,OK,2026-06-28 11:00:32,488,leitura,,,,
TQ-MIX-LT,79.2323,%,OK,2026-06-28 11:00:32,488,leitura,,,,
TQ-MIX-PT,2.58465,BAR,OK,2026-06-28 11:00:32,488,leitura,,,,
RES-Q-TT,75.0731,C,OK,2026-06-28 11:00:32,488,leitura,,,,
RES-F-TT,10.9817,C,OK,2026-06-28 11:00:32,488,leitura,,,,
,0.0,,,2026-06-28 11:00:32,488,atuador,BOMBA-Q,PRINCIPAL,,
,0.0,,,2026-06-28 11:00:32,488,atuador,BOMBA-F,PRINCIPAL,,
TQ-MIX-TT,45.5173,C,OK,2026-06-28 11:00:35,489,leitura,,,,
TQ-MIX-LT,79.0323,%,OK,2026-06-28 11:00:35,489,leitura,,,,
TQ-MIX-PT,2.58065,BAR,OK,2026-06-28 11:00:35,489,leitura,,,,
RES-Q-TT,75.0907,C,OK,2026-06-28 11:00:35,489,leitura,,,,
RES-F-TT,11.2403,C,OK,2026-06-28 11:00:35,489,leitura,,,,
,0.0,,,2026-06-28 11:00:35,489,atuador,BOMBA-Q,PRINCIPAL,,
,0.0,,,2026-06-28 11:00:35,489,atuador,BOMBA-F,PRINCIPAL,,
TQ-MIX-TT,45.5173,C,OK,2026-06-28 11:00:38,490,leitura,,,,
TQ-MIX-LT,78.8323,%,OK,2026-06-28 11:00:38,490,leitura,,,,
TQ-MIX-PT,2.57665,BAR,OK,2026-06-28 11:00:38,490,leitura,,,,
RES-Q-TT,74.7158,C,OK,2026-06-28 11:00:38,490,leitura,,,,
RES-F-TT,11.3361,C,OK,2026-06-28 11:00:38,490,leitura,,,,
,0.0,,,2026-06-28 11:00:38,490,atuador,BOMBA-Q,PRINCIPAL,,
,0.0,,,2026-06-28 11:00:38,490,atuador,BOMBA-F,PRINCIPAL,,
TQ-MIX-TT,62.1114,C,OK,2026-06-28 11:00:41,491,leitura,,,,
TQ-MIX-LT,78.9523,%,OK,2026-06-28 11:00:41,491,leitura,,,,
TQ-MIX-PT,2.57905,BAR,OK,2026-06-28 11:00:41,491,leitura,,,,
RES-Q-TT,74.7692,C,OK,2026-06-28 11:00:41,491,leitura,,,,
RES-F-TT,11.4802,C,OK,2026-06-28 11:00:41,491,leitura,,,,
,8.0,,,2026-06-28 11:00:41,491,atuador,BOMBA-Q,PRINCIPAL,,
,28.0,,,2026-06-28 11:00:41,491,atuador,BOMBA-F,PRINCIPAL,,
TQ-MIX-TT,40.6128,C,OK,2026-06-28 11:00:44,492,leitura,,,,
TQ-MIX-LT,79.2723,%,OK,2026-06-28 11:00:44,492,leitura,,,,
TQ-MIX-PT,2.58545,BAR,OK,2026-06-28 11:00:44,492,leitura,,,,
RES-Q-TT,74.6788,C,OK,2026-06-28 11:00:44,492,leitura,,,,
RES-F-TT,11.4133,C,OK,2026-06-28 11:00:44,492,leitura,,,,
,28.0,,,2026-06-28 11:00:44,492,atuador,BOMBA-Q,PRINCIPAL,,
,28.0,,,2026-06-28 11:00:44,492,atuador,BOMBA-F,PRINCIPAL,,
TQ-MIX-TT,62.2356,C,OK,2026-06-28 11:00:47,493,leitura,,,,
TQ-MIX-LT,80.1923,%,OK,2026-06-28 11:00:47,493,leitura,,,,
TQ-MIX-PT,2.60385,BAR,OK,2026-06-28 11:00:47,493,leitura,,,,
RES-Q-TT,74.9095,C,OK,2026-06-28 11:00:47,493,leitura,,,,
RES-F-TT,11.5401,C,OK,2026-06-28 11:00:47,493,leitura,,,,
,28.0,,,2026-06-28 11:00:47,493,atuador,BOMBA-Q,PRINCIPAL,,
,28.0,,,2026-06-28 11:00:47,493,atuador,BOMBA-F,PRINCIPAL,,
TQ-MIX-TT,59.0634,C,OK,2026-06-28 11:00:50,494,leitura,,,,
TQ-MIX-LT,81.1123,%,OK,2026-06-28 11:00:50,494,leitura,,,,
TQ-MIX-PT,2.62225,BAR,OK,2026-06-28 11:00:50,494,leitura,,,,
RES-Q-TT,74.9175,C,OK,2026-06-28 11:00:50,494,leitura,,,,
RES-F-TT,11.5013,C,OK,2026-06-28 11:00:50,494,leitura,,,,
,28.0,,,2026-06-28 11:00:50,494,atuador,BOMBA-Q,PRINCIPAL,,
,28.0,,,2026-06-28 11:00:50,494,atuador,BOMBA-F,PRINCIPAL,,
TQ-MIX-TT,58.972,C,OK,2026-06-28 11:00:53,495,leitura,,,,
TQ-MIX-LT,82.0323,%,OK,2026-06-28 11:00:53,495,leitura,,,,
TQ-MIX-PT,2.64065,BAR,OK,2026-06-28 11:00:53,495,leitura,,,,
RES-Q-TT,74.7516,C,OK,2026-06-28 11:00:53,495,leitura,,,,
RES-F-TT,11.6333,C,OK,2026-06-28 11:00:53,495,leitura,,,,
,28.0,,,2026-06-28 11:00:53,495,atuador,BOMBA-Q,PRINCIPAL,,
,28.0,,,2026-06-28 11:00:53,495,atuador,BOMBA-F,PRINCIPAL,,
TQ-MIX-TT,62.2118,C,ALARME,2026-06-28 11:00:56,496,leitura,,,,
TQ-MIX-LT,82.9523,%,ALARME,2026-06-28 11:00:56,496,leitura,,,,
TQ-MIX-PT,2.65905,BAR,OK,2026-06-28 11:00:56,496,leitura,,,,
RES-Q-TT,74.9097,C,OK,2026-06-28 11:00:56,496,leitura,,,,
RES-F-TT,11.4199,C,OK,2026-06-28 11:00:56,496,leitura,,,,
,28.0,,,2026-06-28 11:00:56,496,atuador,BOMBA-Q,PRINCIPAL,,
,28.0,,,2026-06-28 11:00:56,496,atuador,BOMBA-F,PRINCIPAL,,
,,,,2026-06-28 11:00:56,496,alarme,,,NIVEL_ALTO,media
TQ-MIX-TT,60.747,C,ALARME,2026-06-28 11:00:59,497,leitura,,,,
TQ-MIX-LT,83.7603,%,ALARME,2026-06-28 11:00:59,497,leitura,,,,
TQ-MIX-PT,2.67521,BAR,OK,2026-06-28 11:00:59,497,leitura,,,,
RES-Q-TT,74.769,C,OK,2026-06-28 11:00:59,497,leitura,,,,
RES-F-TT,11.6699,C,OK,2026-06-28 11:00:59,497,leitura,,,,
,28.0,,,2026-06-28 11:00:59,497,atuador,BOMBA-Q,PRINCIPAL,,
,28.0,,,2026-06-28 11:00:59,497,atuador,BOMBA-F,PRINCIPAL,,
,,,,2026-06-28 11:00:59,497,alarme,,,NIVEL_ALTO,media
TQ-MIX-TT,62.8835,C,ALARME,2026-06-28 11:01:02,498,leitura,,,,
TQ-MIX-LT,84.4563,%,ALARME,2026-06-28 11:01:02,498,leitura,,,,
TQ-MIX-PT,2.68913,BAR,OK,2026-06-28 11:01:02,498,leitura,,,,
RES-Q-TT,74.6328,C,OK,2026-06-28 11:01:02,498,leitura,,,,
RES-F-TT,11.9696,C,OK,2026-06-28 11:01:02,498,leitura,,,,
,28.0,,,2026-06-28 11:01:02,498,atuador,BOMBA-Q,PRINCIPAL,,
,28.0,,,2026-06-28 11:01:02,498,atuador,BOMBA-F,PRINCIPAL,,
,,,,2026-06-28 11:01:02,498,alarme,,,NIVEL_ALTO,media
TQ-MIX-TT,60.9703,C,ALARME,2026-06-28 11:01:05,499,leitura,,,,
TQ-MIX-LT,85.0403,%,ALARME,2026-06-28 11:01:05,499,leitura,,,,
TQ-MIX-PT,2.70081,BAR,OK,2026-06-28 11:01:05,499,leitura,,,,
RES-Q-TT,74.3756,C,OK,2026-06-28 11:01:05,499,leitura,,,,
RES-F-TT,11.8174,C,OK,2026-06-28 11:01:05,499,leitura,,,,
,28.0,,,2026-06-28 11:01:05,499,atuador,BOMBA-Q,PRINCIPAL,,
,28.0,,,2026-06-28 11:01:05,499,atuador,BOMBA-F,PRINCIPAL,,
,,,,2026-06-28 11:01:05,499,alarme,,,NIVEL_ALTO,media
TQ-MIX-TT,63.9941,C,ALARME,2026-06-28 11:01:08,500,leitura,,,,
TQ-MIX-LT,85.5123,%,ALARME,2026-06-28 11:01:08,500,leitura,,,,
TQ-MIX-PT,2.7102500000000003,BAR,OK,2026-06-28 11:01:08,500,leitura,,,,
RES-Q-TT,74.4099,C,OK,2026-06-28 11:01:08,500,leitura,,,,
RES-F-TT,11.9149,C,OK,2026-06-28 11:01:08,500,leitura,,,,
,28.0,,,2026-06-28 11:01:08,500,atuador,BOMBA-Q,PRINCIPAL,,
,28.0,,,2026-06-28 11:01:08,500,atuador,BOMBA-F,PRINCIPAL,,
,,,,2026-06-28 11:01:08,500,alarme,,,NIVEL_ALTO,media
TQ-MIX-TT,61.9674,C,ALARME,2026-06-28 11:01:11,501,leitura,,,,
TQ-MIX-LT,85.8723,%,ALARME,2026-06-28 11:01:11,501,leitura,,,,
TQ-MIX-PT,2.71745,BAR,OK,2026-06-28 11:01:11,501,leitura,,,,
RES-Q-TT,74.4668,C,OK,2026-06-28 11:01:11,501,leitura,,,,
RES-F-TT,11.9701,C,OK,2026-06-28 11:01:11,501,leitura,,,,
,28.0,,,2026-06-28 11:01:11,501,atuador,BOMBA-Q,PRINCIPAL,,
,28.0,,,2026-06-28 11:01:11,501,atuador,BOMBA-F,PRINCIPAL,,
,,,,2026-06-28 11:01:11,501,alarme,,,NIVEL_ALTO,media
TQ-MIX-TT,58.6955,C,ALARME,2026-06-28 11:01:14,502,leitura,,,,
TQ-MIX-LT,86.1203,%,ALARME,2026-06-28 11:01:14,502,leitura,,,,
TQ-MIX-PT,2.72241,BAR,OK,2026-06-28 11:01:14,502,leitura,,,,
RES-Q-TT,74.3138,C,OK,2026-06-28 11:01:14,502,leitura,,,,
RES-F-TT,11.8408,C,OK,2026-06-28 11:01:14,502,leitura,,,,
,28.0,,,2026-06-28 11:01:14,502,atuador,BOMBA-Q,PRINCIPAL,,
,28.0,,,2026-06-28 11:01:14,502,atuador,BOMBA-F,PRINCIPAL,,
,,,,2026-06-28 11:01:14,502,alarme,,,NIVEL_ALTO,media
TQ-MIX-TT,74.5243,C,ALARME,2026-06-28 11:01:17,503,leitura,,,,
TQ-MIX-LT,86.2563,%,ALARME,2026-06-28 11:01:17,503,leitura,,,,
TQ-MIX-PT,2.72513,BAR,OK,2026-06-28 11:01:17,503,leitura,,,,
RES-Q-TT,74.5243,C,OK,2026-06-28 11:01:17,503,leitura,,,,
RES-F-TT,11.7312,C,OK,2026-06-28 11:01:17,503,leitura,,,,
,28.0,,,2026-06-28 11:01:17,503,atuador,BOMBA-Q,PRINCIPAL,,
,28.0,,,2026-06-28 11:01:17,503,atuador,BOMBA-F,PRINCIPAL,,
,,,,2026-06-28 11:01:17,503,alarme,,,NIVEL_ALTO,media
TQ-MIX-TT,62.1914,C,ALARME,2026-06-28 11:01:20,504,leitura,,,,
TQ-MIX-LT,86.3363,%,ALARME,2026-06-28 11:01:20,504,leitura,,,,
TQ-MIX-PT,2.72673,BAR,OK,2026-06-28 11:01:20,504,leitura,,,,
RES-Q-TT,74.7961,C,OK,2026-06-28 11:01:20,504,leitura,,,,
RES-F-TT,11.7724,C,OK,2026-06-28 11:01:20,504,leitura,,,,
,28.0,,,2026-06-28 11:01:20,504,atuador,BOMBA-Q,PRINCIPAL,,
,28.0,,,2026-06-28 11:01:20,504,atuador,BOMBA-F,PRINCIPAL,,
,,,,2026-06-28 11:01:20,504,alarme,,,NIVEL_ALTO,media
TQ-MIX-TT,53.9446,C,ALARME,2026-06-28 11:01:23,505,leitura,,,,
TQ-MIX-LT,86.3043,%,ALARME,2026-06-28 11:01:23,505,leitura,,,,
TQ-MIX-PT,2.72609,BAR,OK,2026-06-28 11:01:23,505,leitura,,,,
RES-Q-TT,75.0879,C,OK,2026-06-28 11:01:23,505,leitura,,,,
RES-F-TT,11.658,C,OK,2026-06-28 11:01:23,505,leitura,,,,
,28.0,,,2026-06-28 11:01:23,505,atuador,BOMBA-Q,PRINCIPAL,,
,28.0,,,2026-06-28 11:01:23,505,atuador,BOMBA-F,PRINCIPAL,,
,,,,2026-06-28 11:01:23,505,alarme,,,NIVEL_ALTO,media
TQ-MIX-TT,74.8718,C,ALARME,2026-06-28 11:01:26,506,leitura,,,,
TQ-MIX-LT,86.2163,%,ALARME,2026-06-28 11:01:26,506,leitura,,,,
TQ-MIX-PT,2.72433,BAR,OK,2026-06-28 11:01:26,506,leitura,,,,
RES-Q-TT,74.8718,C,OK,2026-06-28 11:01:26,506,leitura,,,,
RES-F-TT,11.475,C,OK,2026-06-28 11:01:26,506,leitura,,,,
,28.0,,,2026-06-28 11:01:26,506,atuador,BOMBA-Q,PRINCIPAL,,
,28.0,,,2026-06-28 11:01:26,506,atuador,BOMBA-F,PRINCIPAL,,
,,,,2026-06-28 11:01:26,506,alarme,,,NIVEL_ALTO,media
TQ-MIX-TT,11.6597,C,ALARME,2026-06-28 11:01:29,507,leitura,,,,
TQ-MIX-LT,86.0723,%,ALARME,2026-06-28 11:01:29,507,leitura,,,,
TQ-MIX-PT,2.72145,BAR,OK,2026-06-28 11:01:29,507,leitura,,,,
RES-Q-TT,74.6676,C,OK,2026-06-28 11:01:29,507,leitura,,,,
RES-F-TT,11.6597,C,OK,2026-06-28 11:01:29,507,leitura,,,,
,28.0,,,2026-06-28 11:01:29,507,atuador,BOMBA-Q,PRINCIPAL,,
,28.0,,,2026-06-28 11:01:29,507,atuador,BOMBA-F,PRINCIPAL,,
,,,,2026-06-28 11:01:29,507,alarme,,,NIVEL_ALTO,media
TQ-MIX-TT,74.7497,C,ALARME,2026-06-28 11:01:32,508,leitura,,,,
TQ-MIX-LT,85.9283,%,ALARME,2026-06-28 11:01:32,508,leitura,,,,
TQ-MIX-PT,2.71857,BAR,OK,2026-06-28 11:01:32,508,leitura,,,,
RES-Q-TT,74.7497,C,OK,2026-06-28 11:01:32,508,leitura,,,,
RES-F-TT,11.3814,C,OK,2026-06-28 11:01:32,508,leitura,,,,
,28.0,,,2026-06-28 11:01:32,508,atuador,BOMBA-Q,PRINCIPAL,,
,28.0,,,2026-06-28 11:01:32,508,atuador,BOMBA-F,PRINCIPAL,,
,,,,2026-06-28 11:01:32,508,alarme,,,NIVEL_ALTO,media
TQ-MIX-TT,11.6609,C,ALARME,2026-06-28 11:01:35,509,leitura,,,,
TQ-MIX-LT,85.7843,%,ALARME,2026-06-28 11:01:35,509,leitura,,,,
TQ-MIX-PT,2.71569,BAR,OK,2026-06-28 11:01:35,509,leitura,,,,
RES-Q-TT,74.4951,C,OK,2026-06-28 11:01:35,509,leitura,,,,
RES-F-TT,11.6609,C,OK,2026-06-28 11:01:35,509,leitura,,,,
,28.0,,,2026-06-28 11:01:35,509,atuador,BOMBA-Q,PRINCIPAL,,
,28.0,,,2026-06-28 11:01:35,509,atuador,BOMBA-F,PRINCIPAL,,
,,,,2026-06-28 11:01:35,509,alarme,,,NIVEL_ALTO,media
TQ-MIX-TT,74.234,C,ALARME,2026-06-28 11:01:38,510,leitura,,,,
TQ-MIX-LT,85.6403,%,ALARME,2026-06-28 11:01:38,510,leitura,,,,
TQ-MIX-PT,2.71281,BAR,OK,2026-06-28 11:01:38,510,leitura,,,,
RES-Q-TT,74.234,C,OK,2026-06-28 11:01:38,510,leitura,,,,
RES-F-TT,11.4665,C,OK,2026-06-28 11:01:38,510,leitura,,,,
,28.0,,,2026-06-28 11:01:38,510,atuador,BOMBA-Q,PRINCIPAL,,
,28.0,,,2026-06-28 11:01:38,510,atuador,BOMBA-F,PRINCIPAL,,
,,,,2026-06-28 11:01:38,510,alarme,,,NIVEL_ALTO,media
TQ-MIX-TT,51.6347,C,ALARME,2026-06-28 11:01:41,511,leitura,,,,
TQ-MIX-LT,85.7603,%,ALARME,2026-06-28 11:01:41,511,leitura,,,,
TQ-MIX-PT,2.71521,BAR,OK,2026-06-28 11:01:41,511,leitura,,,,
RES-Q-TT,74.2494,C,OK,2026-06-28 11:01:41,511,leitura,,,,
RES-F-TT,11.4308,C,OK,2026-06-28 11:01:41,511,leitura,,,,
,8.0,,,2026-06-28 11:01:41,511,atuador,BOMBA-Q,PRINCIPAL,,
,8.0,,,2026-06-28 11:01:41,511,atuador,BOMBA-F,PRINCIPAL,,
,,,,2026-06-28 11:01:41,511,alarme,,,NIVEL_ALTO,media
TQ-MIX-TT,52.5693,C,ALARME,2026-06-28 11:01:44,512,leitura,,,,
TQ-MIX-LT,85.8483,%,ALARME,2026-06-28 11:01:44,512,leitura,,,,
TQ-MIX-PT,2.71697,BAR,OK,2026-06-28 11:01:44,512,leitura,,,,
RES-Q-TT,74.3228,C,OK,2026-06-28 11:01:44,512,leitura,,,,
RES-F-TT,11.167300000000001,C,OK,2026-06-28 11:01:44,512,leitura,,,,
,8.0,,,2026-06-28 11:01:44,512,atuador,BOMBA-Q,PRINCIPAL,,
,8.0,,,2026-06-28 11:01:44,512,atuador,BOMBA-F,PRINCIPAL,,
,,,,2026-06-28 11:01:44,512,alarme,,,NIVEL_ALTO,media
TQ-MIX-TT,53.7649,C,ALARME,2026-06-28 11:01:47,513,leitura,,,,
TQ-MIX-LT,85.9043,%,ALARME,2026-06-28 11:01:47,513,leitura,,,,
TQ-MIX-PT,2.71809,BAR,OK,2026-06-28 11:01:47,513,leitura,,,,
RES-Q-TT,74.387,C,OK,2026-06-28 11:01:47,513,leitura,,,,
RES-F-TT,10.9343,C,OK,2026-06-28 11:01:47,513,leitura,,,,
,8.0,,,2026-06-28 11:01:47,513,atuador,BOMBA-Q,PRINCIPAL,,
,28.0,,,2026-06-28 11:01:47,513,atuador,BOMBA-F,PRINCIPAL,,
,,,,2026-06-28 11:01:47,513,alarme,,,NIVEL_ALTO,media
TQ-MIX-TT,31.4483,C,ALARME,2026-06-28 11:01:50,514,leitura,,,,
TQ-MIX-LT,86.1363,%,ALARME,2026-06-28 11:01:50,514,leitura,,,,
TQ-MIX-PT,2.7227300000000003,BAR,OK,2026-06-28 11:01:50,514,leitura,,,,
RES-Q-TT,74.2998,C,OK,2026-06-28 11:01:50,514,leitura,,,,
RES-F-TT,10.729,C,OK,2026-06-28 11:01:50,514,leitura,,,,
,28.0,,,2026-06-28 11:01:50,514,atuador,BOMBA-Q,PRINCIPAL,,
,28.0,,,2026-06-28 11:01:50,514,atuador,BOMBA-F,PRINCIPAL,,
,,,,2026-06-28 11:01:50,514,alarme,,,NIVEL_ALTO,media
TQ-MIX-TT,57.2464,C,ALARME,2026-06-28 11:01:53,515,leitura,,,,
TQ-MIX-LT,86.6083,%,ALARME,2026-06-28 11:01:53,515,leitura,,,,
TQ-MIX-PT,2.73217,BAR,OK,2026-06-28 11:01:53,515,leitura,,,,
RES-Q-TT,74.1223,C,OK,2026-06-28 11:01:53,515,leitura,,,,
RES-F-TT,10.8376,C,OK,2026-06-28 11:01:53,515,leitura,,,,
,28.0,,,2026-06-28 11:01:53,515,atuador,BOMBA-Q,PRINCIPAL,,
,28.0,,,2026-06-28 11:01:53,515,atuador,BOMBA-F,PRINCIPAL,,
,,,,2026-06-28 11:01:53,515,alarme,,,NIVEL_ALTO,media
TQ-MIX-TT,54.0756,C,ALARME,2026-06-28 11:01:56,516,leitura,,,,
TQ-MIX-LT,86.9683,%,ALARME,2026-06-28 11:01:56,516,leitura,,,,
TQ-MIX-PT,2.73937,BAR,OK,2026-06-28 11:01:56,516,leitura,,,,
RES-Q-TT,74.3602,C,OK,2026-06-28 11:01:56,516,leitura,,,,
RES-F-TT,10.9708,C,OK,2026-06-28 11:01:56,516,leitura,,,,
,28.0,,,2026-06-28 11:01:56,516,atuador,BOMBA-Q,PRINCIPAL,,
,28.0,,,2026-06-28 11:01:56,516,atuador,BOMBA-F,PRINCIPAL,,
,,,,2026-06-28 11:01:56,516,alarme,,,NIVEL_ALTO,media
TQ-MIX-TT,49.1403,C,ALARME,2026-06-28 11:01:59,517,leitura,,,,
TQ-MIX-LT,87.2163,%,ALARME,2026-06-28 11:01:59,517,leitura,,,,
TQ-MIX-PT,2.74433,BAR,OK,2026-06-28 11:01:59,517,leitura,,,,
RES-Q-TT,74.5836,C,OK,2026-06-28 11:01:59,517,leitura,,,,
RES-F-TT,10.9753,C,OK,2026-06-28 11:01:59,517,leitura,,,,
,28.0,,,2026-06-28 11:01:59,517,atuador,BOMBA-Q,PRINCIPAL,,
,28.0,,,2026-06-28 11:01:59,517,atuador,BOMBA-F,PRINCIPAL,,
,,,,2026-06-28 11:01:59,517,alarme,,,NIVEL_ALTO,media
TQ-MIX-TT,61.9373,C,ALARME,2026-06-28 11:02:02,518,leitura,,,,
TQ-MIX-LT,87.3523,%,ALARME,2026-06-28 11:02:02,518,leitura,,,,
TQ-MIX-PT,2.74705,BAR,OK,2026-06-28 11:02:02,518,leitura,,,,
RES-Q-TT,74.707,C,OK,2026-06-28 11:02:02,518,leitura,,,,
RES-F-TT,10.8584,C,OK,2026-06-28 11:02:02,518,leitura,,,,
,28.0,,,2026-06-28 11:02:02,518,atuador,BOMBA-Q,PRINCIPAL,,
,28.0,,,2026-06-28 11:02:02,518,atuador,BOMBA-F,PRINCIPAL,,
,,,,2026-06-28 11:02:02,518,alarme,,,NIVEL_ALTO,media
TQ-MIX-TT,55.3682,C,ALARME,2026-06-28 11:02:05,519,leitura,,,,
TQ-MIX-LT,87.3763,%,ALARME,2026-06-28 11:02:05,519,leitura,,,,
TQ-MIX-PT,2.7475300000000002,BAR,OK,2026-06-28 11:02:05,519,leitura,,,,
RES-Q-TT,74.4382,C,OK,2026-06-28 11:02:05,519,leitura,,,,
RES-F-TT,10.8714,C,OK,2026-06-28 11:02:05,519,leitura,,,,
,28.0,,,2026-06-28 11:02:05,519,atuador,BOMBA-Q,PRINCIPAL,,
,28.0,,,2026-06-28 11:02:05,519,atuador,BOMBA-F,PRINCIPAL,,
,,,,2026-06-28 11:02:05,519,alarme,,,NIVEL_ALTO,media
TQ-MIX-TT,36.2661,C,ALARME,2026-06-28 11:02:08,520,leitura,,,,
TQ-MIX-LT,87.2883,%,ALARME,2026-06-28 11:02:08,520,leitura,,,,
TQ-MIX-PT,2.7457700000000003,BAR,OK,2026-06-28 11:02:08,520,leitura,,,,
RES-Q-TT,74.6983,C,OK,2026-06-28 11:02:08,520,leitura,,,,
RES-F-TT,10.6447,C,OK,2026-06-28 11:02:08,520,leitura,,,,
,28.0,,,2026-06-28 11:02:08,520,atuador,BOMBA-Q,PRINCIPAL,,
,28.0,,,2026-06-28 11:02:08,520,atuador,BOMBA-F,PRINCIPAL,,
,,,,2026-06-28 11:02:08,520,alarme,,,NIVEL_ALTO,media
TQ-MIX-TT,74.9163,C,ALARME,2026-06-28 11:02:11,521,leitura,,,,
TQ-MIX-LT,87.1443,%,ALARME,2026-06-28 11:02:11,521,leitura,,,,
TQ-MIX-PT,2.74289,BAR,OK,2026-06-28 11:02:11,521,leitura,,,,
RES-Q-TT,74.9163,C,OK,2026-06-28 11:02:11,521,leitura,,,,
RES-F-TT,10.539,C,OK,2026-06-28 11:02:11,521,leitura,,,,
,28.0,,,2026-06-28 11:02:11,521,atuador,BOMBA-Q,PRINCIPAL,,
,28.0,,,2026-06-28 11:02:11,521,atuador,BOMBA-F,PRINCIPAL,,
,,,,2026-06-28 11:02:11,521,alarme,,,NIVEL_ALTO,media
TQ-MIX-TT,10.5125,C,ALARME,2026-06-28 11:02:14,522,leitura,,,,
TQ-MIX-LT,87.0003,%,ALARME,2026-06-28 11:02:14,522,leitura,,,,
TQ-MIX-PT,2.74001,BAR,OK,2026-06-28 11:02:14,522,leitura,,,,
RES-Q-TT,74.6914,C,OK,2026-06-28 11:02:14,522,leitura,,,,
RES-F-TT,10.5125,C,OK,2026-06-28 11:02:14,522,leitura,,,,
,28.0,,,2026-06-28 11:02:14,522,atuador,BOMBA-Q,PRINCIPAL,,
,28.0,,,2026-06-28 11:02:14,522,atuador,BOMBA-F,PRINCIPAL,,
,,,,2026-06-28 11:02:14,522,alarme,,,NIVEL_ALTO,media
TQ-MIX-TT,74.6457,C,ALARME,2026-06-28 11:02:17,523,leitura,,,,
TQ-MIX-LT,86.8563,%,ALARME,2026-06-28 11:02:17,523,leitura,,,,
TQ-MIX-PT,2.73713,BAR,OK,2026-06-28 11:02:17,523,leitura,,,,
RES-Q-TT,74.6457,C,OK,2026-06-28 11:02:17,523,leitura,,,,
RES-F-TT,10.5653,C,OK,2026-06-28 11:02:17,523,leitura,,,,
,28.0,,,2026-06-28 11:02:17,523,atuador,BOMBA-Q,PRINCIPAL,,
,28.0,,,2026-06-28 11:02:17,523,atuador,BOMBA-F,PRINCIPAL,,
,,,,2026-06-28 11:02:17,523,alarme,,,NIVEL_ALTO,media
TQ-MIX-TT,10.7962,C,ALARME,2026-06-28 11:02:20,524,leitura,,,,
TQ-MIX-LT,86.7123,%,ALARME,2026-06-28 11:02:20,524,leitura,,,,
TQ-MIX-PT,2.7342500000000003,BAR,OK,2026-06-28 11:02:20,524,leitura,,,,
RES-Q-TT,74.7513,C,OK,2026-06-28 11:02:20,524,leitura,,,,
RES-F-TT,10.7962,C,OK,2026-06-28 11:02:20,524,leitura,,,,
,28.0,,,2026-06-28 11:02:20,524,atuador,BOMBA-Q,PRINCIPAL,,
,28.0,,,2026-06-28 11:02:20,524,atuador,BOMBA-F,PRINCIPAL,,
,,,,2026-06-28 11:02:20,524,alarme,,,NIVEL_ALTO,media
TQ-MIX-TT,74.9003,C,ALARME,2026-06-28 11:02:23,525,leitura,,,,
TQ-MIX-LT,86.5683,%,ALARME,2026-06-28 11:02:23,525,leitura,,,,
TQ-MIX-PT,2.73137,BAR,OK,2026-06-28 11:02:23,525,leitura,,,,
RES-Q-TT,74.9003,C,OK,2026-06-28 11:02:23,525,leitura,,,,
RES-F-TT,10.6369,C,OK,2026-06-28 11:02:23,525,leitura,,,,
,28.0,,,2026-06-28 11:02:23,525,atuador,BOMBA-Q,PRINCIPAL,,
,28.0,,,2026-06-28 11:02:23,525,atuador,BOMBA-F,PRINCIPAL,,
,,,,2026-06-28 11:02:23,525,alarme,,,NIVEL_ALTO,media
TQ-MIX-TT,10.8722,C,ALARME,2026-06-28 11:02:26,526,leitura,,,,
TQ-MIX-LT,86.4243,%,ALARME,2026-06-28 11:02:26,526,leitura,,,,
TQ-MIX-PT,2.72849,BAR,OK,2026-06-28 11:02:26,526,leitura,,,,
RES-Q-TT,74.7998,C,OK,2026-06-28 11:02:26,526,leitura,,,,
RES-F-TT,10.8722,C,OK,2026-06-28 11:02:26,526,leitura,,,,
,28.0,,,2026-06-28 11:02:26,526,atuador,BOMBA-Q,PRINCIPAL,,
,28.0,,,2026-06-28 11:02:26,526,atuador,BOMBA-F,PRINCIPAL,,
,,,,2026-06-28 11:02:26,526,alarme,,,NIVEL_ALTO,media
TQ-MIX-TT,74.6955,C,ALARME,2026-06-28 11:02:29,527,leitura,,,,
TQ-MIX-LT,86.2803,%,ALARME,2026-06-28 11:02:29,527,leitura,,,,
TQ-MIX-PT,2.72561,BAR,OK,2026-06-28 11:02:29,527,leitura,,,,
RES-Q-TT,74.6955,C,OK,2026-06-28 11:02:29,527,leitura,,,,
RES-F-TT,11.1557,C,OK,2026-06-28 11:02:29,527,leitura,,,,
,28.0,,,2026-06-28 11:02:29,527,atuador,BOMBA-Q,PRINCIPAL,,
,28.0,,,2026-06-28 11:02:29,527,atuador,BOMBA-F,PRINCIPAL,,
,,,,2026-06-28 11:02:29,527,alarme,,,NIVEL_ALTO,media
TQ-MIX-TT,11.1842,C,ALARME,2026-06-28 11:02:32,528,leitura,,,,
TQ-MIX-LT,86.1363,%,ALARME,2026-06-28 11:02:32,528,leitura,,,,
TQ-MIX-PT,2.7227300000000003,BAR,OK,2026-06-28 11:02:32,528,leitura,,,,
RES-Q-TT,74.5655,C,OK,2026-06-28 11:02:32,528,leitura,,,,
RES-F-TT,11.1842,C,OK,2026-06-28 11:02:32,528,leitura,,,,
,28.0,,,2026-06-28 11:02:32,528,atuador,BOMBA-Q,PRINCIPAL,,
,28.0,,,2026-06-28 11:02:32,528,atuador,BOMBA-F,PRINCIPAL,,
,,,,2026-06-28 11:02:32,528,alarme,,,NIVEL_ALTO,media
TQ-MIX-TT,74.7017,C,ALARME,2026-06-28 11:02:35,529,leitura,,,,
TQ-MIX-LT,85.9923,%,ALARME,2026-06-28 11:02:35,529,leitura,,,,
TQ-MIX-PT,2.71985,BAR,OK,2026-06-28 11:02:35,529,leitura,,,,
RES-Q-TT,74.7017,C,OK,2026-06-28 11:02:35,529,leitura,,,,
RES-F-TT,11.353,C,OK,2026-06-28 11:02:35,529,leitura,,,,
,28.0,,,2026-06-28 11:02:35,529,atuador,BOMBA-Q,PRINCIPAL,,
,28.0,,,2026-06-28 11:02:35,529,atuador,BOMBA-F,PRINCIPAL,,
,,,,2026-06-28 11:02:35,529,alarme,,,NIVEL_ALTO,media
TQ-MIX-TT,11.5974,C,ALARME,2026-06-28 11:02:38,530,leitura,,,,
TQ-MIX-LT,85.8483,%,ALARME,2026-06-28 11:02:38,530,leitura,,,,
TQ-MIX-PT,2.71697,BAR,OK,2026-06-28 11:02:38,530,leitura,,,,
RES-Q-TT,74.995,C,OK,2026-06-28 11:02:38,530,leitura,,,,
RES-F-TT,11.5974,C,OK,2026-06-28 11:02:38,530,leitura,,,,
,28.0,,,2026-06-28 11:02:38,530,atuador,BOMBA-Q,PRINCIPAL,,
,28.0,,,2026-06-28 11:02:38,530,atuador,BOMBA-F,PRINCIPAL,,
,,,,2026-06-28 11:02:38,530,alarme,,,NIVEL_ALTO,media
TQ-MIX-TT,22.2278,C,ALARME,2026-06-28 11:02:41,531,leitura,,,,
TQ-MIX-LT,86.6083,%,ALARME,2026-06-28 11:02:41,531,leitura,,,,
TQ-MIX-PT,2.73217,BAR,OK,2026-06-28 11:02:41,531,leitura,,,,
RES-Q-TT,75.0374,C,OK,2026-06-28 11:02:41,531,leitura,,,,
RES-F-TT,11.6659,C,OK,2026-06-28 11:02:41,531,leitura,,,,
,28.0,,,2026-06-28 11:02:41,531,atuador,BOMBA-Q,PRINCIPAL,,
,40.0,,,2026-06-28 11:02:41,531,atuador,BOMBA-F,PRINCIPAL,,
,,,,2026-06-28 11:02:41,531,alarme,,,NIVEL_ALTO,media
TQ-MIX-TT,41.3841,C,ALARME,2026-06-28 11:02:44,532,leitura,,,,
TQ-MIX-LT,87.6083,%,ALARME,2026-06-28 11:02:44,532,leitura,,,,
TQ-MIX-PT,2.75217,BAR,OK,2026-06-28 11:02:44,532,leitura,,,,
RES-Q-TT,75.1541,C,OK,2026-06-28 11:02:44,532,leitura,,,,
RES-F-TT,11.8353,C,OK,2026-06-28 11:02:44,532,leitura,,,,
,28.0,,,2026-06-28 11:02:44,532,atuador,BOMBA-Q,PRINCIPAL,,
,40.0,,,2026-06-28 11:02:44,532,atuador,BOMBA-F,PRINCIPAL,,
,,,,2026-06-28 11:02:44,532,alarme,,,NIVEL_ALTO,media
TQ-MIX-TT,45.7003,C,ALARME,2026-06-28 11:02:47,533,leitura,,,,
TQ-MIX-LT,88.4483,%,ALARME,2026-06-28 11:02:47,533,leitura,,,,
TQ-MIX-PT,2.76897,BAR,OK,2026-06-28 11:02:47,533,leitura,,,,
RES-Q-TT,74.9734,C,OK,2026-06-28 11:02:47,533,leitura,,,,
RES-F-TT,11.5483,C,OK,2026-06-28 11:02:47,533,leitura,,,,
,28.0,,,2026-06-28 11:02:47,533,atuador,BOMBA-Q,PRINCIPAL,,
,40.0,,,2026-06-28 11:02:47,533,atuador,BOMBA-F,PRINCIPAL,,
,,,,2026-06-28 11:02:47,533,alarme,,,NIVEL_ALTO,media
TQ-MIX-TT,46.9481,C,ALARME,2026-06-28 11:02:50,534,leitura,,,,
TQ-MIX-LT,89.1523,%,ALARME,2026-06-28 11:02:50,534,leitura,,,,
TQ-MIX-PT,2.7830500000000002,BAR,OK,2026-06-28 11:02:50,534,leitura,,,,
RES-Q-TT,74.8662,C,OK,2026-06-28 11:02:50,534,leitura,,,,
RES-F-TT,11.7712,C,OK,2026-06-28 11:02:50,534,leitura,,,,
,28.0,,,2026-06-28 11:02:50,534,atuador,BOMBA-Q,PRINCIPAL,,
,28.0,,,2026-06-28 11:02:50,534,atuador,BOMBA-F,PRINCIPAL,,
,,,,2026-06-28 11:02:50,534,alarme,,,NIVEL_ALTO,media
TQ-MIX-TT,42.8188,C,ALARME,2026-06-28 11:02:53,535,leitura,,,,
TQ-MIX-LT,89.7443,%,ALARME,2026-06-28 11:02:53,535,leitura,,,,
TQ-MIX-PT,2.79489,BAR,OK,2026-06-28 11:02:53,535,leitura,,,,
RES-Q-TT,74.7339,C,OK,2026-06-28 11:02:53,535,leitura,,,,
RES-F-TT,11.5421,C,OK,2026-06-28 11:02:53,535,leitura,,,,
,28.0,,,2026-06-28 11:02:53,535,atuador,BOMBA-Q,PRINCIPAL,,
,40.0,,,2026-06-28 11:02:53,535,atuador,BOMBA-F,PRINCIPAL,,
,,,,2026-06-28 11:02:53,535,alarme,,,NIVEL_ALTO,media
TQ-MIX-TT,50.5917,C,ALARME,2026-06-28 11:02:56,536,leitura,,,,
TQ-MIX-LT,90.1763,%,ALARME,2026-06-28 11:02:56,536,leitura,,,,
TQ-MIX-PT,2.8035300000000003,BAR,OK,2026-06-28 11:02:56,536,leitura,,,,
RES-Q-TT,74.6037,C,OK,2026-06-28 11:02:56,536,leitura,,,,
RES-F-TT,11.3722,C,OK,2026-06-28 11:02:56,536,leitura,,,,
,28.0,,,2026-06-28 11:02:56,536,atuador,BOMBA-Q,PRINCIPAL,,
,28.0,,,2026-06-28 11:02:56,536,atuador,BOMBA-F,PRINCIPAL,,
,,,,2026-06-28 11:02:56,536,alarme,,,NIVEL_ALTO,media
TQ-MIX-TT,45.3377,C,ALARME,2026-06-28 11:02:59,537,leitura,,,,
TQ-MIX-LT,90.4963,%,ALARME,2026-06-28 11:02:59,537,leitura,,,,
TQ-MIX-PT,2.80993,BAR,OK,2026-06-28 11:02:59,537,leitura,,,,
RES-Q-TT,74.6561,C,OK,2026-06-28 11:02:59,537,leitura,,,,
RES-F-TT,11.133,C,OK,2026-06-28 11:02:59,537,leitura,,,,
,28.0,,,2026-06-28 11:02:59,537,atuador,BOMBA-Q,PRINCIPAL,,
,40.0,,,2026-06-28 11:02:59,537,atuador,BOMBA-F,PRINCIPAL,,
,,,,2026-06-28 11:02:59,537,alarme,,,NIVEL_ALTO,media
TQ-MIX-TT,47.9981,C,ALARME,2026-06-28 11:03:02,538,leitura,,,,
TQ-MIX-LT,90.6803,%,ALARME,2026-06-28 11:03:02,538,leitura,,,,
TQ-MIX-PT,2.81361,BAR,OK,2026-06-28 11:03:02,538,leitura,,,,
RES-Q-TT,74.3818,C,OK,2026-06-28 11:03:02,538,leitura,,,,
RES-F-TT,11.0609,C,OK,2026-06-28 11:03:02,538,leitura,,,,
,28.0,,,2026-06-28 11:03:02,538,atuador,BOMBA-Q,PRINCIPAL,,
,28.0,,,2026-06-28 11:03:02,538,atuador,BOMBA-F,PRINCIPAL,,
,,,,2026-06-28 11:03:02,538,alarme,,,NIVEL_ALTO,media
TQ-MIX-TT,37.2127,C,ALARME,2026-06-28 11:03:05,539,leitura,,,,
TQ-MIX-LT,90.7523,%,ALARME,2026-06-28 11:03:05,539,leitura,,,,
TQ-MIX-PT,2.8150500000000003,BAR,OK,2026-06-28 11:03:05,539,leitura,,,,
RES-Q-TT,74.4626,C,OK,2026-06-28 11:03:05,539,leitura,,,,
RES-F-TT,11.1377,C,OK,2026-06-28 11:03:05,539,leitura,,,,
,28.0,,,2026-06-28 11:03:05,539,atuador,BOMBA-Q,PRINCIPAL,,
,40.0,,,2026-06-28 11:03:05,539,atuador,BOMBA-F,PRINCIPAL,,
,,,,2026-06-28 11:03:05,539,alarme,,,NIVEL_ALTO,media
TQ-MIX-TT,74.4953,C,ALARME,2026-06-28 11:03:08,540,leitura,,,,
TQ-MIX-LT,90.6643,%,ALARME,2026-06-28 11:03:08,540,leitura,,,,
TQ-MIX-PT,2.8132900000000003,BAR,OK,2026-06-28 11:03:08,540,leitura,,,,
RES-Q-TT,74.4953,C,OK,2026-06-28 11:03:08,540,leitura,,,,
RES-F-TT,10.9537,C,OK,2026-06-28 11:03:08,540,leitura,,,,
,28.0,,,2026-06-28 11:03:08,540,atuador,BOMBA-Q,PRINCIPAL,,
,28.0,,,2026-06-28 11:03:08,540,atuador,BOMBA-F,PRINCIPAL,,
,,,,2026-06-28 11:03:08,540,alarme,,,NIVEL_ALTO,media
TQ-MIX-TT,11.0169,C,ALARME,2026-06-28 11:03:11,541,leitura,,,,
TQ-MIX-LT,90.5443,%,ALARME,2026-06-28 11:03:11,541,leitura,,,,
TQ-MIX-PT,2.81089,BAR,OK,2026-06-28 11:03:11,541,leitura,,,,
RES-Q-TT,74.5734,C,OK,2026-06-28 11:03:11,541,leitura,,,,
RES-F-TT,11.0169,C,OK,2026-06-28 11:03:11,541,leitura,,,,
,28.0,,,2026-06-28 11:03:11,541,atuador,BOMBA-Q,PRINCIPAL,,
,40.0,,,2026-06-28 11:03:11,541,atuador,BOMBA-F,PRINCIPAL,,
,,,,2026-06-28 11:03:11,541,alarme,,,NIVEL_ALTO,media
TQ-MIX-TT,74.3962,C,ALARME,2026-06-28 11:03:14,542,leitura,,,,
TQ-MIX-LT,90.4003,%,ALARME,2026-06-28 11:03:14,542,leitura,,,,
TQ-MIX-PT,2.8080100000000003,BAR,OK,2026-06-28 11:03:14,542,leitura,,,,
RES-Q-TT,74.3962,C,OK,2026-06-28 11:03:14,542,leitura,,,,
RES-F-TT,11.0178,C,OK,2026-06-28 11:03:14,542,leitura,,,,
,28.0,,,2026-06-28 11:03:14,542,atuador,BOMBA-Q,PRINCIPAL,,
,28.0,,,2026-06-28 11:03:14,542,atuador,BOMBA-F,PRINCIPAL,,
,,,,2026-06-28 11:03:14,542,alarme,,,NIVEL_ALTO,media
TQ-MIX-TT,11.1552,C,ALARME,2026-06-28 11:03:17,543,leitura,,,,
TQ-MIX-LT,90.2803,%,ALARME,2026-06-28 11:03:17,543,leitura,,,,
TQ-MIX-PT,2.80561,BAR,OK,2026-06-28 11:03:17,543,leitura,,,,
RES-Q-TT,74.4723,C,OK,2026-06-28 11:03:17,543,leitura,,,,
RES-F-TT,11.1552,C,OK,2026-06-28 11:03:17,543,leitura,,,,
,28.0,,,2026-06-28 11:03:17,543,atuador,BOMBA-Q,PRINCIPAL,,
,40.0,,,2026-06-28 11:03:17,543,atuador,BOMBA-F,PRINCIPAL,,
,,,,2026-06-28 11:03:17,543,alarme,,,NIVEL_ALTO,media
TQ-MIX-TT,74.6259,C,ALARME,2026-06-28 11:03:20,544,leitura,,,,
TQ-MIX-LT,90.1363,%,ALARME,2026-06-28 11:03:20,544,leitura,,,,
TQ-MIX-PT,2.80273,BAR,OK,2026-06-28 11:03:20,544,leitura,,,,
RES-Q-TT,74.6259,C,OK,2026-06-28 11:03:20,544,leitura,,,,
RES-F-TT,11.2188,C,OK,2026-06-28 11:03:20,544,leitura,,,,
,28.0,,,2026-06-28 11:03:20,544,atuador,BOMBA-Q,PRINCIPAL,,
,28.0,,,2026-06-28 11:03:20,544,atuador,BOMBA-F,PRINCIPAL,,
,,,,2026-06-28 11:03:20,544,alarme,,,NIVEL_ALTO,media
TQ-MIX-TT,11.4304,C,ALARME,2026-06-28 11:03:23,545,leitura,,,,
TQ-MIX-LT,89.9923,%,ALARME,2026-06-28 11:03:23,545,leitura,,,,
TQ-MIX-PT,2.79985,BAR,OK,2026-06-28 11:03:23,545,leitura,,,,
RES-Q-TT,74.7313,C,OK,2026-06-28 11:03:23,545,leitura,,,,
RES-F-TT,11.4304,C,OK,2026-06-28 11:03:23,545,leitura,,,,
,28.0,,,2026-06-28 11:03:23,545,atuador,BOMBA-Q,PRINCIPAL,,
,28.0,,,2026-06-28 11:03:23,545,atuador,BOMBA-F,PRINCIPAL,,
,,,,2026-06-28 11:03:23,545,alarme,,,NIVEL_ALTO,media
TQ-MIX-TT,74.8464,C,ALARME,2026-06-28 11:03:26,546,leitura,,,,
TQ-MIX-LT,89.8483,%,ALARME,2026-06-28 11:03:26,546,leitura,,,,
TQ-MIX-PT,2.79697,BAR,OK,2026-06-28 11:03:26,546,leitura,,,,
RES-Q-TT,74.8464,C,OK,2026-06-28 11:03:26,546,leitura,,,,
RES-F-TT,11.5413,C,OK,2026-06-28 11:03:26,546,leitura,,,,
,28.0,,,2026-06-28 11:03:26,546,atuador,BOMBA-Q,PRINCIPAL,,
,28.0,,,2026-06-28 11:03:26,546,atuador,BOMBA-F,PRINCIPAL,,
,,,,2026-06-28 11:03:26,546,alarme,,,NIVEL_ALTO,media
TQ-MIX-TT,11.5547,C,ALARME,2026-06-28 11:03:29,547,leitura,,,,
TQ-MIX-LT,89.7043,%,ALARME,2026-06-28 11:03:29,547,leitura,,,,
TQ-MIX-PT,2.79409,BAR,OK,2026-06-28 11:03:29,547,leitura,,,,
RES-Q-TT,74.5752,C,OK,2026-06-28 11:03:29,547,leitura,,,,
RES-F-TT,11.5547,C,OK,2026-06-28 11:03:29,547,leitura,,,,
,28.0,,,2026-06-28 11:03:29,547,atuador,BOMBA-Q,PRINCIPAL,,
,28.0,,,2026-06-28 11:03:29,547,atuador,BOMBA-F,PRINCIPAL,,
,,,,2026-06-28 11:03:29,547,alarme,,,NIVEL_ALTO,media
TQ-MIX-TT,74.54,C,ALARME,2026-06-28 11:03:32,548,leitura,,,,
TQ-MIX-LT,89.5603,%,ALARME,2026-06-28 11:03:32,548,leitura,,,,
TQ-MIX-PT,2.79121,BAR,OK,2026-06-28 11:03:32,548,leitura,,,,
RES-Q-TT,74.54,C,OK,2026-06-28 11:03:32,548,leitura,,,,
RES-F-TT,11.6215,C,OK,2026-06-28 11:03:32,548,leitura,,,,
,28.0,,,2026-06-28 11:03:32,548,atuador,BOMBA-Q,PRINCIPAL,,
,28.0,,,2026-06-28 11:03:32,548,atuador,BOMBA-F,PRINCIPAL,,
,,,,2026-06-28 11:03:32,548,alarme,,,NIVEL_ALTO,media
TQ-MIX-TT,11.5449,C,ALARME,2026-06-28 11:03:35,549,leitura,,,,
TQ-MIX-LT,89.4163,%,ALARME,2026-06-28 11:03:35,549,leitura,,,,
TQ-MIX-PT,2.78833,BAR,OK,2026-06-28 11:03:35,549,leitura,,,,
RES-Q-TT,74.3583,C,OK,2026-06-28 11:03:35,549,leitura,,,,
RES-F-TT,11.5449,C,OK,2026-06-28 11:03:35,549,leitura,,,,
,28.0,,,2026-06-28 11:03:35,549,atuador,BOMBA-Q,PRINCIPAL,,
,28.0,,,2026-06-28 11:03:35,549,atuador,BOMBA-F,PRINCIPAL,,
,,,,2026-06-28 11:03:35,549,alarme,,,NIVEL_ALTO,media
TQ-MIX-TT,74.56,C,ALARME,2026-06-28 11:03:38,550,leitura,,,,
TQ-MIX-LT,89.2723,%,ALARME,2026-06-28 11:03:38,550,leitura,,,,
TQ-MIX-PT,2.78545,BAR,OK,2026-06-28 11:03:38,550,leitura,,,,
RES-Q-TT,74.56,C,OK,2026-06-28 11:03:38,550,leitura,,,,
RES-F-TT,11.2542,C,OK,2026-06-28 11:03:38,550,leitura,,,,
,28.0,,,2026-06-28 11:03:38,550,atuador,BOMBA-Q,PRINCIPAL,,
,28.0,,,2026-06-28 11:03:38,550,atuador,BOMBA-F,PRINCIPAL,,
,,,,2026-06-28 11:03:38,550,alarme,,,NIVEL_ALTO,media
TQ-MIX-TT,11.5505,C,ALARME,2026-06-28 11:03:41,551,leitura,,,,
TQ-MIX-LT,89.1283,%,ALARME,2026-06-28 11:03:41,551,leitura,,,,
TQ-MIX-PT,2.78257,BAR,OK,2026-06-28 11:03:41,551,leitura,,,,
RES-Q-TT,74.7098,C,OK,2026-06-28 11:03:41,551,leitura,,,,
RES-F-TT,11.5505,C,OK,2026-06-28 11:03:41,551,leitura,,,,
,28.0,,,2026-06-28 11:03:41,551,atuador,BOMBA-Q,PRINCIPAL,,
,28.0,,,2026-06-28 11:03:41,551,atuador,BOMBA-F,PRINCIPAL,,
,,,,2026-06-28 11:03:41,551,alarme,,,NIVEL_ALTO,media
TQ-MIX-TT,74.671,C,ALARME,2026-06-28 11:03:44,552,leitura,,,,
TQ-MIX-LT,88.9843,%,ALARME,2026-06-28 11:03:44,552,leitura,,,,
TQ-MIX-PT,2.77969,BAR,OK,2026-06-28 11:03:44,552,leitura,,,,
RES-Q-TT,74.671,C,OK,2026-06-28 11:03:44,552,leitura,,,,
RES-F-TT,11.7924,C,OK,2026-06-28 11:03:44,552,leitura,,,,
,28.0,,,2026-06-28 11:03:44,552,atuador,BOMBA-Q,PRINCIPAL,,
,28.0,,,2026-06-28 11:03:44,552,atuador,BOMBA-F,PRINCIPAL,,
,,,,2026-06-28 11:03:44,552,alarme,,,NIVEL_ALTO,media
TQ-MIX-TT,11.6184,C,ALARME,2026-06-28 11:03:47,553,leitura,,,,
TQ-MIX-LT,88.8403,%,ALARME,2026-06-28 11:03:47,553,leitura,,,,
TQ-MIX-PT,2.7768100000000002,BAR,OK,2026-06-28 11:03:47,553,leitura,,,,
RES-Q-TT,74.3995,C,OK,2026-06-28 11:03:47,553,leitura,,,,
RES-F-TT,11.6184,C,OK,2026-06-28 11:03:47,553,leitura,,,,
,28.0,,,2026-06-28 11:03:47,553,atuador,BOMBA-Q,PRINCIPAL,,
,28.0,,,2026-06-28 11:03:47,553,atuador,BOMBA-F,PRINCIPAL,,
,,,,2026-06-28 11:03:47,553,alarme,,,NIVEL_ALTO,media
TQ-MIX-TT,74.6906,C,ALARME,2026-06-28 11:03:50,554,leitura,,,,
TQ-MIX-LT,88.6963,%,ALARME,2026-06-28 11:03:50,554,leitura,,,,
TQ-MIX-PT,2.77393,BAR,OK,2026-06-28 11:03:50,554,leitura,,,,
RES-Q-TT,74.6906,C,OK,2026-06-28 11:03:50,554,leitura,,,,
RES-F-TT,11.8178,C,OK,2026-06-28 11:03:50,554,leitura,,,,
,28.0,,,2026-06-28 11:03:50,554,atuador,BOMBA-Q,PRINCIPAL,,
,28.0,,,2026-06-28 11:03:50,554,atuador,BOMBA-F,PRINCIPAL,,
,,,,2026-06-28 11:03:50,554,alarme,,,NIVEL_ALTO,media
TQ-MIX-TT,11.5372,C,ALARME,2026-06-28 11:03:53,555,leitura,,,,
TQ-MIX-LT,88.5523,%,ALARME,2026-06-28 11:03:53,555,leitura,,,,
TQ-MIX-PT,2.77105,BAR,OK,2026-06-28 11:03:53,555,leitura,,,,
RES-Q-TT,74.8348,C,OK,2026-06-28 11:03:53,555,leitura,,,,
RES-F-TT,11.5372,C,OK,2026-06-28 11:03:53,555,leitura,,,,
,28.0,,,2026-06-28 11:03:53,555,atuador,BOMBA-Q,PRINCIPAL,,
,28.0,,,2026-06-28 11:03:53,555,atuador,BOMBA-F,PRINCIPAL,,
,,,,2026-06-28 11:03:53,555,alarme,,,NIVEL_ALTO,media
TQ-MIX-TT,75.0389,C,ALARME,2026-06-28 11:03:56,556,leitura,,,,
TQ-MIX-LT,88.4083,%,ALARME,2026-06-28 11:03:56,556,leitura,,,,
TQ-MIX-PT,2.76817,BAR,OK,2026-06-28 11:03:56,556,leitura,,,,
RES-Q-TT,75.0389,C,OK,2026-06-28 11:03:56,556,leitura,,,,
RES-F-TT,11.5971,C,OK,2026-06-28 11:03:56,556,leitura,,,,
,28.0,,,2026-06-28 11:03:56,556,atuador,BOMBA-Q,PRINCIPAL,,
,28.0,,,2026-06-28 11:03:56,556,atuador,BOMBA-F,PRINCIPAL,,
,,,,2026-06-28 11:03:56,556,alarme,,,NIVEL_ALTO,media
TQ-MIX-TT,11.441,C,ALARME,2026-06-28 11:03:59,557,leitura,,,,
TQ-MIX-LT,88.2643,%,ALARME,2026-06-28 11:03:59,557,leitura,,,,
TQ-MIX-PT,2.7652900000000002,BAR,OK,2026-06-28 11:03:59,557,leitura,,,,
RES-Q-TT,75.2593,C,OK,2026-06-28 11:03:59,557,leitura,,,,
RES-F-TT,11.441,C,OK,2026-06-28 11:03:59,557,leitura,,,,
,28.0,,,2026-06-28 11:03:59,557,atuador,BOMBA-Q,PRINCIPAL,,
,28.0,,,2026-06-28 11:03:59,557,atuador,BOMBA-F,PRINCIPAL,,
,,,,2026-06-28 11:03:59,557,alarme,,,NIVEL_ALTO,media
TQ-MIX-TT,74.8783,C,ALARME,2026-06-28 11:04:02,558,leitura,,,,
TQ-MIX-LT,88.1203,%,ALARME,2026-06-28 11:04:02,558,leitura,,,,
TQ-MIX-PT,2.76241,BAR,OK,2026-06-28 11:04:02,558,leitura,,,,
RES-Q-TT,74.8783,C,OK,2026-06-28 11:04:02,558,leitura,,,,
RES-F-TT,11.4802,C,OK,2026-06-28 11:04:02,558,leitura,,,,
,28.0,,,2026-06-28 11:04:02,558,atuador,BOMBA-Q,PRINCIPAL,,
,28.0,,,2026-06-28 11:04:02,558,atuador,BOMBA-F,PRINCIPAL,,
,,,,2026-06-28 11:04:02,558,alarme,,,NIVEL_ALTO,media
TQ-MIX-TT,11.1942,C,ALARME,2026-06-28 11:04:05,559,leitura,,,,
TQ-MIX-LT,87.9763,%,ALARME,2026-06-28 11:04:05,559,leitura,,,,
TQ-MIX-PT,2.75953,BAR,OK,2026-06-28 11:04:05,559,leitura,,,,
RES-Q-TT,75.0521,C,OK,2026-06-28 11:04:05,559,leitura,,,,
RES-F-TT,11.1942,C,OK,2026-06-28 11:04:05,559,leitura,,,,
,28.0,,,2026-06-28 11:04:05,559,atuador,BOMBA-Q,PRINCIPAL,,
,28.0,,,2026-06-28 11:04:05,559,atuador,BOMBA-F,PRINCIPAL,,
,,,,2026-06-28 11:04:05,559,alarme,,,NIVEL_ALTO,media
TQ-MIX-TT,75.1738,C,ALARME,2026-06-28 11:04:08,560,leitura,,,,
TQ-MIX-LT,87.8323,%,ALARME,2026-06-28 11:04:08,560,leitura,,,,
TQ-MIX-PT,2.75665,BAR,OK,2026-06-28 11:04:08,560,leitura,,,,
RES-Q-TT,75.1738,C,OK,2026-06-28 11:04:08,560,leitura,,,,
RES-F-TT,11.0455,C,OK,2026-06-28 11:04:08,560,leitura,,,,
,28.0,,,2026-06-28 11:04:08,560,atuador,BOMBA-Q,PRINCIPAL,,
,28.0,,,2026-06-28 11:04:08,560,atuador,BOMBA-F,PRINCIPAL,,
,,,,2026-06-28 11:04:08,560,alarme,,,NIVEL_ALTO,media
TQ-MIX-TT,11.0274,C,ALARME,2026-06-28 11:04:11,561,leitura,,,,
TQ-MIX-LT,87.6883,%,ALARME,2026-06-28 11:04:11,561,leitura,,,,
TQ-MIX-PT,2.7537700000000003,BAR,OK,2026-06-28 11:04:11,561,leitura,,,,
RES-Q-TT,74.7728,C,OK,2026-06-28 11:04:11,561,leitura,,,,
RES-F-TT,11.0274,C,OK,2026-06-28 11:04:11,561,leitura,,,,
,28.0,,,2026-06-28 11:04:11,561,atuador,BOMBA-Q,PRINCIPAL,,
,28.0,,,2026-06-28 11:04:11,561,atuador,BOMBA-F,PRINCIPAL,,
,,,,2026-06-28 11:04:11,561,alarme,,,NIVEL_ALTO,media
TQ-MIX-TT,74.5366,C,ALARME,2026-06-28 11:04:14,562,leitura,,,,
TQ-MIX-LT,87.5443,%,ALARME,2026-06-28 11:04:14,562,leitura,,,,
TQ-MIX-PT,2.75089,BAR,OK,2026-06-28 11:04:14,562,leitura,,,,
RES-Q-TT,74.5366,C,OK,2026-06-28 11:04:14,562,leitura,,,,
RES-F-TT,11.1557,C,OK,2026-06-28 11:04:14,562,leitura,,,,
,28.0,,,2026-06-28 11:04:14,562,atuador,BOMBA-Q,PRINCIPAL,,
,28.0,,,2026-06-28 11:04:14,562,atuador,BOMBA-F,PRINCIPAL,,
,,,,2026-06-28 11:04:14,562,alarme,,,NIVEL_ALTO,media
TQ-MIX-TT,11.1176,C,ALARME,2026-06-28 11:04:17,563,leitura,,,,
TQ-MIX-LT,87.4003,%,ALARME,2026-06-28 11:04:17,563,leitura,,,,
TQ-MIX-PT,2.74801,BAR,OK,2026-06-28 11:04:17,563,leitura,,,,
RES-Q-TT,74.7788,C,OK,2026-06-28 11:04:17,563,leitura,,,,
RES-F-TT,11.1176,C,OK,2026-06-28 11:04:17,563,leitura,,,,
,28.0,,,2026-06-28 11:04:17,563,atuador,BOMBA-Q,PRINCIPAL,,
,28.0,,,2026-06-28 11:04:17,563,atuador,BOMBA-F,PRINCIPAL,,
,,,,2026-06-28 11:04:17,563,alarme,,,NIVEL_ALTO,media
TQ-MIX-TT,74.5356,C,ALARME,2026-06-28 11:04:20,564,leitura,,,,
TQ-MIX-LT,87.2563,%,ALARME,2026-06-28 11:04:20,564,leitura,,,,
TQ-MIX-PT,2.74513,BAR,OK,2026-06-28 11:04:20,564,leitura,,,,
RES-Q-TT,74.5356,C,OK,2026-06-28 11:04:20,564,leitura,,,,
RES-F-TT,11.3332,C,OK,2026-06-28 11:04:20,564,leitura,,,,
,28.0,,,2026-06-28 11:04:20,564,atuador,BOMBA-Q,PRINCIPAL,,
,28.0,,,2026-06-28 11:04:20,564,atuador,BOMBA-F,PRINCIPAL,,
,,,,2026-06-28 11:04:20,564,alarme,,,NIVEL_ALTO,media
TQ-MIX-TT,11.4726,C,ALARME,2026-06-28 11:04:23,565,leitura,,,,
TQ-MIX-LT,87.1123,%,ALARME,2026-06-28 11:04:23,565,leitura,,,,
TQ-MIX-PT,2.7422500000000003,BAR,OK,2026-06-28 11:04:23,565,leitura,,,,
RES-Q-TT,74.6369,C,OK,2026-06-28 11:04:23,565,leitura,,,,
RES-F-TT,11.4726,C,OK,2026-06-28 11:04:23,565,leitura,,,,
,28.0,,,2026-06-28 11:04:23,565,atuador,BOMBA-Q,PRINCIPAL,,
,28.0,,,2026-06-28 11:04:23,565,atuador,BOMBA-F,PRINCIPAL,,
,,,,2026-06-28 11:04:23,565,alarme,,,NIVEL_ALTO,media
TQ-MIX-TT,74.7281,C,ALARME,2026-06-28 11:04:26,566,leitura,,,,
TQ-MIX-LT,86.9683,%,ALARME,2026-06-28 11:04:26,566,leitura,,,,
TQ-MIX-PT,2.73937,BAR,OK,2026-06-28 11:04:26,566,leitura,,,,
RES-Q-TT,74.7281,C,OK,2026-06-28 11:04:26,566,leitura,,,,
RES-F-TT,11.2029,C,OK,2026-06-28 11:04:26,566,leitura,,,,
,28.0,,,2026-06-28 11:04:26,566,atuador,BOMBA-Q,PRINCIPAL,,
,28.0,,,2026-06-28 11:04:26,566,atuador,BOMBA-F,PRINCIPAL,,
,,,,2026-06-28 11:04:26,566,alarme,,,NIVEL_ALTO,media
TQ-MIX-TT,11.2731,C,ALARME,2026-06-28 11:04:29,567,leitura,,,,
TQ-MIX-LT,86.8243,%,ALARME,2026-06-28 11:04:29,567,leitura,,,,
TQ-MIX-PT,2.73649,BAR,OK,2026-06-28 11:04:29,567,leitura,,,,
RES-Q-TT,74.4283,C,OK,2026-06-28 11:04:29,567,leitura,,,,
RES-F-TT,11.2731,C,OK,2026-06-28 11:04:29,567,leitura,,,,
,28.0,,,2026-06-28 11:04:29,567,atuador,BOMBA-Q,PRINCIPAL,,
,28.0,,,2026-06-28 11:04:29,567,atuador,BOMBA-F,PRINCIPAL,,
,,,,2026-06-28 11:04:29,567,alarme,,,NIVEL_ALTO,media
TQ-MIX-TT,74.1515,C,ALARME,2026-06-28 11:04:32,568,leitura,,,,
TQ-MIX-LT,86.6803,%,ALARME,2026-06-28 11:04:32,568,leitura,,,,
TQ-MIX-PT,2.73361,BAR,OK,2026-06-28 11:04:32,568,leitura,,,,
RES-Q-TT,74.1515,C,OK,2026-06-28 11:04:32,568,leitura,,,,
RES-F-TT,10.9896,C,OK,2026-06-28 11:04:32,568,leitura,,,,
,28.0,,,2026-06-28 11:04:32,568,atuador,BOMBA-Q,PRINCIPAL,,
,28.0,,,2026-06-28 11:04:32,568,atuador,BOMBA-F,PRINCIPAL,,
,,,,2026-06-28 11:04:32,568,alarme,,,NIVEL_ALTO,media
TQ-MIX-TT,10.8577,C,ALARME,2026-06-28 11:04:35,569,leitura,,,,
TQ-MIX-LT,86.5363,%,ALARME,2026-06-28 11:04:35,569,leitura,,,,
TQ-MIX-PT,2.7307300000000003,BAR,OK,2026-06-28 11:04:35,569,leitura,,,,
RES-Q-TT,73.8984,C,OK,2026-06-28 11:04:35,569,leitura,,,,
RES-F-TT,10.8577,C,OK,2026-06-28 11:04:35,569,leitura,,,,
,28.0,,,2026-06-28 11:04:35,569,atuador,BOMBA-Q,PRINCIPAL,,
,28.0,,,2026-06-28 11:04:35,569,atuador,BOMBA-F,PRINCIPAL,,
,,,,2026-06-28 11:04:35,569,alarme,,,NIVEL_ALTO,media
TQ-MIX-TT,73.6871,C,ALARME,2026-06-28 11:04:38,570,leitura,,,,
TQ-MIX-LT,86.3923,%,ALARME,2026-06-28 11:04:38,570,leitura,,,,
TQ-MIX-PT,2.72785,BAR,OK,2026-06-28 11:04:38,570,leitura,,,,
RES-Q-TT,73.6871,C,OK,2026-06-28 11:04:38,570,leitura,,,,
RES-F-TT,11.1015,C,OK,2026-06-28 11:04:38,570,leitura,,,,
,28.0,,,2026-06-28 11:04:38,570,atuador,BOMBA-Q,PRINCIPAL,,
,28.0,,,2026-06-28 11:04:38,570,atuador,BOMBA-F,PRINCIPAL,,
,,,,2026-06-28 11:04:38,570,alarme,,,NIVEL_ALTO,media
TQ-MIX-TT,11.3943,C,ALARME,2026-06-28 11:04:41,571,leitura,,,,
TQ-MIX-LT,86.2483,%,ALARME,2026-06-28 11:04:41,571,leitura,,,,
TQ-MIX-PT,2.72497,BAR,OK,2026-06-28 11:04:41,571,leitura,,,,
RES-Q-TT,73.842,C,OK,2026-06-28 11:04:41,571,leitura,,,,
RES-F-TT,11.3943,C,OK,2026-06-28 11:04:41,571,leitura,,,,
,28.0,,,2026-06-28 11:04:41,571,atuador,BOMBA-Q,PRINCIPAL,,
,28.0,,,2026-06-28 11:04:41,571,atuador,BOMBA-F,PRINCIPAL,,
,,,,2026-06-28 11:04:41,571,alarme,,,NIVEL_ALTO,media
TQ-MIX-TT,74.1413,C,ALARME,2026-06-28 11:04:44,572,leitura,,,,
TQ-MIX-LT,86.1043,%,ALARME,2026-06-28 11:04:44,572,leitura,,,,
TQ-MIX-PT,2.72209,BAR,OK,2026-06-28 11:04:44,572,leitura,,,,
RES-Q-TT,74.1413,C,OK,2026-06-28 11:04:44,572,leitura,,,,
RES-F-TT,11.6369,C,OK,2026-06-28 11:04:44,572,leitura,,,,
,28.0,,,2026-06-28 11:04:44,572,atuador,BOMBA-Q,PRINCIPAL,,
,28.0,,,2026-06-28 11:04:44,572,atuador,BOMBA-F,PRINCIPAL,,
,,,,2026-06-28 11:04:44,572,alarme,,,NIVEL_ALTO,media
TQ-MIX-TT,11.8311,C,ALARME,2026-06-28 11:04:47,573,leitura,,,,
TQ-MIX-LT,85.9603,%,ALARME,2026-06-28 11:04:47,573,leitura,,,,
TQ-MIX-PT,2.71921,BAR,OK,2026-06-28 11:04:47,573,leitura,,,,
RES-Q-TT,74.1928,C,OK,2026-06-28 11:04:47,573,leitura,,,,
RES-F-TT,11.8311,C,OK,2026-06-28 11:04:47,573,leitura,,,,
,28.0,,,2026-06-28 11:04:47,573,atuador,BOMBA-Q,PRINCIPAL,,
,28.0,,,2026-06-28 11:04:47,573,atuador,BOMBA-F,PRINCIPAL,,
,,,,2026-06-28 11:04:47,573,alarme,,,NIVEL_ALTO,media
TQ-MIX-TT,74.0491,C,ALARME,2026-06-28 11:04:50,574,leitura,,,,
TQ-MIX-LT,85.8163,%,ALARME,2026-06-28 11:04:50,574,leitura,,,,
TQ-MIX-PT,2.71633,BAR,OK,2026-06-28 11:04:50,574,leitura,,,,
RES-Q-TT,74.0491,C,OK,2026-06-28 11:04:50,574,leitura,,,,
RES-F-TT,12.1083,C,OK,2026-06-28 11:04:50,574,leitura,,,,
,28.0,,,2026-06-28 11:04:50,574,atuador,BOMBA-Q,PRINCIPAL,,
,28.0,,,2026-06-28 11:04:50,574,atuador,BOMBA-F,PRINCIPAL,,
,,,,2026-06-28 11:04:50,574,alarme,,,NIVEL_ALTO,media
TQ-MIX-TT,12.3506,C,ALARME,2026-06-28 11:04:53,575,leitura,,,,
TQ-MIX-LT,85.6723,%,ALARME,2026-06-28 11:04:53,575,leitura,,,,
TQ-MIX-PT,2.71345,BAR,OK,2026-06-28 11:04:53,575,leitura,,,,
RES-Q-TT,73.9315,C,OK,2026-06-28 11:04:53,575,leitura,,,,
RES-F-TT,12.3506,C,OK,2026-06-28 11:04:53,575,leitura,,,,
,28.0,,,2026-06-28 11:04:53,575,atuador,BOMBA-Q,PRINCIPAL,,
,28.0,,,2026-06-28 11:04:53,575,atuador,BOMBA-F,PRINCIPAL,,
,,,,2026-06-28 11:04:53,575,alarme,,,NIVEL_ALTO,media
TQ-MIX-TT,74.204,C,ALARME,2026-06-28 11:04:56,576,leitura,,,,
TQ-MIX-LT,85.5283,%,ALARME,2026-06-28 11:04:56,576,leitura,,,,
TQ-MIX-PT,2.71057,BAR,OK,2026-06-28 11:04:56,576,leitura,,,,
RES-Q-TT,74.204,C,OK,2026-06-28 11:04:56,576,leitura,,,,
RES-F-TT,12.5622,C,OK,2026-06-28 11:04:56,576,leitura,,,,
,28.0,,,2026-06-28 11:04:56,576,atuador,BOMBA-Q,PRINCIPAL,,
,28.0,,,2026-06-28 11:04:56,576,atuador,BOMBA-F,PRINCIPAL,,
,,,,2026-06-28 11:04:56,576,alarme,,,NIVEL_ALTO,media
TQ-MIX-TT,12.5465,C,ALARME,2026-06-28 11:04:59,577,leitura,,,,
TQ-MIX-LT,85.3843,%,ALARME,2026-06-28 11:04:59,577,leitura,,,,
TQ-MIX-PT,2.70769,BAR,OK,2026-06-28 11:04:59,577,leitura,,,,
RES-Q-TT,74.3136,C,OK,2026-06-28 11:04:59,577,leitura,,,,
RES-F-TT,12.5465,C,OK,2026-06-28 11:04:59,577,leitura,,,,
,28.0,,,2026-06-28 11:04:59,577,atuador,BOMBA-Q,PRINCIPAL,,
,28.0,,,2026-06-28 11:04:59,577,atuador,BOMBA-F,PRINCIPAL,,
,,,,2026-06-28 11:04:59,577,alarme,,,NIVEL_ALTO,media
TQ-MIX-TT,74.4939,C,ALARME,2026-06-28 11:05:02,578,leitura,,,,
TQ-MIX-LT,85.2403,%,ALARME,2026-06-28 11:05:02,578,leitura,,,,
TQ-MIX-PT,2.70481,BAR,OK,2026-06-28 11:05:02,578,leitura,,,,
RES-Q-TT,74.4939,C,OK,2026-06-28 11:05:02,578,leitura,,,,
RES-F-TT,12.7897,C,OK,2026-06-28 11:05:02,578,leitura,,,,
,28.0,,,2026-06-28 11:05:02,578,atuador,BOMBA-Q,PRINCIPAL,,
,28.0,,,2026-06-28 11:05:02,578,atuador,BOMBA-F,PRINCIPAL,,
,,,,2026-06-28 11:05:02,578,alarme,,,NIVEL_ALTO,media
TQ-MIX-TT,12.732,C,ALARME,2026-06-28 11:05:05,579,leitura,,,,
TQ-MIX-LT,85.0963,%,ALARME,2026-06-28 11:05:05,579,leitura,,,,
TQ-MIX-PT,2.70193,BAR,OK,2026-06-28 11:05:05,579,leitura,,,,
RES-Q-TT,74.2465,C,OK,2026-06-28 11:05:05,579,leitura,,,,
RES-F-TT,12.732,C,OK,2026-06-28 11:05:05,579,leitura,,,,
,28.0,,,2026-06-28 11:05:05,579,atuador,BOMBA-Q,PRINCIPAL,,
,28.0,,,2026-06-28 11:05:05,579,atuador,BOMBA-F,PRINCIPAL,,
,,,,2026-06-28 11:05:05,579,alarme,,,NIVEL_ALTO,media
TQ-MIX-TT,74.4338,C,ALARME,2026-06-28 11:05:08,580,leitura,,,,
TQ-MIX-LT,84.9523,%,ALARME,2026-06-28 11:05:08,580,leitura,,,,
TQ-MIX-PT,2.69905,BAR,OK,2026-06-28 11:05:08,580,leitura,,,,
RES-Q-TT,74.4338,C,OK,2026-06-28 11:05:08,580,leitura,,,,
RES-F-TT,12.5893,C,OK,2026-06-28 11:05:08,580,leitura,,,,
,28.0,,,2026-06-28 11:05:08,580,atuador,BOMBA-Q,PRINCIPAL,,
,28.0,,,2026-06-28 11:05:08,580,atuador,BOMBA-F,PRINCIPAL,,
,,,,2026-06-28 11:05:08,580,alarme,,,NIVEL_ALTO,media
TQ-MIX-TT,12.331,C,ALARME,2026-06-28 11:05:11,581,leitura,,,,
TQ-MIX-LT,84.8083,%,ALARME,2026-06-28 11:05:11,581,leitura,,,,
TQ-MIX-PT,2.69617,BAR,OK,2026-06-28 11:05:11,581,leitura,,,,
RES-Q-TT,74.5885,C,OK,2026-06-28 11:05:11,581,leitura,,,,
RES-F-TT,12.331,C,OK,2026-06-28 11:05:11,581,leitura,,,,
,28.0,,,2026-06-28 11:05:11,581,atuador,BOMBA-Q,PRINCIPAL,,
,28.0,,,2026-06-28 11:05:11,581,atuador,BOMBA-F,PRINCIPAL,,
,,,,2026-06-28 11:05:11,581,alarme,,,NIVEL_ALTO,media
TQ-MIX-TT,31.6133,C,ALARME,2026-06-28 11:05:14,582,leitura,,,,
TQ-MIX-LT,84.9283,%,ALARME,2026-06-28 11:05:14,582,leitura,,,,
TQ-MIX-PT,2.69857,BAR,OK,2026-06-28 11:05:14,582,leitura,,,,
RES-Q-TT,74.3264,C,OK,2026-06-28 11:05:14,582,leitura,,,,
RES-F-TT,12.4234,C,OK,2026-06-28 11:05:14,582,leitura,,,,
,28.0,,,2026-06-28 11:05:14,582,atuador,BOMBA-Q,PRINCIPAL,,
,8.0,,,2026-06-28 11:05:14,582,atuador,BOMBA-F,PRINCIPAL,,
,,,,2026-06-28 11:05:14,582,alarme,,,NIVEL_ALTO,media
TQ-MIX-TT,52.4115,C,ALARME,2026-06-28 11:05:17,583,leitura,,,,
TQ-MIX-LT,85.2643,%,ALARME,2026-06-28 11:05:17,583,leitura,,,,
TQ-MIX-PT,2.70529,BAR,OK,2026-06-28 11:05:17,583,leitura,,,,
RES-Q-TT,74.0902,C,OK,2026-06-28 11:05:17,583,leitura,,,,
RES-F-TT,12.5448,C,OK,2026-06-28 11:05:17,583,leitura,,,,
,28.0,,,2026-06-28 11:05:17,583,atuador,BOMBA-Q,PRINCIPAL,,
,28.0,,,2026-06-28 11:05:17,583,atuador,BOMBA-F,PRINCIPAL,,
,,,,2026-06-28 11:05:17,583,alarme,,,NIVEL_ALTO,media
TQ-MIX-TT,28.5462,C,ALARME,2026-06-28 11:05:20,584,leitura,,,,
TQ-MIX-LT,85.9603,%,ALARME,2026-06-28 11:05:20,584,leitura,,,,
TQ-MIX-PT,2.71921,BAR,OK,2026-06-28 11:05:20,584,leitura,,,,
RES-Q-TT,74.2282,C,OK,2026-06-28 11:05:20,584,leitura,,,,
RES-F-TT,12.2866,C,OK,2026-06-28 11:05:20,584,leitura,,,,
,28.0,,,2026-06-28 11:05:20,584,atuador,BOMBA-Q,PRINCIPAL,,
,28.0,,,2026-06-28 11:05:20,584,atuador,BOMBA-F,PRINCIPAL,,
,,,,2026-06-28 11:05:20,584,alarme,,,NIVEL_ALTO,media
TQ-MIX-TT,30.9175,C,ALARME,2026-06-28 11:05:23,585,leitura,,,,
TQ-MIX-LT,86.5443,%,ALARME,2026-06-28 11:05:23,585,leitura,,,,
TQ-MIX-PT,2.73089,BAR,OK,2026-06-28 11:05:23,585,leitura,,,,
RES-Q-TT,74.2186,C,OK,2026-06-28 11:05:23,585,leitura,,,,
RES-F-TT,12.3598,C,OK,2026-06-28 11:05:23,585,leitura,,,,
,28.0,,,2026-06-28 11:05:23,585,atuador,BOMBA-Q,PRINCIPAL,,
,28.0,,,2026-06-28 11:05:23,585,atuador,BOMBA-F,PRINCIPAL,,
,,,,2026-06-28 11:05:23,585,alarme,,,NIVEL_ALTO,media
TQ-MIX-TT,33.9091,C,ALARME,2026-06-28 11:05:26,586,leitura,,,,
TQ-MIX-LT,87.0163,%,ALARME,2026-06-28 11:05:26,586,leitura,,,,
TQ-MIX-PT,2.74033,BAR,OK,2026-06-28 11:05:26,586,leitura,,,,
RES-Q-TT,73.963,C,OK,2026-06-28 11:05:26,586,leitura,,,,
RES-F-TT,12.3416,C,OK,2026-06-28 11:05:26,586,leitura,,,,
,28.0,,,2026-06-28 11:05:26,586,atuador,BOMBA-Q,PRINCIPAL,,
,28.0,,,2026-06-28 11:05:26,586,atuador,BOMBA-F,PRINCIPAL,,
,,,,2026-06-28 11:05:26,586,alarme,,,NIVEL_ALTO,media
TQ-MIX-TT,38.078,C,ALARME,2026-06-28 11:05:29,587,leitura,,,,
TQ-MIX-LT,87.3763,%,ALARME,2026-06-28 11:05:29,587,leitura,,,,
TQ-MIX-PT,2.7475300000000002,BAR,OK,2026-06-28 11:05:29,587,leitura,,,,
RES-Q-TT,73.7894,C,OK,2026-06-28 11:05:29,587,leitura,,,,
RES-F-TT,12.2181,C,OK,2026-06-28 11:05:29,587,leitura,,,,
,28.0,,,2026-06-28 11:05:29,587,atuador,BOMBA-Q,PRINCIPAL,,
,28.0,,,2026-06-28 11:05:29,587,atuador,BOMBA-F,PRINCIPAL,,
,,,,2026-06-28 11:05:29,587,alarme,,,NIVEL_ALTO,media
TQ-MIX-TT,29.2057,C,ALARME,2026-06-28 11:05:32,588,leitura,,,,
TQ-MIX-LT,87.6243,%,ALARME,2026-06-28 11:05:32,588,leitura,,,,
TQ-MIX-PT,2.75249,BAR,OK,2026-06-28 11:05:32,588,leitura,,,,
RES-Q-TT,73.7846,C,OK,2026-06-28 11:05:32,588,leitura,,,,
RES-F-TT,12.2964,C,OK,2026-06-28 11:05:32,588,leitura,,,,
,28.0,,,2026-06-28 11:05:32,588,atuador,BOMBA-Q,PRINCIPAL,,
,28.0,,,2026-06-28 11:05:32,588,atuador,BOMBA-F,PRINCIPAL,,
,,,,2026-06-28 11:05:32,588,alarme,,,NIVEL_ALTO,media
TQ-MIX-TT,35.1118,C,ALARME,2026-06-28 11:05:35,589,leitura,,,,
TQ-MIX-LT,87.7603,%,ALARME,2026-06-28 11:05:35,589,leitura,,,,
TQ-MIX-PT,2.75521,BAR,OK,2026-06-28 11:05:35,589,leitura,,,,
RES-Q-TT,74.0652,C,OK,2026-06-28 11:05:35,589,leitura,,,,
RES-F-TT,12.5598,C,OK,2026-06-28 11:05:35,589,leitura,,,,
,28.0,,,2026-06-28 11:05:35,589,atuador,BOMBA-Q,PRINCIPAL,,
,28.0,,,2026-06-28 11:05:35,589,atuador,BOMBA-F,PRINCIPAL,,
,,,,2026-06-28 11:05:35,589,alarme,,,NIVEL_ALTO,media
TQ-MIX-TT,31.0159,C,ALARME,2026-06-28 11:05:38,590,leitura,,,,
TQ-MIX-LT,87.7843,%,ALARME,2026-06-28 11:05:38,590,leitura,,,,
TQ-MIX-PT,2.75569,BAR,OK,2026-06-28 11:05:38,590,leitura,,,,
RES-Q-TT,73.9008,C,OK,2026-06-28 11:05:38,590,leitura,,,,
RES-F-TT,12.6367,C,OK,2026-06-28 11:05:38,590,leitura,,,,
,28.0,,,2026-06-28 11:05:38,590,atuador,BOMBA-Q,PRINCIPAL,,
,28.0,,,2026-06-28 11:05:38,590,atuador,BOMBA-F,PRINCIPAL,,
,,,,2026-06-28 11:05:38,590,alarme,,,NIVEL_ALTO,media
TQ-MIX-TT,49.3084,C,ALARME,2026-06-28 11:05:41,591,leitura,,,,
TQ-MIX-LT,87.6963,%,ALARME,2026-06-28 11:05:41,591,leitura,,,,
TQ-MIX-PT,2.75393,BAR,OK,2026-06-28 11:05:41,591,leitura,,,,
RES-Q-TT,73.7059,C,OK,2026-06-28 11:05:41,591,leitura,,,,
RES-F-TT,12.7121,C,OK,2026-06-28 11:05:41,591,leitura,,,,
,28.0,,,2026-06-28 11:05:41,591,atuador,BOMBA-Q,PRINCIPAL,,
,28.0,,,2026-06-28 11:05:41,591,atuador,BOMBA-F,PRINCIPAL,,
,,,,2026-06-28 11:05:41,591,alarme,,,NIVEL_ALTO,media
TQ-MIX-TT,12.772,C,ALARME,2026-06-28 11:05:44,592,leitura,,,,
TQ-MIX-LT,87.5523,%,ALARME,2026-06-28 11:05:44,592,leitura,,,,
TQ-MIX-PT,2.75105,BAR,OK,2026-06-28 11:05:44,592,leitura,,,,
RES-Q-TT,73.9524,C,OK,2026-06-28 11:05:44,592,leitura,,,,
RES-F-TT,12.772,C,OK,2026-06-28 11:05:44,592,leitura,,,,
,28.0,,,2026-06-28 11:05:44,592,atuador,BOMBA-Q,PRINCIPAL,,
,28.0,,,2026-06-28 11:05:44,592,atuador,BOMBA-F,PRINCIPAL,,
,,,,2026-06-28 11:05:44,592,alarme,,,NIVEL_ALTO,media
TQ-MIX-TT,74.0687,C,ALARME,2026-06-28 11:05:47,593,leitura,,,,
TQ-MIX-LT,87.4083,%,ALARME,2026-06-28 11:05:47,593,leitura,,,,
TQ-MIX-PT,2.74817,BAR,OK,2026-06-28 11:05:47,593,leitura,,,,
RES-Q-TT,74.0687,C,OK,2026-06-28 11:05:47,593,leitura,,,,
RES-F-TT,12.9272,C,OK,2026-06-28 11:05:47,593,leitura,,,,
,28.0,,,2026-06-28 11:05:47,593,atuador,BOMBA-Q,PRINCIPAL,,
,28.0,,,2026-06-28 11:05:47,593,atuador,BOMBA-F,PRINCIPAL,,
,,,,2026-06-28 11:05:47,593,alarme,,,NIVEL_ALTO,media
TQ-MIX-TT,12.6649,C,ALARME,2026-06-28 11:05:50,594,leitura,,,,
TQ-MIX-LT,87.2643,%,ALARME,2026-06-28 11:05:50,594,leitura,,,,
TQ-MIX-PT,2.74529,BAR,OK,2026-06-28 11:05:50,594,leitura,,,,
RES-Q-TT,73.9168,C,OK,2026-06-28 11:05:50,594,leitura,,,,
RES-F-TT,12.6649,C,OK,2026-06-28 11:05:50,594,leitura,,,,
,28.0,,,2026-06-28 11:05:50,594,atuador,BOMBA-Q,PRINCIPAL,,
,28.0,,,2026-06-28 11:05:50,594,atuador,BOMBA-F,PRINCIPAL,,
,,,,2026-06-28 11:05:50,594,alarme,,,NIVEL_ALTO,media
TQ-MIX-TT,74.1765,C,ALARME,2026-06-28 11:05:53,595,leitura,,,,
TQ-MIX-LT,87.1203,%,ALARME,2026-06-28 11:05:53,595,leitura,,,,
TQ-MIX-PT,2.74241,BAR,OK,2026-06-28 11:05:53,595,leitura,,,,
RES-Q-TT,74.1765,C,OK,2026-06-28 11:05:53,595,leitura,,,,
RES-F-TT,12.4566,C,OK,2026-06-28 11:05:53,595,leitura,,,,
,28.0,,,2026-06-28 11:05:53,595,atuador,BOMBA-Q,PRINCIPAL,,
,28.0,,,2026-06-28 11:05:53,595,atuador,BOMBA-F,PRINCIPAL,,
,,,,2026-06-28 11:05:53,595,alarme,,,NIVEL_ALTO,media
TQ-MIX-TT,12.5152,C,ALARME,2026-06-28 11:05:56,596,leitura,,,,
TQ-MIX-LT,86.9763,%,ALARME,2026-06-28 11:05:56,596,leitura,,,,
TQ-MIX-PT,2.7395300000000002,BAR,OK,2026-06-28 11:05:56,596,leitura,,,,
RES-Q-TT,74.3562,C,OK,2026-06-28 11:05:56,596,leitura,,,,
RES-F-TT,12.5152,C,OK,2026-06-28 11:05:56,596,leitura,,,,
,28.0,,,2026-06-28 11:05:56,596,atuador,BOMBA-Q,PRINCIPAL,,
,28.0,,,2026-06-28 11:05:56,596,atuador,BOMBA-F,PRINCIPAL,,
,,,,2026-06-28 11:05:56,596,alarme,,,NIVEL_ALTO,media
TQ-MIX-TT,74.3254,C,ALARME,2026-06-28 11:05:59,597,leitura,,,,
TQ-MIX-LT,86.8323,%,ALARME,2026-06-28 11:05:59,597,leitura,,,,
TQ-MIX-PT,2.73665,BAR,OK,2026-06-28 11:05:59,597,leitura,,,,
RES-Q-TT,74.3254,C,OK,2026-06-28 11:05:59,597,leitura,,,,
RES-F-TT,12.2317,C,OK,2026-06-28 11:05:59,597,leitura,,,,
,28.0,,,2026-06-28 11:05:59,597,atuador,BOMBA-Q,PRINCIPAL,,
,28.0,,,2026-06-28 11:05:59,597,atuador,BOMBA-F,PRINCIPAL,,
,,,,2026-06-28 11:05:59,597,alarme,,,NIVEL_ALTO,media
TQ-MIX-TT,11.9734,C,ALARME,2026-06-28 11:06:02,598,leitura,,,,
TQ-MIX-LT,86.6883,%,ALARME,2026-06-28 11:06:02,598,leitura,,,,
TQ-MIX-PT,2.73377,BAR,OK,2026-06-28 11:06:02,598,leitura,,,,
RES-Q-TT,74.5856,C,OK,2026-06-28 11:06:02,598,leitura,,,,
RES-F-TT,11.9734,C,OK,2026-06-28 11:06:02,598,leitura,,,,
,28.0,,,2026-06-28 11:06:02,598,atuador,BOMBA-Q,PRINCIPAL,,
,28.0,,,2026-06-28 11:06:02,598,atuador,BOMBA-F,PRINCIPAL,,
,,,,2026-06-28 11:06:02,598,alarme,,,NIVEL_ALTO,media
TQ-MIX-TT,74.8199,C,ALARME,2026-06-28 11:06:05,599,leitura,,,,
TQ-MIX-LT,86.5443,%,ALARME,2026-06-28 11:06:05,599,leitura,,,,
TQ-MIX-PT,2.73089,BAR,OK,2026-06-28 11:06:05,599,leitura,,,,
RES-Q-TT,74.8199,C,OK,2026-06-28 11:06:05,599,leitura,,,,
RES-F-TT,12.0844,C,OK,2026-06-28 11:06:05,599,leitura,,,,
,28.0,,,2026-06-28 11:06:05,599,atuador,BOMBA-Q,PRINCIPAL,,
,28.0,,,2026-06-28 11:06:05,599,atuador,BOMBA-F,PRINCIPAL,,
,,,,2026-06-28 11:06:05,599,alarme,,,NIVEL_ALTO,media
TQ-MIX-TT,12.07,C,ALARME,2026-06-28 11:06:08,600,leitura,,,,
TQ-MIX-LT,86.4003,%,ALARME,2026-06-28 11:06:08,600,leitura,,,,
TQ-MIX-PT,2.7280100000000003,BAR,OK,2026-06-28 11:06:08,600,leitura,,,,
RES-Q-TT,74.5656,C,OK,2026-06-28 11:06:08,600,leitura,,,,
RES-F-TT,12.07,C,OK,2026-06-28 11:06:08,600,leitura,,,,
,28.0,,,2026-06-28 11:06:08,600,atuador,BOMBA-Q,PRINCIPAL,,
,28.0,,,2026-06-28 11:06:08,600,atuador,BOMBA-F,PRINCIPAL,,
,,,,2026-06-28 11:06:08,600,alarme,,,NIVEL_ALTO,media
TQ-MIX-TT,74.3335,C,ALARME,2026-06-28 11:06:11,601,leitura,,,,
TQ-MIX-LT,86.2563,%,ALARME,2026-06-28 11:06:11,601,leitura,,,,
TQ-MIX-PT,2.72513,BAR,OK,2026-06-28 11:06:11,601,leitura,,,,
RES-Q-TT,74.3335,C,OK,2026-06-28 11:06:11,601,leitura,,,,
RES-F-TT,12.104,C,OK,2026-06-28 11:06:11,601,leitura,,,,
,28.0,,,2026-06-28 11:06:11,601,atuador,BOMBA-Q,PRINCIPAL,,
,28.0,,,2026-06-28 11:06:11,601,atuador,BOMBA-F,PRINCIPAL,,
,,,,2026-06-28 11:06:11,601,alarme,,,NIVEL_ALTO,media
TQ-MIX-TT,11.8096,C,ALARME,2026-06-28 11:06:14,602,leitura,,,,
TQ-MIX-LT,86.1123,%,ALARME,2026-06-28 11:06:14,602,leitura,,,,
TQ-MIX-PT,2.72225,BAR,OK,2026-06-28 11:06:14,602,leitura,,,,
RES-Q-TT,74.1399,C,OK,2026-06-28 11:06:14,602,leitura,,,,
RES-F-TT,11.8096,C,OK,2026-06-28 11:06:14,602,leitura,,,,
,28.0,,,2026-06-28 11:06:14,602,atuador,BOMBA-Q,PRINCIPAL,,
,28.0,,,2026-06-28 11:06:14,602,atuador,BOMBA-F,PRINCIPAL,,
,,,,2026-06-28 11:06:14,602,alarme,,,NIVEL_ALTO,media
TQ-MIX-TT,74.0649,C,ALARME,2026-06-28 11:06:17,603,leitura,,,,
TQ-MIX-LT,85.9683,%,ALARME,2026-06-28 11:06:17,603,leitura,,,,
TQ-MIX-PT,2.71937,BAR,OK,2026-06-28 11:06:17,603,leitura,,,,
RES-Q-TT,74.0649,C,OK,2026-06-28 11:06:17,603,leitura,,,,
RES-F-TT,11.722,C,OK,2026-06-28 11:06:17,603,leitura,,,,
,28.0,,,2026-06-28 11:06:17,603,atuador,BOMBA-Q,PRINCIPAL,,
,28.0,,,2026-06-28 11:06:17,603,atuador,BOMBA-F,PRINCIPAL,,
,,,,2026-06-28 11:06:17,603,alarme,,,NIVEL_ALTO,media
TQ-MIX-TT,11.5073,C,ALARME,2026-06-28 11:06:20,604,leitura,,,,
TQ-MIX-LT,85.8243,%,ALARME,2026-06-28 11:06:20,604,leitura,,,,
TQ-MIX-PT,2.7164900000000003,BAR,OK,2026-06-28 11:06:20,604,leitura,,,,
RES-Q-TT,73.9206,C,OK,2026-06-28 11:06:20,604,leitura,,,,
RES-F-TT,11.5073,C,OK,2026-06-28 11:06:20,604,leitura,,,,
,28.0,,,2026-06-28 11:06:20,604,atuador,BOMBA-Q,PRINCIPAL,,
,28.0,,,2026-06-28 11:06:20,604,atuador,BOMBA-F,PRINCIPAL,,
,,,,2026-06-28 11:06:20,604,alarme,,,NIVEL_ALTO,media
TQ-MIX-TT,73.6375,C,ALARME,2026-06-28 11:06:23,605,leitura,,,,
TQ-MIX-LT,85.6803,%,ALARME,2026-06-28 11:06:23,605,leitura,,,,
TQ-MIX-PT,2.71361,BAR,OK,2026-06-28 11:06:23,605,leitura,,,,
RES-Q-TT,73.6375,C,OK,2026-06-28 11:06:23,605,leitura,,,,
RES-F-TT,11.6053,C,OK,2026-06-28 11:06:23,605,leitura,,,,
,28.0,,,2026-06-28 11:06:23,605,atuador,BOMBA-Q,PRINCIPAL,,
,28.0,,,2026-06-28 11:06:23,605,atuador,BOMBA-F,PRINCIPAL,,
,,,,2026-06-28 11:06:23,605,alarme,,,NIVEL_ALTO,media
TQ-MIX-TT,11.4265,C,ALARME,2026-06-28 11:06:26,606,leitura,,,,
TQ-MIX-LT,85.5363,%,ALARME,2026-06-28 11:06:26,606,leitura,,,,
TQ-MIX-PT,2.71073,BAR,OK,2026-06-28 11:06:26,606,leitura,,,,
RES-Q-TT,73.9106,C,OK,2026-06-28 11:06:26,606,leitura,,,,
RES-F-TT,11.4265,C,OK,2026-06-28 11:06:26,606,leitura,,,,
,28.0,,,2026-06-28 11:06:26,606,atuador,BOMBA-Q,PRINCIPAL,,
,28.0,,,2026-06-28 11:06:26,606,atuador,BOMBA-F,PRINCIPAL,,
,,,,2026-06-28 11:06:26,606,alarme,,,NIVEL_ALTO,media
TQ-MIX-TT,74.1478,C,ALARME,2026-06-28 11:06:29,607,leitura,,,,
TQ-MIX-LT,85.3923,%,ALARME,2026-06-28 11:06:29,607,leitura,,,,
TQ-MIX-PT,2.70785,BAR,OK,2026-06-28 11:06:29,607,leitura,,,,
RES-Q-TT,74.1478,C,OK,2026-06-28 11:06:29,607,leitura,,,,
RES-F-TT,11.5616,C,OK,2026-06-28 11:06:29,607,leitura,,,,
,28.0,,,2026-06-28 11:06:29,607,atuador,BOMBA-Q,PRINCIPAL,,
,28.0,,,2026-06-28 11:06:29,607,atuador,BOMBA-F,PRINCIPAL,,
,,,,2026-06-28 11:06:29,607,alarme,,,NIVEL_ALTO,media
TQ-MIX-TT,11.646,C,ALARME,2026-06-28 11:06:32,608,leitura,,,,
TQ-MIX-LT,85.2483,%,ALARME,2026-06-28 11:06:32,608,leitura,,,,
TQ-MIX-PT,2.7049700000000003,BAR,OK,2026-06-28 11:06:32,608,leitura,,,,
RES-Q-TT,74.0911,C,OK,2026-06-28 11:06:32,608,leitura,,,,
RES-F-TT,11.646,C,OK,2026-06-28 11:06:32,608,leitura,,,,
,28.0,,,2026-06-28 11:06:32,608,atuador,BOMBA-Q,PRINCIPAL,,
,28.0,,,2026-06-28 11:06:32,608,atuador,BOMBA-F,PRINCIPAL,,
,,,,2026-06-28 11:06:32,608,alarme,,,NIVEL_ALTO,media
TQ-MIX-TT,73.831,C,ALARME,2026-06-28 11:06:35,609,leitura,,,,
TQ-MIX-LT,85.1043,%,ALARME,2026-06-28 11:06:35,609,leitura,,,,
TQ-MIX-PT,2.70209,BAR,OK,2026-06-28 11:06:35,609,leitura,,,,
RES-Q-TT,73.831,C,OK,2026-06-28 11:06:35,609,leitura,,,,
RES-F-TT,11.717,C,OK,2026-06-28 11:06:35,609,leitura,,,,
,28.0,,,2026-06-28 11:06:35,609,atuador,BOMBA-Q,PRINCIPAL,,
,28.0,,,2026-06-28 11:06:35,609,atuador,BOMBA-F,PRINCIPAL,,
,,,,2026-06-28 11:06:35,609,alarme,,,NIVEL_ALTO,media
TQ-MIX-TT,11.5748,C,ALARME,2026-06-28 11:06:38,610,leitura,,,,
TQ-MIX-LT,84.9603,%,ALARME,2026-06-28 11:06:38,610,leitura,,,,
TQ-MIX-PT,2.69921,BAR,OK,2026-06-28 11:06:38,610,leitura,,,,
RES-Q-TT,73.9387,C,OK,2026-06-28 11:06:38,610,leitura,,,,
RES-F-TT,11.5748,C,OK,2026-06-28 11:06:38,610,leitura,,,,
,28.0,,,2026-06-28 11:06:38,610,atuador,BOMBA-Q,PRINCIPAL,,
,28.0,,,2026-06-28 11:06:38,610,atuador,BOMBA-F,PRINCIPAL,,
,,,,2026-06-28 11:06:38,610,alarme,,,NIVEL_ALTO,media
TQ-MIX-TT,73.66,C,ALARME,2026-06-28 11:06:41,611,leitura,,,,
TQ-MIX-LT,84.8163,%,ALARME,2026-06-28 11:06:41,611,leitura,,,,
TQ-MIX-PT,2.69633,BAR,OK,2026-06-28 11:06:41,611,leitura,,,,
RES-Q-TT,73.66,C,OK,2026-06-28 11:06:41,611,leitura,,,,
RES-F-TT,11.5666,C,OK,2026-06-28 11:06:41,611,leitura,,,,
,28.0,,,2026-06-28 11:06:41,611,atuador,BOMBA-Q,PRINCIPAL,,
,28.0,,,2026-06-28 11:06:41,611,atuador,BOMBA-F,PRINCIPAL,,
,,,,2026-06-28 11:06:41,611,alarme,,,NIVEL_ALTO,media
TQ-MIX-TT,11.4363,C,ALARME,2026-06-28 11:06:44,612,leitura,,,,
TQ-MIX-LT,84.6723,%,ALARME,2026-06-28 11:06:44,612,leitura,,,,
TQ-MIX-PT,2.69345,BAR,OK,2026-06-28 11:06:44,612,leitura,,,,
RES-Q-TT,73.638,C,OK,2026-06-28 11:06:44,612,leitura,,,,
RES-F-TT,11.4363,C,OK,2026-06-28 11:06:44,612,leitura,,,,
,28.0,,,2026-06-28 11:06:44,612,atuador,BOMBA-Q,PRINCIPAL,,
,28.0,,,2026-06-28 11:06:44,612,atuador,BOMBA-F,PRINCIPAL,,
,,,,2026-06-28 11:06:44,612,alarme,,,NIVEL_ALTO,media
TQ-MIX-TT,73.4261,C,ALARME,2026-06-28 11:06:47,613,leitura,,,,
TQ-MIX-LT,84.5283,%,ALARME,2026-06-28 11:06:47,613,leitura,,,,
TQ-MIX-PT,2.69057,BAR,OK,2026-06-28 11:06:47,613,leitura,,,,
RES-Q-TT,73.4261,C,OK,2026-06-28 11:06:47,613,leitura,,,,
RES-F-TT,11.5421,C,OK,2026-06-28 11:06:47,613,leitura,,,,
,28.0,,,2026-06-28 11:06:47,613,atuador,BOMBA-Q,PRINCIPAL,,
,28.0,,,2026-06-28 11:06:47,613,atuador,BOMBA-F,PRINCIPAL,,
,,,,2026-06-28 11:06:47,613,alarme,,,NIVEL_ALTO,media
TQ-MIX-TT,11.3497,C,ALARME,2026-06-28 11:06:50,614,leitura,,,,
TQ-MIX-LT,84.3843,%,ALARME,2026-06-28 11:06:50,614,leitura,,,,
TQ-MIX-PT,2.68769,BAR,OK,2026-06-28 11:06:50,614,leitura,,,,
RES-Q-TT,73.4534,C,OK,2026-06-28 11:06:50,614,leitura,,,,
RES-F-TT,11.3497,C,OK,2026-06-28 11:06:50,614,leitura,,,,
,28.0,,,2026-06-28 11:06:50,614,atuador,BOMBA-Q,PRINCIPAL,,
,28.0,,,2026-06-28 11:06:50,614,atuador,BOMBA-F,PRINCIPAL,,
,,,,2026-06-28 11:06:50,614,alarme,,,NIVEL_ALTO,media
TQ-MIX-TT,24.1009,C,OK,2026-06-28 11:44:32,1,leitura,,,,
TQ-MIX-LT,50.12,%,OK,2026-06-28 11:44:32,1,leitura,,,,
TQ-MIX-PT,2.0024,BAR,OK,2026-06-28 11:44:32,1,leitura,,,,
RES-Q-TT,71.0468,C,OK,2026-06-28 11:44:32,1,leitura,,,,
RES-F-TT,18.8847,C,OK,2026-06-28 11:44:32,1,leitura,,,,
,8.0,,,2026-06-28 11:44:32,1,atuador,BOMBA-Q,PRINCIPAL,,
,8.0,,,2026-06-28 11:44:32,1,atuador,BOMBA-F,PRINCIPAL,,
TQ-MIX-TT,34.6539,C,OK,2026-06-28 11:44:36,2,leitura,,,,
TQ-MIX-LT,50.24,%,OK,2026-06-28 11:44:36,2,leitura,,,,
TQ-MIX-PT,2.0048,BAR,OK,2026-06-28 11:44:36,2,leitura,,,,
RES-Q-TT,72.0013,C,OK,2026-06-28 11:44:36,2,leitura,,,,
RES-F-TT,17.8747,C,OK,2026-06-28 11:44:36,2,leitura,,,,
,8.0,,,2026-06-28 11:44:36,2,atuador,BOMBA-Q,PRINCIPAL,,
,8.0,,,2026-06-28 11:44:36,2,atuador,BOMBA-F,PRINCIPAL,,
TQ-MIX-TT,34.256,C,OK,2026-06-28 11:44:41,3,leitura,,,,
TQ-MIX-LT,50.36,%,OK,2026-06-28 11:44:41,3,leitura,,,,
TQ-MIX-PT,2.0072,BAR,OK,2026-06-28 11:44:41,3,leitura,,,,
RES-Q-TT,72.9104,C,OK,2026-06-28 11:44:41,3,leitura,,,,
RES-F-TT,16.8896,C,OK,2026-06-28 11:44:41,3,leitura,,,,
,28.0,,,2026-06-28 11:44:41,3,atuador,BOMBA-Q,PRINCIPAL,,
,8.0,,,2026-06-28 11:44:41,3,atuador,BOMBA-F,PRINCIPAL,,
TQ-MIX-TT,54.2977,C,OK,2026-06-28 11:44:46,4,leitura,,,,
TQ-MIX-LT,50.768,%,OK,2026-06-28 11:44:46,4,leitura,,,,
TQ-MIX-PT,2.01536,BAR,OK,2026-06-28 11:44:46,4,leitura,,,,
RES-Q-TT,73.4742,C,OK,2026-06-28 11:44:46,4,leitura,,,,
RES-F-TT,16.5439,C,OK,2026-06-28 11:44:46,4,leitura,,,,
,28.0,,,2026-06-28 11:44:46,4,atuador,BOMBA-Q,PRINCIPAL,,
,28.0,,,2026-06-28 11:44:46,4,atuador,BOMBA-F,PRINCIPAL,,
TQ-MIX-TT,34.1385,C,OK,2026-06-28 11:44:51,5,leitura,,,,
TQ-MIX-LT,51.688,%,OK,2026-06-28 11:44:51,5,leitura,,,,
TQ-MIX-PT,2.03376,BAR,OK,2026-06-28 11:44:51,5,leitura,,,,
RES-Q-TT,74.1198,C,OK,2026-06-28 11:44:51,5,leitura,,,,
RES-F-TT,16.176,C,OK,2026-06-28 11:44:51,5,leitura,,,,
,28.0,,,2026-06-28 11:44:51,5,atuador,BOMBA-Q,PRINCIPAL,,
,28.0,,,2026-06-28 11:44:51,5,atuador,BOMBA-F,PRINCIPAL,,
TQ-MIX-TT,36.8177,C,OK,2026-06-28 11:44:55,6,leitura,,,,
TQ-MIX-LT,52.608,%,OK,2026-06-28 11:44:55,6,leitura,,,,
TQ-MIX-PT,2.05216,BAR,OK,2026-06-28 11:44:55,6,leitura,,,,
RES-Q-TT,74.1101,C,OK,2026-06-28 11:44:55,6,leitura,,,,
RES-F-TT,15.8408,C,OK,2026-06-28 11:44:55,6,leitura,,,,
,28.0,,,2026-06-28 11:44:55,6,atuador,BOMBA-Q,PRINCIPAL,,
,28.0,,,2026-06-28 11:44:55,6,atuador,BOMBA-F,PRINCIPAL,,
TQ-MIX-TT,33.785,C,OK,2026-06-28 11:45:00,7,leitura,,,,
TQ-MIX-LT,53.528,%,OK,2026-06-28 11:45:00,7,leitura,,,,
TQ-MIX-PT,2.07056,BAR,OK,2026-06-28 11:45:00,7,leitura,,,,
RES-Q-TT,73.8118,C,OK,2026-06-28 11:45:00,7,leitura,,,,
RES-F-TT,15.802,C,OK,2026-06-28 11:45:00,7,leitura,,,,
,28.0,,,2026-06-28 11:45:00,7,atuador,BOMBA-Q,PRINCIPAL,,
,28.0,,,2026-06-28 11:45:00,7,atuador,BOMBA-F,PRINCIPAL,,
TQ-MIX-TT,36.5911,C,OK,2026-06-28 11:45:05,8,leitura,,,,
TQ-MIX-LT,54.448,%,OK,2026-06-28 11:45:05,8,leitura,,,,
TQ-MIX-PT,2.08896,BAR,OK,2026-06-28 11:45:05,8,leitura,,,,
RES-Q-TT,73.7059,C,OK,2026-06-28 11:45:05,8,leitura,,,,
RES-F-TT,15.714,C,OK,2026-06-28 11:45:05,8,leitura,,,,
,28.0,,,2026-06-28 11:45:05,8,atuador,BOMBA-Q,PRINCIPAL,,
,28.0,,,2026-06-28 11:45:05,8,atuador,BOMBA-F,PRINCIPAL,,
TQ-MIX-TT,33.7759,C,OK,2026-06-28 11:45:10,9,leitura,,,,
TQ-MIX-LT,55.368,%,OK,2026-06-28 11:45:10,9,leitura,,,,
TQ-MIX-PT,2.10736,BAR,OK,2026-06-28 11:45:10,9,leitura,,,,
RES-Q-TT,73.7912,C,OK,2026-06-28 11:45:10,9,leitura,,,,
RES-F-TT,15.798,C,OK,2026-06-28 11:45:10,9,leitura,,,,
,28.0,,,2026-06-28 11:45:10,9,atuador,BOMBA-Q,PRINCIPAL,,
,28.0,,,2026-06-28 11:45:10,9,atuador,BOMBA-F,PRINCIPAL,,
TQ-MIX-TT,36.8108,C,OK,2026-06-28 11:45:15,10,leitura,,,,
TQ-MIX-LT,56.288,%,OK,2026-06-28 11:45:15,10,leitura,,,,
TQ-MIX-PT,2.12576,BAR,OK,2026-06-28 11:45:15,10,leitura,,,,
RES-Q-TT,73.7422,C,OK,2026-06-28 11:45:15,10,leitura,,,,
RES-F-TT,16.0369,C,OK,2026-06-28 11:45:15,10,leitura,,,,
,28.0,,,2026-06-28 11:45:15,10,atuador,BOMBA-Q,PRINCIPAL,,
,28.0,,,2026-06-28 11:45:15,10,atuador,BOMBA-F,PRINCIPAL,,
TQ-MIX-TT,34.1458,C,OK,2026-06-28 11:45:20,11,leitura,,,,
TQ-MIX-LT,57.208,%,OK,2026-06-28 11:45:20,11,leitura,,,,
TQ-MIX-PT,2.14416,BAR,OK,2026-06-28 11:45:20,11,leitura,,,,
RES-Q-TT,73.8989,C,OK,2026-06-28 11:45:20,11,leitura,,,,
RES-F-TT,16.2857,C,OK,2026-06-28 11:45:20,11,leitura,,,,
,28.0,,,2026-06-28 11:45:20,11,atuador,BOMBA-Q,PRINCIPAL,,
,28.0,,,2026-06-28 11:45:21,11,atuador,BOMBA-F,PRINCIPAL,,
TQ-MIX-TT,36.9141,C,OK,2026-06-28 11:45:24,12,leitura,,,,
TQ-MIX-LT,58.128,%,OK,2026-06-28 11:45:24,12,leitura,,,,
TQ-MIX-PT,2.16256,BAR,OK,2026-06-28 11:45:24,12,leitura,,,,
RES-Q-TT,73.7983,C,OK,2026-06-28 11:45:24,12,leitura,,,,
RES-F-TT,16.1667,C,OK,2026-06-28 11:45:24,12,leitura,,,,
,28.0,,,2026-06-28 11:45:24,12,atuador,BOMBA-Q,PRINCIPAL,,
,28.0,,,2026-06-28 11:45:24,12,atuador,BOMBA-F,PRINCIPAL,,
TQ-MIX-TT,34.0553,C,OK,2026-06-28 11:45:29,13,leitura,,,,
TQ-MIX-LT,59.048,%,OK,2026-06-28 11:45:29,13,leitura,,,,
TQ-MIX-PT,2.18096,BAR,OK,2026-06-28 11:45:29,13,leitura,,,,
RES-Q-TT,73.9382,C,OK,2026-06-28 11:45:29,13,leitura,,,,
RES-F-TT,16.1369,C,OK,2026-06-28 11:45:29,13,leitura,,,,
,28.0,,,2026-06-28 11:45:29,13,atuador,BOMBA-Q,PRINCIPAL,,
,28.0,,,2026-06-28 11:45:29,13,atuador,BOMBA-F,PRINCIPAL,,
TQ-MIX-TT,37.0602,C,OK,2026-06-28 11:45:35,14,leitura,,,,
TQ-MIX-LT,59.968,%,OK,2026-06-28 11:45:35,14,leitura,,,,
TQ-MIX-PT,2.19936,BAR,OK,2026-06-28 11:45:35,14,leitura,,,,
RES-Q-TT,73.8753,C,OK,2026-06-28 11:45:35,14,leitura,,,,
RES-F-TT,16.3517,C,OK,2026-06-28 11:45:35,14,leitura,,,,
,28.0,,,2026-06-28 11:45:35,14,atuador,BOMBA-Q,PRINCIPAL,,
,28.0,,,2026-06-28 11:45:35,14,atuador,BOMBA-F,PRINCIPAL,,
TQ-MIX-TT,34.1983,C,OK,2026-06-28 11:45:40,15,leitura,,,,
TQ-MIX-LT,60.888,%,OK,2026-06-28 11:45:40,15,leitura,,,,
TQ-MIX-PT,2.21776,BAR,OK,2026-06-28 11:45:40,15,leitura,,,,
RES-Q-TT,73.6257,C,OK,2026-06-28 11:45:40,15,leitura,,,,
RES-F-TT,16.4846,C,OK,2026-06-28 11:45:40,15,leitura,,,,
,28.0,,,2026-06-28 11:45:40,15,atuador,BOMBA-Q,PRINCIPAL,,
,28.0,,,2026-06-28 11:45:40,15,atuador,BOMBA-F,PRINCIPAL,,
TQ-MIX-TT,37.1415,C,OK,2026-06-28 11:45:45,16,leitura,,,,
TQ-MIX-LT,61.808,%,OK,2026-06-28 11:45:45,16,leitura,,,,
TQ-MIX-PT,2.23616,BAR,OK,2026-06-28 11:45:45,16,leitura,,,,
RES-Q-TT,73.5942,C,OK,2026-06-28 11:45:45,16,leitura,,,,
RES-F-TT,16.6369,C,OK,2026-06-28 11:45:45,16,leitura,,,,
,28.0,,,2026-06-28 11:45:45,16,atuador,BOMBA-Q,PRINCIPAL,,
,28.0,,,2026-06-28 11:45:45,16,atuador,BOMBA-F,PRINCIPAL,,
TQ-MIX-TT,34.4256,C,OK,2026-06-28 11:45:50,17,leitura,,,,
TQ-MIX-LT,62.728,%,OK,2026-06-28 11:45:50,17,leitura,,,,
TQ-MIX-PT,2.25456,BAR,OK,2026-06-28 11:45:50,17,leitura,,,,
RES-Q-TT,73.4761,C,OK,2026-06-28 11:45:50,17,leitura,,,,
RES-F-TT,16.8812,C,OK,2026-06-28 11:45:50,17,leitura,,,,
,28.0,,,2026-06-28 11:45:50,17,atuador,BOMBA-Q,PRINCIPAL,,
,28.0,,,2026-06-28 11:45:50,17,atuador,BOMBA-F,PRINCIPAL,,
TQ-MIX-TT,37.2175,C,OK,2026-06-28 11:45:53,18,leitura,,,,
TQ-MIX-LT,63.648,%,OK,2026-06-28 11:45:53,18,leitura,,,,
TQ-MIX-PT,2.27296,BAR,OK,2026-06-28 11:45:53,18,leitura,,,,
RES-Q-TT,73.5862,C,OK,2026-06-28 11:45:53,18,leitura,,,,
RES-F-TT,16.7601,C,OK,2026-06-28 11:45:53,18,leitura,,,,
,28.0,,,2026-06-28 11:45:53,18,atuador,BOMBA-Q,PRINCIPAL,,
,28.0,,,2026-06-28 11:45:53,18,atuador,BOMBA-F,PRINCIPAL,,
TQ-MIX-TT,34.5094,C,OK,2026-06-28 11:45:59,19,leitura,,,,
TQ-MIX-LT,64.568,%,OK,2026-06-28 11:45:59,19,leitura,,,,
TQ-MIX-PT,2.29136,BAR,OK,2026-06-28 11:45:59,19,leitura,,,,
RES-Q-TT,73.7216,C,OK,2026-06-28 11:45:59,19,leitura,,,,
RES-F-TT,16.8924,C,OK,2026-06-28 11:45:59,19,leitura,,,,
,28.0,,,2026-06-28 11:45:59,19,atuador,BOMBA-Q,PRINCIPAL,,
,28.0,,,2026-06-28 11:45:59,19,atuador,BOMBA-F,PRINCIPAL,,
TQ-MIX-TT,34.6556,C,OK,2026-06-28 11:46:04,20,leitura,,,,
TQ-MIX-LT,65.488,%,OK,2026-06-28 11:46:04,20,leitura,,,,
TQ-MIX-PT,2.30976,BAR,OK,2026-06-28 11:46:04,20,leitura,,,,
RES-Q-TT,73.8393,C,OK,2026-06-28 11:46:04,20,leitura,,,,
RES-F-TT,17.0514,C,OK,2026-06-28 11:46:04,20,leitura,,,,
,28.0,,,2026-06-28 11:46:04,20,atuador,BOMBA-Q,PRINCIPAL,,
,28.0,,,2026-06-28 11:46:04,20,atuador,BOMBA-F,PRINCIPAL,,
TQ-MIX-TT,34.725,C,OK,2026-06-28 11:46:09,21,leitura,,,,
TQ-MIX-LT,66.408,%,OK,2026-06-28 11:46:09,21,leitura,,,,
TQ-MIX-PT,2.32816,BAR,OK,2026-06-28 11:46:09,21,leitura,,,,
RES-Q-TT,74.0328,C,OK,2026-06-28 11:46:09,21,leitura,,,,
RES-F-TT,17.065,C,OK,2026-06-28 11:46:09,21,leitura,,,,
,28.0,,,2026-06-28 11:46:09,21,atuador,BOMBA-Q,PRINCIPAL,,
,28.0,,,2026-06-28 11:46:09,21,atuador,BOMBA-F,PRINCIPAL,,
TQ-MIX-TT,34.6342,C,OK,2026-06-28 11:46:14,22,leitura,,,,
TQ-MIX-LT,67.328,%,OK,2026-06-28 11:46:14,22,leitura,,,,
TQ-MIX-PT,2.34656,BAR,OK,2026-06-28 11:46:14,22,leitura,,,,
RES-Q-TT,74.1405,C,OK,2026-06-28 11:46:14,22,leitura,,,,
RES-F-TT,16.885,C,OK,2026-06-28 11:46:14,22,leitura,,,,
,28.0,,,2026-06-28 11:46:14,22,atuador,BOMBA-Q,PRINCIPAL,,
,28.0,,,2026-06-28 11:46:14,22,atuador,BOMBA-F,PRINCIPAL,,
TQ-MIX-TT,34.6668,C,OK,2026-06-28 11:46:19,23,leitura,,,,
TQ-MIX-LT,68.248,%,OK,2026-06-28 11:46:19,23,leitura,,,,
TQ-MIX-PT,2.36496,BAR,OK,2026-06-28 11:46:19,23,leitura,,,,
RES-Q-TT,74.4074,C,OK,2026-06-28 11:46:19,23,leitura,,,,
RES-F-TT,16.8124,C,OK,2026-06-28 11:46:19,23,leitura,,,,
,28.0,,,2026-06-28 11:46:19,23,atuador,BOMBA-Q,PRINCIPAL,,
,28.0,,,2026-06-28 11:46:19,23,atuador,BOMBA-F,PRINCIPAL,,
TQ-MIX-TT,34.3829,C,OK,2026-06-28 11:46:24,24,leitura,,,,
TQ-MIX-LT,69.168,%,OK,2026-06-28 11:46:24,24,leitura,,,,
TQ-MIX-PT,2.38336,BAR,OK,2026-06-28 11:46:24,24,leitura,,,,
RES-Q-TT,74.1158,C,OK,2026-06-28 11:46:24,24,leitura,,,,
RES-F-TT,16.5318,C,OK,2026-06-28 11:46:24,24,leitura,,,,
,28.0,,,2026-06-28 11:46:24,24,atuador,BOMBA-Q,PRINCIPAL,,
,28.0,,,2026-06-28 11:46:24,24,atuador,BOMBA-F,PRINCIPAL,,
TQ-MIX-TT,37.2701,C,OK,2026-06-28 11:46:28,25,leitura,,,,
TQ-MIX-LT,70.088,%,OK,2026-06-28 11:46:28,25,leitura,,,,
TQ-MIX-PT,2.40176,BAR,OK,2026-06-28 11:46:28,25,leitura,,,,
RES-Q-TT,74.3642,C,OK,2026-06-28 11:46:28,25,leitura,,,,
RES-F-TT,16.4047,C,OK,2026-06-28 11:46:28,25,leitura,,,,
,28.0,,,2026-06-28 11:46:28,25,atuador,BOMBA-Q,PRINCIPAL,,
,28.0,,,2026-06-28 11:46:28,25,atuador,BOMBA-F,PRINCIPAL,,
TQ-MIX-TT,34.6139,C,OK,2026-06-28 11:46:33,26,leitura,,,,
TQ-MIX-LT,71.008,%,OK,2026-06-28 11:46:33,26,leitura,,,,
TQ-MIX-PT,2.42016,BAR,OK,2026-06-28 11:46:33,26,leitura,,,,
RES-Q-TT,74.4867,C,OK,2026-06-28 11:46:33,26,leitura,,,,
RES-F-TT,16.7,C,OK,2026-06-28 11:46:33,26,leitura,,,,
,28.0,,,2026-06-28 11:46:33,26,atuador,BOMBA-Q,PRINCIPAL,,
,28.0,,,2026-06-28 11:46:33,26,atuador,BOMBA-F,PRINCIPAL,,
TQ-MIX-TT,34.481,C,OK,2026-06-28 11:46:38,27,leitura,,,,
TQ-MIX-LT,71.928,%,OK,2026-06-28 11:46:38,27,leitura,,,,
TQ-MIX-PT,2.43856,BAR,OK,2026-06-28 11:46:38,27,leitura,,,,
RES-Q-TT,74.48,C,OK,2026-06-28 11:46:38,27,leitura,,,,
RES-F-TT,16.5105,C,OK,2026-06-28 11:46:38,27,leitura,,,,
,28.0,,,2026-06-28 11:46:38,27,atuador,BOMBA-Q,PRINCIPAL,,
,28.0,,,2026-06-28 11:46:38,27,atuador,BOMBA-F,PRINCIPAL,,
TQ-MIX-TT,37.3203,C,OK,2026-06-28 11:46:43,28,leitura,,,,
TQ-MIX-LT,72.848,%,OK,2026-06-28 11:46:43,28,leitura,,,,
TQ-MIX-PT,2.45696,BAR,OK,2026-06-28 11:46:43,28,leitura,,,,
RES-Q-TT,74.218,C,OK,2026-06-28 11:46:43,28,leitura,,,,
RES-F-TT,16.5654,C,OK,2026-06-28 11:46:43,28,leitura,,,,
,28.0,,,2026-06-28 11:46:43,28,atuador,BOMBA-Q,PRINCIPAL,,
,28.0,,,2026-06-28 11:46:43,28,atuador,BOMBA-F,PRINCIPAL,,
TQ-MIX-TT,34.4655,C,OK,2026-06-28 11:46:48,29,leitura,,,,
TQ-MIX-LT,73.768,%,OK,2026-06-28 11:46:48,29,leitura,,,,
TQ-MIX-PT,2.4753600000000002,BAR,OK,2026-06-28 11:46:48,29,leitura,,,,
RES-Q-TT,73.9906,C,OK,2026-06-28 11:46:48,29,leitura,,,,
RES-F-TT,16.7079,C,OK,2026-06-28 11:46:48,29,leitura,,,,
,28.0,,,2026-06-28 11:46:48,29,atuador,BOMBA-Q,PRINCIPAL,,
,28.0,,,2026-06-28 11:46:48,29,atuador,BOMBA-F,PRINCIPAL,,
TQ-MIX-TT,37.3207,C,OK,2026-06-28 11:46:53,30,leitura,,,,
TQ-MIX-LT,74.688,%,OK,2026-06-28 11:46:53,30,leitura,,,,
TQ-MIX-PT,2.49376,BAR,OK,2026-06-28 11:46:53,30,leitura,,,,
RES-Q-TT,74.0523,C,OK,2026-06-28 11:46:53,30,leitura,,,,
RES-F-TT,16.6592,C,OK,2026-06-28 11:46:53,30,leitura,,,,
,28.0,,,2026-06-28 11:46:53,30,atuador,BOMBA-Q,PRINCIPAL,,
,28.0,,,2026-06-28 11:46:53,30,atuador,BOMBA-F,PRINCIPAL,,
TQ-MIX-TT,34.2527,C,OK,2026-06-28 11:46:57,31,leitura,,,,
TQ-MIX-LT,75.608,%,OK,2026-06-28 11:46:57,31,leitura,,,,
TQ-MIX-PT,2.51216,BAR,OK,2026-06-28 11:46:57,31,leitura,,,,
RES-Q-TT,74.0087,C,OK,2026-06-28 11:46:57,31,leitura,,,,
RES-F-TT,16.3912,C,OK,2026-06-28 11:46:57,31,leitura,,,,
,28.0,,,2026-06-28 11:46:57,31,atuador,BOMBA-Q,PRINCIPAL,,
,28.0,,,2026-06-28 11:46:57,31,atuador,BOMBA-F,PRINCIPAL,,
TQ-MIX-TT,37.2208,C,OK,2026-06-28 11:47:02,32,leitura,,,,
TQ-MIX-LT,76.528,%,OK,2026-06-28 11:47:02,32,leitura,,,,
TQ-MIX-PT,2.53056,BAR,OK,2026-06-28 11:47:02,32,leitura,,,,
RES-Q-TT,73.9838,C,OK,2026-06-28 11:47:02,32,leitura,,,,
RES-F-TT,16.5416,C,OK,2026-06-28 11:47:02,32,leitura,,,,
,28.0,,,2026-06-28 11:47:02,32,atuador,BOMBA-Q,PRINCIPAL,,
,28.0,,,2026-06-28 11:47:02,32,atuador,BOMBA-F,PRINCIPAL,,
TQ-MIX-TT,34.5212,C,OK,2026-06-28 11:47:07,33,leitura,,,,
TQ-MIX-LT,77.448,%,OK,2026-06-28 11:47:07,33,leitura,,,,
TQ-MIX-PT,2.54896,BAR,OK,2026-06-28 11:47:07,33,leitura,,,,
RES-Q-TT,74.097,C,OK,2026-06-28 11:47:07,33,leitura,,,,
RES-F-TT,16.7408,C,OK,2026-06-28 11:47:07,33,leitura,,,,
,28.0,,,2026-06-28 11:47:07,33,atuador,BOMBA-Q,PRINCIPAL,,
,28.0,,,2026-06-28 11:47:07,33,atuador,BOMBA-F,PRINCIPAL,,
TQ-MIX-TT,34.5694,C,OK,2026-06-28 11:47:12,34,leitura,,,,
TQ-MIX-LT,78.368,%,OK,2026-06-28 11:47:12,34,leitura,,,,
TQ-MIX-PT,2.56736,BAR,OK,2026-06-28 11:47:12,34,leitura,,,,
RES-Q-TT,73.8095,C,OK,2026-06-28 11:47:12,34,leitura,,,,
RES-F-TT,16.9398,C,OK,2026-06-28 11:47:12,34,leitura,,,,
,28.0,,,2026-06-28 11:47:12,34,atuador,BOMBA-Q,PRINCIPAL,,
,28.0,,,2026-06-28 11:47:12,34,atuador,BOMBA-F,PRINCIPAL,,
TQ-MIX-TT,34.6759,C,OK,2026-06-28 11:47:17,35,leitura,,,,
TQ-MIX-LT,79.288,%,OK,2026-06-28 11:47:17,35,leitura,,,,
TQ-MIX-PT,2.58576,BAR,OK,2026-06-28 11:47:17,35,leitura,,,,
RES-Q-TT,73.8177,C,OK,2026-06-28 11:47:17,35,leitura,,,,
RES-F-TT,17.0904,C,OK,2026-06-28 11:47:17,35,leitura,,,,
,28.0,,,2026-06-28 11:47:17,35,atuador,BOMBA-Q,PRINCIPAL,,
,28.0,,,2026-06-28 11:47:17,35,atuador,BOMBA-F,PRINCIPAL,,
TQ-MIX-TT,34.5059,C,OK,2026-06-28 11:47:22,36,leitura,,,,
TQ-MIX-LT,80.208,%,OK,2026-06-28 11:47:22,36,leitura,,,,
TQ-MIX-PT,2.6041600000000003,BAR,OK,2026-06-28 11:47:22,36,leitura,,,,
RES-Q-TT,73.8678,C,OK,2026-06-28 11:47:22,36,leitura,,,,
RES-F-TT,16.8215,C,OK,2026-06-28 11:47:22,36,leitura,,,,
,28.0,,,2026-06-28 11:47:22,36,atuador,BOMBA-Q,PRINCIPAL,,
,28.0,,,2026-06-28 11:47:22,36,atuador,BOMBA-F,PRINCIPAL,,
TQ-MIX-TT,34.5697,C,OK,2026-06-28 11:47:26,37,leitura,,,,
TQ-MIX-LT,81.128,%,OK,2026-06-28 11:47:26,37,leitura,,,,
TQ-MIX-PT,2.62256,BAR,OK,2026-06-28 11:47:26,37,leitura,,,,
RES-Q-TT,74.155,C,OK,2026-06-28 11:47:26,37,leitura,,,,
RES-F-TT,16.785,C,OK,2026-06-28 11:47:26,37,leitura,,,,
,28.0,,,2026-06-28 11:47:26,37,atuador,BOMBA-Q,PRINCIPAL,,
,28.0,,,2026-06-28 11:47:26,37,atuador,BOMBA-F,PRINCIPAL,,
TQ-MIX-TT,34.6777,C,OK,2026-06-28 11:47:31,38,leitura,,,,
TQ-MIX-LT,82.048,%,OK,2026-06-28 11:47:31,38,leitura,,,,
TQ-MIX-PT,2.64096,BAR,OK,2026-06-28 11:47:31,38,leitura,,,,
RES-Q-TT,74.1708,C,OK,2026-06-28 11:47:31,38,leitura,,,,
RES-F-TT,16.9345,C,OK,2026-06-28 11:47:31,38,leitura,,,,
,28.0,,,2026-06-28 11:47:31,38,atuador,BOMBA-Q,PRINCIPAL,,
,28.0,,,2026-06-28 11:47:31,38,atuador,BOMBA-F,PRINCIPAL,,
TQ-MIX-TT,34.7495,C,ALARME,2026-06-28 11:47:36,39,leitura,,,,
TQ-MIX-LT,82.968,%,ALARME,2026-06-28 11:47:36,39,leitura,,,,
TQ-MIX-PT,2.65936,BAR,OK,2026-06-28 11:47:36,39,leitura,,,,
RES-Q-TT,74.372,C,OK,2026-06-28 11:47:36,39,leitura,,,,
RES-F-TT,16.9481,C,OK,2026-06-28 11:47:36,39,leitura,,,,
,28.0,,,2026-06-28 11:47:36,39,atuador,BOMBA-Q,PRINCIPAL,,
,28.0,,,2026-06-28 11:47:36,39,atuador,BOMBA-F,PRINCIPAL,,
,,,,2026-06-28 11:47:36,39,alarme,,,NIVEL_ALTO,media
TQ-MIX-TT,33.4307,C,ALARME,2026-06-28 11:47:41,40,leitura,,,,
TQ-MIX-LT,83.776,%,ALARME,2026-06-28 11:47:41,40,leitura,,,,
TQ-MIX-PT,2.67552,BAR,OK,2026-06-28 11:47:41,40,leitura,,,,
RES-Q-TT,74.4399,C,OK,2026-06-28 11:47:41,40,leitura,,,,
RES-F-TT,16.7707,C,OK,2026-06-28 11:47:41,40,leitura,,,,
,28.0,,,2026-06-28 11:47:41,40,atuador,BOMBA-Q,PRINCIPAL,,
,28.0,,,2026-06-28 11:47:41,40,atuador,BOMBA-F,PRINCIPAL,,
,,,,2026-06-28 11:47:41,40,alarme,,,NIVEL_ALTO,media
TQ-MIX-TT,35.2778,C,ALARME,2026-06-28 11:47:47,41,leitura,,,,
TQ-MIX-LT,84.472,%,ALARME,2026-06-28 11:47:47,41,leitura,,,,
TQ-MIX-PT,2.6894400000000003,BAR,OK,2026-06-28 11:47:47,41,leitura,,,,
RES-Q-TT,74.2975,C,OK,2026-06-28 11:47:47,41,leitura,,,,
RES-F-TT,16.4906,C,OK,2026-06-28 11:47:47,41,leitura,,,,
,28.0,,,2026-06-28 11:47:47,41,atuador,BOMBA-Q,PRINCIPAL,,
,28.0,,,2026-06-28 11:47:47,41,atuador,BOMBA-F,PRINCIPAL,,
,,,,2026-06-28 11:47:47,41,alarme,,,NIVEL_ALTO,media
TQ-MIX-TT,33.7196,C,ALARME,2026-06-28 11:47:52,42,leitura,,,,
TQ-MIX-LT,85.056,%,ALARME,2026-06-28 11:47:52,42,leitura,,,,
TQ-MIX-PT,2.70112,BAR,OK,2026-06-28 11:47:52,42,leitura,,,,
RES-Q-TT,74.0626,C,OK,2026-06-28 11:47:52,42,leitura,,,,
RES-F-TT,16.4297,C,OK,2026-06-28 11:47:52,42,leitura,,,,
,28.0,,,2026-06-28 11:47:52,42,atuador,BOMBA-Q,PRINCIPAL,,
,28.0,,,2026-06-28 11:47:52,42,atuador,BOMBA-F,PRINCIPAL,,
,,,,2026-06-28 11:47:52,42,alarme,,,NIVEL_ALTO,media
TQ-MIX-TT,36.8303,C,ALARME,2026-06-28 11:47:57,43,leitura,,,,
TQ-MIX-LT,85.528,%,ALARME,2026-06-28 11:47:57,43,leitura,,,,
TQ-MIX-PT,2.71056,BAR,OK,2026-06-28 11:47:57,43,leitura,,,,
RES-Q-TT,74.2557,C,OK,2026-06-28 11:47:57,43,leitura,,,,
RES-F-TT,16.6781,C,OK,2026-06-28 11:47:57,43,leitura,,,,
,28.0,,,2026-06-28 11:47:57,43,atuador,BOMBA-Q,PRINCIPAL,,
,28.0,,,2026-06-28 11:47:57,43,atuador,BOMBA-F,PRINCIPAL,,
,,,,2026-06-28 11:47:57,43,alarme,,,NIVEL_ALTO,media
TQ-MIX-TT,29.1989,C,ALARME,2026-06-28 11:48:00,44,leitura,,,,
TQ-MIX-LT,85.888,%,ALARME,2026-06-28 11:48:00,44,leitura,,,,
TQ-MIX-PT,2.71776,BAR,OK,2026-06-28 11:48:00,44,leitura,,,,
RES-Q-TT,74.0818,C,OK,2026-06-28 11:48:00,44,leitura,,,,
RES-F-TT,16.5396,C,OK,2026-06-28 11:48:00,44,leitura,,,,
,28.0,,,2026-06-28 11:48:00,44,atuador,BOMBA-Q,PRINCIPAL,,
,28.0,,,2026-06-28 11:48:00,44,atuador,BOMBA-F,PRINCIPAL,,
,,,,2026-06-28 11:48:00,44,alarme,,,NIVEL_ALTO,media
TQ-MIX-TT,32.4794,C,ALARME,2026-06-28 11:48:05,45,leitura,,,,
TQ-MIX-LT,86.136,%,ALARME,2026-06-28 11:48:05,45,leitura,,,,
TQ-MIX-PT,2.72272,BAR,OK,2026-06-28 11:48:05,45,leitura,,,,
RES-Q-TT,74.1948,C,OK,2026-06-28 11:48:05,45,leitura,,,,
RES-F-TT,16.6563,C,OK,2026-06-28 11:48:05,45,leitura,,,,
,28.0,,,2026-06-28 11:48:05,45,atuador,BOMBA-Q,PRINCIPAL,,
,28.0,,,2026-06-28 11:48:05,45,atuador,BOMBA-F,PRINCIPAL,,
,,,,2026-06-28 11:48:05,45,alarme,,,NIVEL_ALTO,media
TQ-MIX-TT,37.7103,C,ALARME,2026-06-28 11:48:11,46,leitura,,,,
TQ-MIX-LT,86.272,%,ALARME,2026-06-28 11:48:11,46,leitura,,,,
TQ-MIX-PT,2.72544,BAR,OK,2026-06-28 11:48:11,46,leitura,,,,
RES-Q-TT,74.3192,C,OK,2026-06-28 11:48:11,46,leitura,,,,
RES-F-TT,16.5158,C,OK,2026-06-28 11:48:11,46,leitura,,,,
,28.0,,,2026-06-28 11:48:11,46,atuador,BOMBA-Q,PRINCIPAL,,
,28.0,,,2026-06-28 11:48:11,46,atuador,BOMBA-F,PRINCIPAL,,
,,,,2026-06-28 11:48:11,46,alarme,,,NIVEL_ALTO,media
TQ-MIX-TT,19.5069,C,ALARME,2026-06-28 11:48:16,47,leitura,,,,
TQ-MIX-LT,86.296,%,ALARME,2026-06-28 11:48:16,47,leitura,,,,
TQ-MIX-PT,2.72592,BAR,OK,2026-06-28 11:48:16,47,leitura,,,,
RES-Q-TT,74.2936,C,OK,2026-06-28 11:48:16,47,leitura,,,,
RES-F-TT,16.6234,C,OK,2026-06-28 11:48:16,47,leitura,,,,
,28.0,,,2026-06-28 11:48:16,47,atuador,BOMBA-Q,PRINCIPAL,,
,28.0,,,2026-06-28 11:48:16,47,atuador,BOMBA-F,PRINCIPAL,,
,,,,2026-06-28 11:48:16,47,alarme,,,NIVEL_ALTO,media
TQ-MIX-TT,37.2361,C,ALARME,2026-06-28 11:48:21,48,leitura,,,,
TQ-MIX-LT,86.2528,%,ALARME,2026-06-28 11:48:21,48,leitura,,,,
TQ-MIX-PT,2.72506,BAR,OK,2026-06-28 11:48:21,48,leitura,,,,
RES-Q-TT,74.2881,C,OK,2026-06-28 11:48:21,48,leitura,,,,
RES-F-TT,16.6517,C,OK,2026-06-28 11:48:21,48,leitura,,,,
,28.0,,,2026-06-28 11:48:21,48,atuador,BOMBA-Q,PRINCIPAL,,
,28.0,,,2026-06-28 11:48:21,48,atuador,BOMBA-F,PRINCIPAL,,
,,,,2026-06-28 11:48:21,48,alarme,,,NIVEL_ALTO,media
TQ-MIX-TT,16.677599999999998,C,ALARME,2026-06-28 11:48:26,49,leitura,,,,
TQ-MIX-LT,86.1536,%,ALARME,2026-06-28 11:48:26,49,leitura,,,,
TQ-MIX-PT,2.72307,BAR,OK,2026-06-28 11:48:26,49,leitura,,,,
RES-Q-TT,74.206,C,OK,2026-06-28 11:48:26,49,leitura,,,,
RES-F-TT,16.677599999999998,C,OK,2026-06-28 11:48:26,49,leitura,,,,
,28.0,,,2026-06-28 11:48:26,49,atuador,BOMBA-Q,PRINCIPAL,,
,28.0,,,2026-06-28 11:48:26,49,atuador,BOMBA-F,PRINCIPAL,,
,,,,2026-06-28 11:48:26,49,alarme,,,NIVEL_ALTO,media
TQ-MIX-TT,73.954,C,ALARME,2026-06-28 11:48:29,50,leitura,,,,
TQ-MIX-LT,86.0096,%,ALARME,2026-06-28 11:48:29,50,leitura,,,,
TQ-MIX-PT,2.72019,BAR,OK,2026-06-28 11:48:29,50,leitura,,,,
RES-Q-TT,73.954,C,OK,2026-06-28 11:48:29,50,leitura,,,,
RES-F-TT,16.5627,C,OK,2026-06-28 11:48:29,50,leitura,,,,
,28.0,,,2026-06-28 11:48:29,50,atuador,BOMBA-Q,PRINCIPAL,,
,28.0,,,2026-06-28 11:48:29,50,atuador,BOMBA-F,PRINCIPAL,,
,,,,2026-06-28 11:48:29,50,alarme,,,NIVEL_ALTO,media
TQ-MIX-TT,16.437,C,ALARME,2026-06-28 11:48:34,51,leitura,,,,
TQ-MIX-LT,85.8656,%,ALARME,2026-06-28 11:48:34,51,leitura,,,,
TQ-MIX-PT,2.7173100000000003,BAR,OK,2026-06-28 11:48:34,51,leitura,,,,
RES-Q-TT,73.9784,C,OK,2026-06-28 11:48:34,51,leitura,,,,
RES-F-TT,16.437,C,OK,2026-06-28 11:48:34,51,leitura,,,,
,28.0,,,2026-06-28 11:48:34,51,atuador,BOMBA-Q,PRINCIPAL,,
,28.0,,,2026-06-28 11:48:34,51,atuador,BOMBA-F,PRINCIPAL,,
,,,,2026-06-28 11:48:34,51,alarme,,,NIVEL_ALTO,media
TQ-MIX-TT,74.2713,C,ALARME,2026-06-28 11:48:40,52,leitura,,,,
TQ-MIX-LT,85.7216,%,ALARME,2026-06-28 11:48:40,52,leitura,,,,
TQ-MIX-PT,2.71443,BAR,OK,2026-06-28 11:48:40,52,leitura,,,,
RES-Q-TT,74.2713,C,OK,2026-06-28 11:48:40,52,leitura,,,,
RES-F-TT,16.5396,C,OK,2026-06-28 11:48:40,52,leitura,,,,
,28.0,,,2026-06-28 11:48:40,52,atuador,BOMBA-Q,PRINCIPAL,,
,28.0,,,2026-06-28 11:48:40,52,atuador,BOMBA-F,PRINCIPAL,,
,,,,2026-06-28 11:48:40,52,alarme,,,NIVEL_ALTO,media
TQ-MIX-TT,16.3447,C,ALARME,2026-06-28 11:48:45,53,leitura,,,,
TQ-MIX-LT,85.5776,%,ALARME,2026-06-28 11:48:45,53,leitura,,,,
TQ-MIX-PT,2.71155,BAR,OK,2026-06-28 11:48:45,53,leitura,,,,
RES-Q-TT,73.9871,C,OK,2026-06-28 11:48:45,53,leitura,,,,
RES-F-TT,16.3447,C,OK,2026-06-28 11:48:45,53,leitura,,,,
,28.0,,,2026-06-28 11:48:45,53,atuador,BOMBA-Q,PRINCIPAL,,
,28.0,,,2026-06-28 11:48:45,53,atuador,BOMBA-F,PRINCIPAL,,
,,,,2026-06-28 11:48:45,53,alarme,,,NIVEL_ALTO,media
TQ-MIX-TT,74.1404,C,ALARME,2026-06-28 11:48:50,54,leitura,,,,
TQ-MIX-LT,85.4336,%,ALARME,2026-06-28 11:48:50,54,leitura,,,,
TQ-MIX-PT,2.70867,BAR,OK,2026-06-28 11:48:50,54,leitura,,,,
RES-Q-TT,74.1404,C,OK,2026-06-28 11:48:50,54,leitura,,,,
RES-F-TT,16.5868,C,OK,2026-06-28 11:48:50,54,leitura,,,,
,28.0,,,2026-06-28 11:48:50,54,atuador,BOMBA-Q,PRINCIPAL,,
,28.0,,,2026-06-28 11:48:50,54,atuador,BOMBA-F,PRINCIPAL,,
,,,,2026-06-28 11:48:50,54,alarme,,,NIVEL_ALTO,media
TQ-MIX-TT,16.8382,C,ALARME,2026-06-28 11:48:55,55,leitura,,,,
TQ-MIX-LT,85.2896,%,ALARME,2026-06-28 11:48:55,55,leitura,,,,
TQ-MIX-PT,2.70579,BAR,OK,2026-06-28 11:48:55,55,leitura,,,,
RES-Q-TT,74.2114,C,OK,2026-06-28 11:48:55,55,leitura,,,,
RES-F-TT,16.8382,C,OK,2026-06-28 11:48:55,55,leitura,,,,
,28.0,,,2026-06-28 11:48:55,55,atuador,BOMBA-Q,PRINCIPAL,,
,28.0,,,2026-06-28 11:48:55,55,atuador,BOMBA-F,PRINCIPAL,,
,,,,2026-06-28 11:48:55,55,alarme,,,NIVEL_ALTO,media
TQ-MIX-TT,74.0862,C,ALARME,2026-06-28 11:48:58,56,leitura,,,,
TQ-MIX-LT,85.1456,%,ALARME,2026-06-28 11:48:58,56,leitura,,,,
TQ-MIX-PT,2.70291,BAR,OK,2026-06-28 11:48:58,56,leitura,,,,
RES-Q-TT,74.0862,C,OK,2026-06-28 11:48:58,56,leitura,,,,
RES-F-TT,16.9861,C,OK,2026-06-28 11:48:58,56,leitura,,,,
,28.0,,,2026-06-28 11:48:58,56,atuador,BOMBA-Q,PRINCIPAL,,
,28.0,,,2026-06-28 11:48:58,56,atuador,BOMBA-F,PRINCIPAL,,
,,,,2026-06-28 11:48:58,56,alarme,,,NIVEL_ALTO,media
TQ-MIX-TT,17.0762,C,ALARME,2026-06-28 11:49:03,57,leitura,,,,
TQ-MIX-LT,85.0016,%,ALARME,2026-06-28 11:49:03,57,leitura,,,,
TQ-MIX-PT,2.70003,BAR,OK,2026-06-28 11:49:03,57,leitura,,,,
RES-Q-TT,74.1917,C,OK,2026-06-28 11:49:03,57,leitura,,,,
RES-F-TT,17.0762,C,OK,2026-06-28 11:49:03,57,leitura,,,,
,28.0,,,2026-06-28 11:49:03,57,atuador,BOMBA-Q,PRINCIPAL,,
,28.0,,,2026-06-28 11:49:03,57,atuador,BOMBA-F,PRINCIPAL,,
,,,,2026-06-28 11:49:03,57,alarme,,,NIVEL_ALTO,media
TQ-MIX-TT,74.3796,C,ALARME,2026-06-28 11:49:09,58,leitura,,,,
TQ-MIX-LT,84.8576,%,ALARME,2026-06-28 11:49:09,58,leitura,,,,
TQ-MIX-PT,2.69715,BAR,OK,2026-06-28 11:49:09,58,leitura,,,,
RES-Q-TT,74.3796,C,OK,2026-06-28 11:49:09,58,leitura,,,,
RES-F-TT,16.8879,C,OK,2026-06-28 11:49:09,58,leitura,,,,
,28.0,,,2026-06-28 11:49:09,58,atuador,BOMBA-Q,PRINCIPAL,,
,28.0,,,2026-06-28 11:49:09,58,atuador,BOMBA-F,PRINCIPAL,,
,,,,2026-06-28 11:49:09,58,alarme,,,NIVEL_ALTO,media
TQ-MIX-TT,17.063,C,ALARME,2026-06-28 11:49:14,59,leitura,,,,
TQ-MIX-LT,84.7136,%,ALARME,2026-06-28 11:49:14,59,leitura,,,,
TQ-MIX-PT,2.69427,BAR,OK,2026-06-28 11:49:14,59,leitura,,,,
RES-Q-TT,74.1983,C,OK,2026-06-28 11:49:14,59,leitura,,,,
RES-F-TT,17.063,C,OK,2026-06-28 11:49:14,59,leitura,,,,
,28.0,,,2026-06-28 11:49:14,59,atuador,BOMBA-Q,PRINCIPAL,,
,28.0,,,2026-06-28 11:49:14,59,atuador,BOMBA-F,PRINCIPAL,,
,,,,2026-06-28 11:49:14,59,alarme,,,NIVEL_ALTO,media
TQ-MIX-TT,74.0009,C,ALARME,2026-06-28 11:49:19,60,leitura,,,,
TQ-MIX-LT,84.5696,%,ALARME,2026-06-28 11:49:19,60,leitura,,,,
TQ-MIX-PT,2.69139,BAR,OK,2026-06-28 11:49:19,60,leitura,,,,
RES-Q-TT,74.0009,C,OK,2026-06-28 11:49:19,60,leitura,,,,
RES-F-TT,16.7729,C,OK,2026-06-28 11:49:19,60,leitura,,,,
,28.0,,,2026-06-28 11:49:19,60,atuador,BOMBA-Q,PRINCIPAL,,
,28.0,,,2026-06-28 11:49:19,60,atuador,BOMBA-F,PRINCIPAL,,
,,,,2026-06-28 11:49:19,60,alarme,,,NIVEL_ALTO,media
TQ-MIX-TT,16.8904,C,ALARME,2026-06-28 11:49:24,61,leitura,,,,
TQ-MIX-LT,84.4256,%,ALARME,2026-06-28 11:49:24,61,leitura,,,,
TQ-MIX-PT,2.68851,BAR,OK,2026-06-28 11:49:24,61,leitura,,,,
RES-Q-TT,73.9165,C,OK,2026-06-28 11:49:24,61,leitura,,,,
RES-F-TT,16.8904,C,OK,2026-06-28 11:49:24,61,leitura,,,,
,28.0,,,2026-06-28 11:49:24,61,atuador,BOMBA-Q,PRINCIPAL,,
,28.0,,,2026-06-28 11:49:24,61,atuador,BOMBA-F,PRINCIPAL,,
,,,,2026-06-28 11:49:24,61,alarme,,,NIVEL_ALTO,media
TQ-MIX-TT,73.9179,C,ALARME,2026-06-28 11:49:29,62,leitura,,,,
TQ-MIX-LT,84.2816,%,ALARME,2026-06-28 11:49:29,62,leitura,,,,
TQ-MIX-PT,2.68563,BAR,OK,2026-06-28 11:49:29,62,leitura,,,,
RES-Q-TT,73.9179,C,OK,2026-06-28 11:49:29,62,leitura,,,,
RES-F-TT,16.9115,C,OK,2026-06-28 11:49:29,62,leitura,,,,
,28.0,,,2026-06-28 11:49:29,62,atuador,BOMBA-Q,PRINCIPAL,,
,28.0,,,2026-06-28 11:49:29,62,atuador,BOMBA-F,PRINCIPAL,,
,,,,2026-06-28 11:49:29,62,alarme,,,NIVEL_ALTO,media
TQ-MIX-TT,17.1323,C,ALARME,2026-06-28 11:49:32,63,leitura,,,,
TQ-MIX-LT,84.1376,%,ALARME,2026-06-28 11:49:32,63,leitura,,,,
TQ-MIX-PT,2.68275,BAR,OK,2026-06-28 11:49:33,63,leitura,,,,
RES-Q-TT,73.9811,C,OK,2026-06-28 11:49:33,63,leitura,,,,
RES-F-TT,17.1323,C,OK,2026-06-28 11:49:33,63,leitura,,,,
,28.0,,,2026-06-28 11:49:33,63,atuador,BOMBA-Q,PRINCIPAL,,
,28.0,,,2026-06-28 11:49:33,63,atuador,BOMBA-F,PRINCIPAL,,
,,,,2026-06-28 11:49:33,63,alarme,,,NIVEL_ALTO,media
TQ-MIX-TT,74.0267,C,ALARME,2026-06-28 11:49:38,64,leitura,,,,
TQ-MIX-LT,83.9936,%,ALARME,2026-06-28 11:49:38,64,leitura,,,,
TQ-MIX-PT,2.67987,BAR,OK,2026-06-28 11:49:38,64,leitura,,,,
RES-Q-TT,74.0267,C,OK,2026-06-28 11:49:38,64,leitura,,,,
RES-F-TT,17.3181,C,OK,2026-06-28 11:49:38,64,leitura,,,,
,28.0,,,2026-06-28 11:49:38,64,atuador,BOMBA-Q,PRINCIPAL,,
,28.0,,,2026-06-28 11:49:38,64,atuador,BOMBA-F,PRINCIPAL,,
,,,,2026-06-28 11:49:38,64,alarme,,,NIVEL_ALTO,media
TQ-MIX-TT,17.242,C,ALARME,2026-06-28 11:49:43,65,leitura,,,,
TQ-MIX-LT,83.8496,%,ALARME,2026-06-28 11:49:43,65,leitura,,,,
TQ-MIX-PT,2.67699,BAR,OK,2026-06-28 11:49:43,65,leitura,,,,
RES-Q-TT,73.9359,C,OK,2026-06-28 11:49:43,65,leitura,,,,
RES-F-TT,17.242,C,OK,2026-06-28 11:49:43,65,leitura,,,,
,28.0,,,2026-06-28 11:49:43,65,atuador,BOMBA-Q,PRINCIPAL,,
,28.0,,,2026-06-28 11:49:43,65,atuador,BOMBA-F,PRINCIPAL,,
,,,,2026-06-28 11:49:43,65,alarme,,,NIVEL_ALTO,media
TQ-MIX-TT,73.9023,C,ALARME,2026-06-28 11:49:48,66,leitura,,,,
TQ-MIX-LT,83.7056,%,ALARME,2026-06-28 11:49:48,66,leitura,,,,
TQ-MIX-PT,2.67411,BAR,OK,2026-06-28 11:49:48,66,leitura,,,,
RES-Q-TT,73.9023,C,OK,2026-06-28 11:49:48,66,leitura,,,,
RES-F-TT,17.0076,C,OK,2026-06-28 11:49:48,66,leitura,,,,
,28.0,,,2026-06-28 11:49:48,66,atuador,BOMBA-Q,PRINCIPAL,,
,28.0,,,2026-06-28 11:49:48,66,atuador,BOMBA-F,PRINCIPAL,,
,,,,2026-06-28 11:49:48,66,alarme,,,NIVEL_ALTO,media
TQ-MIX-TT,17.1907,C,ALARME,2026-06-28 11:49:53,67,leitura,,,,
TQ-MIX-LT,83.5616,%,ALARME,2026-06-28 11:49:53,67,leitura,,,,
TQ-MIX-PT,2.67123,BAR,OK,2026-06-28 11:49:53,67,leitura,,,,
RES-Q-TT,74.1664,C,OK,2026-06-28 11:49:53,67,leitura,,,,
RES-F-TT,17.1907,C,OK,2026-06-28 11:49:53,67,leitura,,,,
,28.0,,,2026-06-28 11:49:53,67,atuador,BOMBA-Q,PRINCIPAL,,
,28.0,,,2026-06-28 11:49:53,67,atuador,BOMBA-F,PRINCIPAL,,
,,,,2026-06-28 11:49:53,67,alarme,,,NIVEL_ALTO,media
TQ-MIX-TT,74.0159,C,ALARME,2026-06-28 11:49:58,68,leitura,,,,
TQ-MIX-LT,83.4176,%,ALARME,2026-06-28 11:49:58,68,leitura,,,,
TQ-MIX-PT,2.66835,BAR,OK,2026-06-28 11:49:58,68,leitura,,,,
RES-Q-TT,74.0159,C,OK,2026-06-28 11:49:58,68,leitura,,,,
RES-F-TT,17.1658,C,OK,2026-06-28 11:49:58,68,leitura,,,,
,28.0,,,2026-06-28 11:49:58,68,atuador,BOMBA-Q,PRINCIPAL,,
,28.0,,,2026-06-28 11:49:58,68,atuador,BOMBA-F,PRINCIPAL,,
,,,,2026-06-28 11:49:58,68,alarme,,,NIVEL_ALTO,media
TQ-MIX-TT,17.113,C,ALARME,2026-06-28 11:50:02,69,leitura,,,,
TQ-MIX-LT,83.2736,%,ALARME,2026-06-28 11:50:02,69,leitura,,,,
TQ-MIX-PT,2.66547,BAR,OK,2026-06-28 11:50:02,69,leitura,,,,
RES-Q-TT,73.7395,C,OK,2026-06-28 11:50:02,69,leitura,,,,
RES-F-TT,17.113,C,OK,2026-06-28 11:50:02,69,leitura,,,,
,28.0,,,2026-06-28 11:50:02,69,atuador,BOMBA-Q,PRINCIPAL,,
,28.0,,,2026-06-28 11:50:02,69,atuador,BOMBA-F,PRINCIPAL,,
,,,,2026-06-28 11:50:02,69,alarme,,,NIVEL_ALTO,media
TQ-MIX-TT,73.6018,C,ALARME,2026-06-28 11:50:07,70,leitura,,,,
TQ-MIX-LT,83.1296,%,ALARME,2026-06-28 11:50:07,70,leitura,,,,
TQ-MIX-PT,2.66259,BAR,OK,2026-06-28 11:50:07,70,leitura,,,,
RES-Q-TT,73.6018,C,OK,2026-06-28 11:50:07,70,leitura,,,,
RES-F-TT,16.8911,C,OK,2026-06-28 11:50:07,70,leitura,,,,
,28.0,,,2026-06-28 11:50:07,70,atuador,BOMBA-Q,PRINCIPAL,,
,28.0,,,2026-06-28 11:50:07,70,atuador,BOMBA-F,PRINCIPAL,,
,,,,2026-06-28 11:50:07,70,alarme,,,NIVEL_ALTO,media
TQ-MIX-TT,17.1703,C,ALARME,2026-06-28 11:50:12,71,leitura,,,,
TQ-MIX-LT,82.9856,%,ALARME,2026-06-28 11:50:12,71,leitura,,,,
TQ-MIX-PT,2.65971,BAR,OK,2026-06-28 11:50:12,71,leitura,,,,
RES-Q-TT,73.8471,C,OK,2026-06-28 11:50:12,71,leitura,,,,
RES-F-TT,17.1703,C,OK,2026-06-28 11:50:12,71,leitura,,,,
,28.0,,,2026-06-28 11:50:12,71,atuador,BOMBA-Q,PRINCIPAL,,
,28.0,,,2026-06-28 11:50:12,71,atuador,BOMBA-F,PRINCIPAL,,
,,,,2026-06-28 11:50:12,71,alarme,,,NIVEL_ALTO,media
TQ-MIX-TT,73.7263,C,ALARME,2026-06-28 11:50:17,72,leitura,,,,
TQ-MIX-LT,82.8416,%,ALARME,2026-06-28 11:50:17,72,leitura,,,,
TQ-MIX-PT,2.6568300000000002,BAR,OK,2026-06-28 11:50:17,72,leitura,,,,
RES-Q-TT,73.7263,C,OK,2026-06-28 11:50:17,72,leitura,,,,
RES-F-TT,17.0365,C,OK,2026-06-28 11:50:17,72,leitura,,,,
,28.0,,,2026-06-28 11:50:17,72,atuador,BOMBA-Q,PRINCIPAL,,
,28.0,,,2026-06-28 11:50:17,72,atuador,BOMBA-F,PRINCIPAL,,
,,,,2026-06-28 11:50:17,72,alarme,,,NIVEL_ALTO,media
TQ-MIX-TT,16.8058,C,ALARME,2026-06-28 11:50:22,73,leitura,,,,
TQ-MIX-LT,82.6976,%,ALARME,2026-06-28 11:50:22,73,leitura,,,,
TQ-MIX-PT,2.65395,BAR,OK,2026-06-28 11:50:22,73,leitura,,,,
RES-Q-TT,73.5921,C,OK,2026-06-28 11:50:22,73,leitura,,,,
RES-F-TT,16.8058,C,OK,2026-06-28 11:50:22,73,leitura,,,,
,28.0,,,2026-06-28 11:50:22,73,atuador,BOMBA-Q,PRINCIPAL,,
,28.0,,,2026-06-28 11:50:22,73,atuador,BOMBA-F,PRINCIPAL,,
,,,,2026-06-28 11:50:22,73,alarme,,,NIVEL_ALTO,media
TQ-MIX-TT,73.3106,C,ALARME,2026-06-28 11:50:27,74,leitura,,,,
TQ-MIX-LT,82.5536,%,ALARME,2026-06-28 11:50:27,74,leitura,,,,
TQ-MIX-PT,2.65107,BAR,OK,2026-06-28 11:50:27,74,leitura,,,,
RES-Q-TT,73.3106,C,OK,2026-06-28 11:50:27,74,leitura,,,,
RES-F-TT,17.0239,C,OK,2026-06-28 11:50:27,74,leitura,,,,
,28.0,,,2026-06-28 11:50:27,74,atuador,BOMBA-Q,PRINCIPAL,,
,28.0,,,2026-06-28 11:50:27,74,atuador,BOMBA-F,PRINCIPAL,,
,,,,2026-06-28 11:50:27,74,alarme,,,NIVEL_ALTO,media
TQ-MIX-TT,16.7933,C,OK,2026-06-28 11:50:32,75,leitura,,,,
TQ-MIX-LT,82.4096,%,OK,2026-06-28 11:50:32,75,leitura,,,,
TQ-MIX-PT,2.64819,BAR,OK,2026-06-28 11:50:32,75,leitura,,,,
RES-Q-TT,73.2662,C,OK,2026-06-28 11:50:32,75,leitura,,,,
RES-F-TT,16.7933,C,OK,2026-06-28 11:50:32,75,leitura,,,,
,28.0,,,2026-06-28 11:50:32,75,atuador,BOMBA-Q,PRINCIPAL,,
,28.0,,,2026-06-28 11:50:32,75,atuador,BOMBA-F,PRINCIPAL,,
TQ-MIX-TT,73.5019,C,OK,2026-06-28 11:50:36,76,leitura,,,,
TQ-MIX-LT,82.2656,%,OK,2026-06-28 11:50:36,76,leitura,,,,
TQ-MIX-PT,2.6453100000000003,BAR,OK,2026-06-28 11:50:36,76,leitura,,,,
RES-Q-TT,73.5019,C,OK,2026-06-28 11:50:36,76,leitura,,,,
RES-F-TT,16.6122,C,OK,2026-06-28 11:50:36,76,leitura,,,,
,28.0,,,2026-06-28 11:50:36,76,atuador,BOMBA-Q,PRINCIPAL,,
,28.0,,,2026-06-28 11:50:36,76,atuador,BOMBA-F,PRINCIPAL,,
TQ-MIX-TT,36.4018,C,OK,2026-06-28 11:50:41,77,leitura,,,,
TQ-MIX-LT,82.3856,%,OK,2026-06-28 11:50:41,77,leitura,,,,
TQ-MIX-PT,2.64771,BAR,OK,2026-06-28 11:50:41,77,leitura,,,,
RES-Q-TT,73.5388,C,OK,2026-06-28 11:50:41,77,leitura,,,,
RES-F-TT,16.405,C,OK,2026-06-28 11:50:41,77,leitura,,,,
,28.0,,,2026-06-28 11:50:41,77,atuador,BOMBA-Q,PRINCIPAL,,
,8.0,,,2026-06-28 11:50:41,77,atuador,BOMBA-F,PRINCIPAL,,
TQ-MIX-TT,56.3246,C,ALARME,2026-06-28 11:50:46,78,leitura,,,,
TQ-MIX-LT,82.8256,%,ALARME,2026-06-28 11:50:46,78,leitura,,,,
TQ-MIX-PT,2.65651,BAR,OK,2026-06-28 11:50:46,78,leitura,,,,
RES-Q-TT,73.4927,C,OK,2026-06-28 11:50:46,78,leitura,,,,
RES-F-TT,16.2655,C,OK,2026-06-28 11:50:46,78,leitura,,,,
,28.0,,,2026-06-28 11:50:46,78,atuador,BOMBA-Q,PRINCIPAL,,
,28.0,,,2026-06-28 11:50:46,78,atuador,BOMBA-F,PRINCIPAL,,
,,,,2026-06-28 11:50:46,78,alarme,,,NIVEL_ALTO,media
TQ-MIX-TT,35.5801,C,ALARME,2026-06-28 11:50:51,79,leitura,,,,
TQ-MIX-LT,83.6336,%,ALARME,2026-06-28 11:50:51,79,leitura,,,,
TQ-MIX-PT,2.67267,BAR,OK,2026-06-28 11:50:51,79,leitura,,,,
RES-Q-TT,73.7565,C,OK,2026-06-28 11:50:51,79,leitura,,,,
RES-F-TT,16.4919,C,OK,2026-06-28 11:50:51,79,leitura,,,,
,28.0,,,2026-06-28 11:50:51,79,atuador,BOMBA-Q,PRINCIPAL,,
,28.0,,,2026-06-28 11:50:51,79,atuador,BOMBA-F,PRINCIPAL,,
,,,,2026-06-28 11:50:51,79,alarme,,,NIVEL_ALTO,media
TQ-MIX-TT,37.9538,C,ALARME,2026-06-28 11:50:56,80,leitura,,,,
TQ-MIX-LT,84.3296,%,ALARME,2026-06-28 11:50:56,80,leitura,,,,
TQ-MIX-PT,2.68659,BAR,OK,2026-06-28 11:50:56,80,leitura,,,,
RES-Q-TT,73.492,C,OK,2026-06-28 11:50:56,80,leitura,,,,
RES-F-TT,16.6309,C,OK,2026-06-28 11:50:56,80,leitura,,,,
,28.0,,,2026-06-28 11:50:56,80,atuador,BOMBA-Q,PRINCIPAL,,
,28.0,,,2026-06-28 11:50:56,80,atuador,BOMBA-F,PRINCIPAL,,
,,,,2026-06-28 11:50:56,80,alarme,,,NIVEL_ALTO,media
TQ-MIX-TT,36.9823,C,ALARME,2026-06-28 11:51:01,81,leitura,,,,
TQ-MIX-LT,84.9136,%,ALARME,2026-06-28 11:51:01,81,leitura,,,,
TQ-MIX-PT,2.69827,BAR,OK,2026-06-28 11:51:01,81,leitura,,,,
RES-Q-TT,73.2021,C,OK,2026-06-28 11:51:01,81,leitura,,,,
RES-F-TT,16.8601,C,OK,2026-06-28 11:51:01,81,leitura,,,,
,28.0,,,2026-06-28 11:51:01,81,atuador,BOMBA-Q,PRINCIPAL,,
,28.0,,,2026-06-28 11:51:01,81,atuador,BOMBA-F,PRINCIPAL,,
,,,,2026-06-28 11:51:01,81,alarme,,,NIVEL_ALTO,media
TQ-MIX-TT,35.5186,C,ALARME,2026-06-28 11:51:05,82,leitura,,,,
TQ-MIX-LT,85.3856,%,ALARME,2026-06-28 11:51:05,82,leitura,,,,
TQ-MIX-PT,2.70771,BAR,OK,2026-06-28 11:51:05,82,leitura,,,,
RES-Q-TT,72.9656,C,OK,2026-06-28 11:51:05,82,leitura,,,,
RES-F-TT,16.7951,C,OK,2026-06-28 11:51:05,82,leitura,,,,
,28.0,,,2026-06-28 11:51:05,82,atuador,BOMBA-Q,PRINCIPAL,,
,28.0,,,2026-06-28 11:51:05,82,atuador,BOMBA-F,PRINCIPAL,,
,,,,2026-06-28 11:51:05,82,alarme,,,NIVEL_ALTO,media
TQ-MIX-TT,39.2538,C,ALARME,2026-06-28 11:51:10,83,leitura,,,,
TQ-MIX-LT,85.7456,%,ALARME,2026-06-28 11:51:10,83,leitura,,,,
TQ-MIX-PT,2.71491,BAR,OK,2026-06-28 11:51:10,83,leitura,,,,
RES-Q-TT,72.7075,C,OK,2026-06-28 11:51:10,83,leitura,,,,
RES-F-TT,16.9513,C,OK,2026-06-28 11:51:10,83,leitura,,,,
,28.0,,,2026-06-28 11:51:10,83,atuador,BOMBA-Q,PRINCIPAL,,
,28.0,,,2026-06-28 11:51:10,83,atuador,BOMBA-F,PRINCIPAL,,
,,,,2026-06-28 11:51:10,83,alarme,,,NIVEL_ALTO,media
TQ-MIX-TT,30.7816,C,ALARME,2026-06-28 11:51:15,84,leitura,,,,
TQ-MIX-LT,85.9936,%,ALARME,2026-06-28 11:51:15,84,leitura,,,,
TQ-MIX-PT,2.7198700000000002,BAR,OK,2026-06-28 11:51:15,84,leitura,,,,
RES-Q-TT,72.538,C,OK,2026-06-28 11:51:15,84,leitura,,,,
RES-F-TT,16.8628,C,OK,2026-06-28 11:51:15,84,leitura,,,,
,28.0,,,2026-06-28 11:51:15,84,atuador,BOMBA-Q,PRINCIPAL,,
,28.0,,,2026-06-28 11:51:15,84,atuador,BOMBA-F,PRINCIPAL,,
,,,,2026-06-28 11:51:15,84,alarme,,,NIVEL_ALTO,media
TQ-MIX-TT,35.5333,C,ALARME,2026-06-28 11:51:20,85,leitura,,,,
TQ-MIX-LT,86.1296,%,ALARME,2026-06-28 11:51:20,85,leitura,,,,
TQ-MIX-PT,2.7225900000000003,BAR,OK,2026-06-28 11:51:20,85,leitura,,,,
RES-Q-TT,72.8079,C,OK,2026-06-28 11:51:20,85,leitura,,,,
RES-F-TT,16.896,C,OK,2026-06-28 11:51:20,85,leitura,,,,
,28.0,,,2026-06-28 11:51:20,85,atuador,BOMBA-Q,PRINCIPAL,,
,28.0,,,2026-06-28 11:51:20,85,atuador,BOMBA-F,PRINCIPAL,,
,,,,2026-06-28 11:51:20,85,alarme,,,NIVEL_ALTO,media
TQ-MIX-TT,44.7577,C,ALARME,2026-06-28 11:51:25,86,leitura,,,,
TQ-MIX-LT,86.1536,%,ALARME,2026-06-28 11:51:25,86,leitura,,,,
TQ-MIX-PT,2.72307,BAR,OK,2026-06-28 11:51:25,86,leitura,,,,
RES-Q-TT,72.7334,C,OK,2026-06-28 11:51:25,86,leitura,,,,
RES-F-TT,16.7821,C,OK,2026-06-28 11:51:25,86,leitura,,,,
,28.0,,,2026-06-28 11:51:25,86,atuador,BOMBA-Q,PRINCIPAL,,
,28.0,,,2026-06-28 11:51:25,86,atuador,BOMBA-F,PRINCIPAL,,
,,,,2026-06-28 11:51:25,86,alarme,,,NIVEL_ALTO,media
TQ-MIX-TT,16.8339,C,ALARME,2026-06-28 11:51:30,87,leitura,,,,
TQ-MIX-LT,86.0656,%,ALARME,2026-06-28 11:51:30,87,leitura,,,,
TQ-MIX-PT,2.72131,BAR,OK,2026-06-28 11:51:30,87,leitura,,,,
RES-Q-TT,72.6606,C,OK,2026-06-28 11:51:30,87,leitura,,,,
RES-F-TT,16.8339,C,OK,2026-06-28 11:51:30,87,leitura,,,,
,28.0,,,2026-06-28 11:51:30,87,atuador,BOMBA-Q,PRINCIPAL,,
,28.0,,,2026-06-28 11:51:30,87,atuador,BOMBA-F,PRINCIPAL,,
,,,,2026-06-28 11:51:30,87,alarme,,,NIVEL_ALTO,media
TQ-MIX-TT,72.9516,C,ALARME,2026-06-28 11:51:34,88,leitura,,,,
TQ-MIX-LT,85.9216,%,ALARME,2026-06-28 11:51:34,88,leitura,,,,
TQ-MIX-PT,2.71843,BAR,OK,2026-06-28 11:51:34,88,leitura,,,,
RES-Q-TT,72.9516,C,OK,2026-06-28 11:51:34,88,leitura,,,,
RES-F-TT,16.8862,C,OK,2026-06-28 11:51:34,88,leitura,,,,
,28.0,,,2026-06-28 11:51:34,88,atuador,BOMBA-Q,PRINCIPAL,,
,28.0,,,2026-06-28 11:51:34,88,atuador,BOMBA-F,PRINCIPAL,,
,,,,2026-06-28 11:51:34,88,alarme,,,NIVEL_ALTO,media
TQ-MIX-TT,17.1155,C,ALARME,2026-06-28 11:51:39,89,leitura,,,,
TQ-MIX-LT,85.7776,%,ALARME,2026-06-28 11:51:39,89,leitura,,,,
TQ-MIX-PT,2.71555,BAR,OK,2026-06-28 11:51:39,89,leitura,,,,
RES-Q-TT,73.0626,C,OK,2026-06-28 11:51:39,89,leitura,,,,
RES-F-TT,17.1155,C,OK,2026-06-28 11:51:39,89,leitura,,,,
,28.0,,,2026-06-28 11:51:39,89,atuador,BOMBA-Q,PRINCIPAL,,
,28.0,,,2026-06-28 11:51:39,89,atuador,BOMBA-F,PRINCIPAL,,
,,,,2026-06-28 11:51:39,89,alarme,,,NIVEL_ALTO,media
TQ-MIX-TT,73.2725,C,ALARME,2026-06-28 11:51:44,90,leitura,,,,
TQ-MIX-LT,85.6336,%,ALARME,2026-06-28 11:51:44,90,leitura,,,,
TQ-MIX-PT,2.71267,BAR,OK,2026-06-28 11:51:44,90,leitura,,,,
RES-Q-TT,73.2725,C,OK,2026-06-28 11:51:44,90,leitura,,,,
RES-F-TT,16.8656,C,OK,2026-06-28 11:51:44,90,leitura,,,,
,28.0,,,2026-06-28 11:51:44,90,atuador,BOMBA-Q,PRINCIPAL,,
,28.0,,,2026-06-28 11:51:44,90,atuador,BOMBA-F,PRINCIPAL,,
,,,,2026-06-28 11:51:44,90,alarme,,,NIVEL_ALTO,media
TQ-MIX-TT,16.9948,C,ALARME,2026-06-28 11:51:49,91,leitura,,,,
TQ-MIX-LT,85.4896,%,ALARME,2026-06-28 11:51:49,91,leitura,,,,
TQ-MIX-PT,2.70979,BAR,OK,2026-06-28 11:51:49,91,leitura,,,,
RES-Q-TT,73.5404,C,OK,2026-06-28 11:51:49,91,leitura,,,,
RES-F-TT,16.9948,C,OK,2026-06-28 11:51:49,91,leitura,,,,
,28.0,,,2026-06-28 11:51:49,91,atuador,BOMBA-Q,PRINCIPAL,,
,28.0,,,2026-06-28 11:51:49,91,atuador,BOMBA-F,PRINCIPAL,,
,,,,2026-06-28 11:51:49,91,alarme,,,NIVEL_ALTO,media
TQ-MIX-TT,73.3333,C,ALARME,2026-06-28 11:51:55,92,leitura,,,,
TQ-MIX-LT,85.3456,%,ALARME,2026-06-28 11:51:55,92,leitura,,,,
TQ-MIX-PT,2.70691,BAR,OK,2026-06-28 11:51:55,92,leitura,,,,
RES-Q-TT,73.3333,C,OK,2026-06-28 11:51:55,92,leitura,,,,
RES-F-TT,16.8995,C,OK,2026-06-28 11:51:55,92,leitura,,,,
,28.0,,,2026-06-28 11:51:55,92,atuador,BOMBA-Q,PRINCIPAL,,
,28.0,,,2026-06-28 11:51:55,92,atuador,BOMBA-F,PRINCIPAL,,
,,,,2026-06-28 11:51:55,92,alarme,,,NIVEL_ALTO,media
TQ-MIX-TT,16.6689,C,ALARME,2026-06-28 11:52:00,93,leitura,,,,
TQ-MIX-LT,85.2016,%,ALARME,2026-06-28 11:52:00,93,leitura,,,,
TQ-MIX-PT,2.70403,BAR,OK,2026-06-28 11:52:00,93,leitura,,,,
RES-Q-TT,73.2973,C,OK,2026-06-28 11:52:00,93,leitura,,,,
RES-F-TT,16.6689,C,OK,2026-06-28 11:52:00,93,leitura,,,,
,28.0,,,2026-06-28 11:52:00,93,atuador,BOMBA-Q,PRINCIPAL,,
,28.0,,,2026-06-28 11:52:00,93,atuador,BOMBA-F,PRINCIPAL,,
,,,,2026-06-28 11:52:00,93,alarme,,,NIVEL_ALTO,media
TQ-MIX-TT,73.4256,C,ALARME,2026-06-28 11:52:05,94,leitura,,,,
TQ-MIX-LT,85.0576,%,ALARME,2026-06-28 11:52:05,94,leitura,,,,
TQ-MIX-PT,2.70115,BAR,OK,2026-06-28 11:52:05,94,leitura,,,,
RES-Q-TT,73.4256,C,OK,2026-06-28 11:52:05,94,leitura,,,,
RES-F-TT,16.8816,C,OK,2026-06-28 11:52:05,94,leitura,,,,
,28.0,,,2026-06-28 11:52:05,94,atuador,BOMBA-Q,PRINCIPAL,,
,28.0,,,2026-06-28 11:52:05,94,atuador,BOMBA-F,PRINCIPAL,,
,,,,2026-06-28 11:52:05,94,alarme,,,NIVEL_ALTO,media
TQ-MIX-TT,16.6102,C,ALARME,2026-06-28 11:52:09,95,leitura,,,,
TQ-MIX-LT,84.9136,%,ALARME,2026-06-28 11:52:09,95,leitura,,,,
TQ-MIX-PT,2.69827,BAR,OK,2026-06-28 11:52:09,95,leitura,,,,
RES-Q-TT,73.3697,C,OK,2026-06-28 11:52:09,95,leitura,,,,
RES-F-TT,16.6102,C,OK,2026-06-28 11:52:09,95,leitura,,,,
,28.0,,,2026-06-28 11:52:09,95,atuador,BOMBA-Q,PRINCIPAL,,
,28.0,,,2026-06-28 11:52:09,95,atuador,BOMBA-F,PRINCIPAL,,
,,,,2026-06-28 11:52:09,95,alarme,,,NIVEL_ALTO,media
TQ-MIX-TT,25.0469,C,OK,2026-06-28 23:27:46,1,leitura,,,,
TQ-MIX-LT,50.12,%,OK,2026-06-28 23:27:46,1,leitura,,,,
TQ-MIX-PT,2.0024,BAR,OK,2026-06-28 23:27:46,1,leitura,,,,
RES-Q-TT,70.8637,C,OK,2026-06-28 23:27:46,1,leitura,,,,
RES-F-TT,18.7992,C,OK,2026-06-28 23:27:46,1,leitura,,,,
,8.0,,,2026-06-28 23:27:46,1,atuador,BOMBA-Q,PRINCIPAL,,
,8.0,,,2026-06-28 23:27:46,1,atuador,BOMBA-F,PRINCIPAL,,
TQ-MIX-TT,36.908500000000004,C,OK,2026-06-28 23:27:48,2,leitura,,,,
TQ-MIX-LT,50.24,%,OK,2026-06-28 23:27:48,2,leitura,,,,
TQ-MIX-PT,2.0048,BAR,OK,2026-06-28 23:27:48,2,leitura,,,,
RES-Q-TT,71.8895,C,OK,2026-06-28 23:27:48,2,leitura,,,,
RES-F-TT,18.0726,C,OK,2026-06-28 23:27:48,2,leitura,,,,
,8.0,,,2026-06-28 23:27:48,2,atuador,BOMBA-Q,PRINCIPAL,,
,8.0,,,2026-06-28 23:27:48,2,atuador,BOMBA-F,PRINCIPAL,,
TQ-MIX-TT,36.6653,C,OK,2026-06-28 23:27:53,3,leitura,,,,
TQ-MIX-LT,50.36,%,OK,2026-06-28 23:27:53,3,leitura,,,,
TQ-MIX-PT,2.0072,BAR,OK,2026-06-28 23:27:53,3,leitura,,,,
RES-Q-TT,73.1518,C,OK,2026-06-28 23:27:53,3,leitura,,,,
RES-F-TT,17.0187,C,OK,2026-06-28 23:27:53,3,leitura,,,,
,8.0,,,2026-06-28 23:27:53,3,atuador,BOMBA-Q,PRINCIPAL,,
,8.0,,,2026-06-28 23:27:53,3,atuador,BOMBA-F,PRINCIPAL,,
TQ-MIX-TT,36.5835,C,OK,2026-06-28 23:27:58,4,leitura,,,,
TQ-MIX-LT,50.48,%,OK,2026-06-28 23:27:58,4,leitura,,,,
TQ-MIX-PT,2.0096,BAR,OK,2026-06-28 23:27:58,4,leitura,,,,
RES-Q-TT,73.9975,C,OK,2026-06-28 23:27:58,4,leitura,,,,
RES-F-TT,16.4376,C,OK,2026-06-28 23:27:58,4,leitura,,,,
,8.0,,,2026-06-28 23:27:58,4,atuador,BOMBA-Q,PRINCIPAL,,
,8.0,,,2026-06-28 23:27:58,4,atuador,BOMBA-F,PRINCIPAL,,
TQ-MIX-TT,36.3199,C,OK,2026-06-28 23:28:03,5,leitura,,,,
TQ-MIX-LT,50.6,%,OK,2026-06-28 23:28:03,5,leitura,,,,
TQ-MIX-PT,2.012,BAR,OK,2026-06-28 23:28:03,5,leitura,,,,
RES-Q-TT,74.3126,C,OK,2026-06-28 23:28:03,5,leitura,,,,
RES-F-TT,15.8623,C,OK,2026-06-28 23:28:03,5,leitura,,,,
,28.0,,,2026-06-28 23:28:03,5,atuador,BOMBA-Q,PRINCIPAL,,
,8.0,,,2026-06-28 23:28:03,5,atuador,BOMBA-F,PRINCIPAL,,
TQ-MIX-TT,56.7998,C,OK,2026-06-28 23:28:08,6,leitura,,,,
TQ-MIX-LT,51.04,%,OK,2026-06-28 23:28:08,6,leitura,,,,
TQ-MIX-PT,2.0208,BAR,OK,2026-06-28 23:28:08,6,leitura,,,,
RES-Q-TT,74.5395,C,OK,2026-06-28 23:28:08,6,leitura,,,,
RES-F-TT,15.407,C,OK,2026-06-28 23:28:08,6,leitura,,,,
,28.0,,,2026-06-28 23:28:08,6,atuador,BOMBA-Q,PRINCIPAL,,
,28.0,,,2026-06-28 23:28:08,6,atuador,BOMBA-F,PRINCIPAL,,
TQ-MIX-TT,36.1642,C,OK,2026-06-28 23:28:13,7,leitura,,,,
TQ-MIX-LT,51.96,%,OK,2026-06-28 23:28:13,7,leitura,,,,
TQ-MIX-PT,2.0392,BAR,OK,2026-06-28 23:28:13,7,leitura,,,,
RES-Q-TT,74.8408,C,OK,2026-06-28 23:28:13,7,leitura,,,,
RES-F-TT,15.3383,C,OK,2026-06-28 23:28:13,7,leitura,,,,
,28.0,,,2026-06-28 23:28:13,7,atuador,BOMBA-Q,PRINCIPAL,,
,28.0,,,2026-06-28 23:28:13,7,atuador,BOMBA-F,PRINCIPAL,,
TQ-MIX-TT,39.2562,C,OK,2026-06-28 23:28:18,8,leitura,,,,
TQ-MIX-LT,52.88,%,OK,2026-06-28 23:28:18,8,leitura,,,,
TQ-MIX-PT,2.0576,BAR,OK,2026-06-28 23:28:18,8,leitura,,,,
RES-Q-TT,74.8275,C,OK,2026-06-28 23:28:18,8,leitura,,,,
RES-F-TT,15.542,C,OK,2026-06-28 23:28:18,8,leitura,,,,
,28.0,,,2026-06-28 23:28:18,8,atuador,BOMBA-Q,PRINCIPAL,,
,28.0,,,2026-06-28 23:28:18,8,atuador,BOMBA-F,PRINCIPAL,,
TQ-MIX-TT,36.196,C,OK,2026-06-28 23:28:23,9,leitura,,,,
TQ-MIX-LT,53.8,%,OK,2026-06-28 23:28:23,9,leitura,,,,
TQ-MIX-PT,2.076,BAR,OK,2026-06-28 23:28:23,9,leitura,,,,
RES-Q-TT,74.9099,C,OK,2026-06-28 23:28:23,9,leitura,,,,
RES-F-TT,15.35,C,OK,2026-06-28 23:28:23,9,leitura,,,,
,28.0,,,2026-06-28 23:28:23,9,atuador,BOMBA-Q,PRINCIPAL,,
,28.0,,,2026-06-28 23:28:23,9,atuador,BOMBA-F,PRINCIPAL,,
TQ-MIX-TT,39.2187,C,OK,2026-06-28 23:28:28,10,leitura,,,,
TQ-MIX-LT,54.72,%,OK,2026-06-28 23:28:28,10,leitura,,,,
TQ-MIX-PT,2.0944,BAR,OK,2026-06-28 23:28:28,10,leitura,,,,
RES-Q-TT,75.0247,C,OK,2026-06-28 23:28:28,10,leitura,,,,
RES-F-TT,15.3481,C,OK,2026-06-28 23:28:28,10,leitura,,,,
,28.0,,,2026-06-28 23:28:28,10,atuador,BOMBA-Q,PRINCIPAL,,
,28.0,,,2026-06-28 23:28:28,10,atuador,BOMBA-F,PRINCIPAL,,
TQ-MIX-TT,36.2655,C,OK,2026-06-28 23:28:33,11,leitura,,,,
TQ-MIX-LT,55.64,%,OK,2026-06-28 23:28:33,11,leitura,,,,
TQ-MIX-PT,2.1128,BAR,OK,2026-06-28 23:28:33,11,leitura,,,,
RES-Q-TT,75.2293,C,OK,2026-06-28 23:28:33,11,leitura,,,,
RES-F-TT,15.285,C,OK,2026-06-28 23:28:33,11,leitura,,,,
,28.0,,,2026-06-28 23:28:33,11,atuador,BOMBA-Q,PRINCIPAL,,
,28.0,,,2026-06-28 23:28:33,11,atuador,BOMBA-F,PRINCIPAL,,
TQ-MIX-TT,39.0527,C,OK,2026-06-28 23:28:38,12,leitura,,,,
TQ-MIX-LT,56.56,%,OK,2026-06-28 23:28:38,12,leitura,,,,
TQ-MIX-PT,2.1312,BAR,OK,2026-06-28 23:28:38,12,leitura,,,,
RES-Q-TT,75.1396,C,OK,2026-06-28 23:28:38,12,leitura,,,,
RES-F-TT,14.9947,C,OK,2026-06-28 23:28:38,12,leitura,,,,
,28.0,,,2026-06-28 23:28:38,12,atuador,BOMBA-Q,PRINCIPAL,,
,28.0,,,2026-06-28 23:28:38,12,atuador,BOMBA-F,PRINCIPAL,,
TQ-MIX-TT,36.1158,C,OK,2026-06-28 23:28:43,13,leitura,,,,
TQ-MIX-LT,57.48,%,OK,2026-06-28 23:28:43,13,leitura,,,,
TQ-MIX-PT,2.1496,BAR,OK,2026-06-28 23:28:43,13,leitura,,,,
RES-Q-TT,75.1793,C,OK,2026-06-28 23:28:43,13,leitura,,,,
RES-F-TT,15.0816,C,OK,2026-06-28 23:28:43,13,leitura,,,,
,28.0,,,2026-06-28 23:28:43,13,atuador,BOMBA-Q,PRINCIPAL,,
,28.0,,,2026-06-28 23:28:43,13,atuador,BOMBA-F,PRINCIPAL,,
TQ-MIX-TT,39.1052,C,OK,2026-06-28 23:28:48,14,leitura,,,,
TQ-MIX-LT,58.4,%,OK,2026-06-28 23:28:48,14,leitura,,,,
TQ-MIX-PT,2.168,BAR,OK,2026-06-28 23:28:48,14,leitura,,,,
RES-F-TT,15.0558,C,OK,2026-06-28 23:28:48,14,leitura,,,,
,28.0,,,2026-06-28 23:28:48,14,atuador,BOMBA-Q,PRINCIPAL,,
,28.0,,,2026-06-28 23:28:48,14,atuador,BOMBA-F,PRINCIPAL,,
TQ-MIX-TT,35.8498,C,OK,2026-06-28 23:28:53,15,leitura,,,,
TQ-MIX-LT,59.32,%,OK,2026-06-28 23:28:53,15,leitura,,,,
TQ-MIX-PT,2.1864,BAR,OK,2026-06-28 23:28:53,15,leitura,,,,
RES-Q-TT,74.8663,C,OK,2026-06-28 23:28:53,15,leitura,,,,
RES-F-TT,14.841,C,OK,2026-06-28 23:28:53,15,leitura,,,,
,28.0,,,2026-06-28 23:28:53,15,atuador,BOMBA-Q,PRINCIPAL,,
,28.0,,,2026-06-28 23:28:53,15,atuador,BOMBA-F,PRINCIPAL,,
TQ-MIX-TT,38.3865,C,OK,2026-06-28 23:28:58,16,leitura,,,,
TQ-MIX-LT,59.44,%,OK,2026-06-28 23:28:58,16,leitura,,,,
TQ-MIX-PT,2.1888,BAR,OK,2026-06-28 23:28:58,16,leitura,,,,
RES-Q-TT,74.9221,C,OK,2026-06-28 23:28:58,16,leitura,,,,
RES-F-TT,15.0277,C,OK,2026-06-28 23:28:58,16,leitura,,,,
,28.0,,,2026-06-28 23:28:58,16,atuador,BOMBA-Q,PRINCIPAL,,
,8.0,,,2026-06-28 23:28:58,16,atuador,BOMBA-F,PRINCIPAL,,
TQ-MIX-TT,58.992,C,OK,2026-06-28 23:29:03,17,leitura,,,,
TQ-MIX-LT,59.912,%,OK,2026-06-28 23:29:03,17,leitura,,,,
TQ-MIX-PT,2.19824,BAR,OK,2026-06-28 23:29:03,17,leitura,,,,
RES-Q-TT,75.0501,C,OK,2026-06-28 23:29:03,17,leitura,,,,
RES-F-TT,14.8323,C,OK,2026-06-28 23:29:03,17,leitura,,,,
,28.0,,,2026-06-28 23:29:03,17,atuador,BOMBA-Q,PRINCIPAL,,
,28.0,,,2026-06-28 23:29:03,17,atuador,BOMBA-F,PRINCIPAL,,
TQ-MIX-TT,38.2176,C,OK,2026-06-28 23:29:08,18,leitura,,,,
TQ-MIX-LT,60.832,%,OK,2026-06-28 23:29:08,18,leitura,,,,
TQ-MIX-PT,2.21664,BAR,OK,2026-06-28 23:29:08,18,leitura,,,,
RES-Q-TT,74.7935,C,OK,2026-06-28 23:29:08,18,leitura,,,,
RES-F-TT,14.833,C,OK,2026-06-28 23:29:08,18,leitura,,,,
,28.0,,,2026-06-28 23:29:08,18,atuador,BOMBA-Q,PRINCIPAL,,
,28.0,,,2026-06-28 23:29:08,18,atuador,BOMBA-F,PRINCIPAL,,
TQ-MIX-TT,41.1503,C,OK,2026-06-28 23:29:13,19,leitura,,,,
TQ-MIX-LT,61.752,%,OK,2026-06-28 23:29:13,19,leitura,,,,
TQ-MIX-PT,2.23504,BAR,OK,2026-06-28 23:29:13,19,leitura,,,,
RES-Q-TT,74.7997,C,OK,2026-06-28 23:29:13,19,leitura,,,,
RES-F-TT,14.711500000000001,C,OK,2026-06-28 23:29:13,19,leitura,,,,
,28.0,,,2026-06-28 23:29:13,19,atuador,BOMBA-Q,PRINCIPAL,,
,28.0,,,2026-06-28 23:29:13,19,atuador,BOMBA-F,PRINCIPAL,,
TQ-MIX-TT,38.1299,C,OK,2026-06-28 23:29:18,20,leitura,,,,
TQ-MIX-LT,62.672,%,OK,2026-06-28 23:29:18,20,leitura,,,,
TQ-MIX-PT,2.25344,BAR,OK,2026-06-28 23:29:18,20,leitura,,,,
RES-Q-TT,74.7714,C,OK,2026-06-28 23:29:18,20,leitura,,,,
RES-F-TT,14.7034,C,OK,2026-06-28 23:29:18,20,leitura,,,,
,28.0,,,2026-06-28 23:29:18,20,atuador,BOMBA-Q,PRINCIPAL,,
,28.0,,,2026-06-28 23:29:18,20,atuador,BOMBA-F,PRINCIPAL,,
TQ-MIX-TT,41.0916,C,OK,2026-06-28 23:29:23,21,leitura,,,,
TQ-MIX-LT,63.592,%,OK,2026-06-28 23:29:23,21,leitura,,,,
TQ-MIX-PT,2.27184,BAR,OK,2026-06-28 23:29:23,21,leitura,,,,
RES-Q-TT,75.042,C,OK,2026-06-28 23:29:23,21,leitura,,,,
RES-F-TT,14.4163,C,OK,2026-06-28 23:29:23,21,leitura,,,,
,28.0,,,2026-06-28 23:29:23,21,atuador,BOMBA-Q,PRINCIPAL,,
,28.0,,,2026-06-28 23:29:23,21,atuador,BOMBA-F,PRINCIPAL,,
TQ-MIX-TT,38.2457,C,OK,2026-06-28 23:29:28,22,leitura,,,,
TQ-MIX-LT,64.512,%,OK,2026-06-28 23:29:28,22,leitura,,,,
TQ-MIX-PT,2.29024,BAR,OK,2026-06-28 23:29:28,22,leitura,,,,
RES-Q-TT,75.117,C,OK,2026-06-28 23:29:28,22,leitura,,,,
RES-F-TT,14.6723,C,OK,2026-06-28 23:29:28,22,leitura,,,,
,28.0,,,2026-06-28 23:29:28,22,atuador,BOMBA-Q,PRINCIPAL,,
,28.0,,,2026-06-28 23:29:28,22,atuador,BOMBA-F,PRINCIPAL,,
